run_id,source,file,sheet,row_number,record_key,stage,rule,field,status,severity,actual,expected,error_type,technical_error,message,recommended_action,validated_at
ING-20261004_154838,general_ledger,general_ledger.xlsx,Sheet1,2,journal_id=OPEN-001|account_code=1010,DATA_VALIDATION,DATE_STORED_AS_TEXT,posting_date,FAIL,WARNING,2026-01-01,An Excel date cell.,,,"'posting_date' holds a valid date, but it is stored as text rather than an Excel date.",No action needed for loading; the value will be converted. Ask the source system owner to export dates as date cells.,2026-10-09T15:32:09
ING-20261004_154838,general_ledger,general_ledger.xlsx,Sheet1,3,journal_id=OPEN-002|account_code=1200,DATA_VALIDATION,DATE_STORED_AS_TEXT,posting_date,FAIL,WARNING,2026-01-01,An Excel date cell.,,,"'posting_date' holds a valid date, but it is stored as text rather than an Excel date.",No action needed for loading; the value will be converted. Ask the source system owner to export dates as date cells.,2026-10-09T15:32:09
ING-20261004_154838,general_ledger,general_ledger.xlsx,Sheet1,4,journal_id=OPEN-003|account_code=1500,DATA_VALIDATION,DATE_STORED_AS_TEXT,posting_date,FAIL,WARNING,2026-01-01,An Excel date cell.,,,"'posting_date' holds a valid date, but it is stored as text rather than an Excel date.",No action needed for loading; the value will be converted. Ask the source system owner to export dates as date cells.,2026-10-09T15:32:09
ING-20261004_154838,general_ledger,general_ledger.xlsx,Sheet1,5,journal_id=OPEN-004|account_code=1510,DATA_VALIDATION,DATE_STORED_AS_TEXT,posting_date,FAIL,WARNING,2026-01-01,An Excel date cell.,,,"'posting_date' holds a valid date, but it is stored as text rather than an Excel date.",No action needed for loading; the value will be converted. Ask the source system owner to export dates as date cells.,2026-10-09T15:32:09
ING-20261004_154838,general_ledger,general_ledger.xlsx,Sheet1,6,journal_id=OPEN-005|account_code=1520,DATA_VALIDATION,DATE_STORED_AS_TEXT,posting_date,FAIL,WARNING,2026-01-01,An Excel date cell.,,,"'posting_date' holds a valid date, but it is stored as text rather than an Excel date.",No action needed for loading; the value will be converted. Ask the source system owner to export dates as date cells.,2026-10-09T15:32:09
ING-20261004_154838,general_ledger,general_ledger.xlsx,Sheet1,7,journal_id=OPEN-006|account_code=1590,DATA_VALIDATION,DATE_STORED_AS_TEXT,posting_date,FAIL,WARNING,2026-01-01,An Excel date cell.,,,"'posting_date' holds a valid date, but it is stored as text rather than an Excel date.",No action needed for loading; the value will be converted. Ask the source system owner to export dates as date cells.,2026-10-09T15:32:09
ING-20261004_154838,general_ledger,general_ledger.xlsx,Sheet1,8,journal_id=OPEN-007|account_code=2000,DATA_VALIDATION,DATE_STORED_AS_TEXT,posting_date,FAIL,WARNING,2026-01-01,An Excel date cell.,,,"'posting_date' holds a valid date, but it is stored as text rather than an Excel date.",No action needed for loading; the value will be converted. Ask the source system owner to export dates as date cells.,2026-10-09T15:32:09
ING-20261004_154838,general_ledger,general_ledger.xlsx,Sheet1,9,journal_id=OPEN-008|account_code=2200,DATA_VALIDATION,DATE_STORED_AS_TEXT,posting_date,FAIL,WARNING,2026-01-01,An Excel date cell.,,,"'posting_date' holds a valid date, but it is stored as text rather than an Excel date.",No action needed for loading; the value will be converted. Ask the source system owner to export dates as date cells.,2026-10-09T15:32:09
ING-20261004_154838,general_ledger,general_ledger.xlsx,Sheet1,10,journal_id=OPEN-009|account_code=3000,DATA_VALIDATION,DATE_STORED_AS_TEXT,posting_date,FAIL,WARNING,2026-01-01,An Excel date cell.,,,"'posting_date' holds a valid date, but it is stored as text rather than an Excel date.",No action needed for loading; the value will be converted. Ask the source system owner to export dates as date cells.,2026-10-09T15:32:09
ING-20261004_154838,general_ledger,general_ledger.xlsx,Sheet1,11,journal_id=OPEN-010|account_code=3100,DATA_VALIDATION,DATE_STORED_AS_TEXT,posting_date,FAIL,WARNING,2026-01-01,An Excel date cell.,,,"'posting_date' holds a valid date, but it is stored as text rather than an Excel date.",No action needed for loading; the value will be converted. Ask the source system owner to export dates as date cells.,2026-10-09T15:32:09
ING-20261004_154838,general_ledger,general_ledger.xlsx,Sheet1,121886,journal_id=JRN000060938|account_code=2050,DATA_VALIDATION,DATE_STORED_AS_TEXT,posting_date,FAIL,WARNING,2026-12-31,An Excel date cell.,,,"'posting_date' holds a valid date, but it is stored as text rather than an Excel date.",No action needed for loading; the value will be converted. Ask the source system owner to export dates as date cells.,2026-10-09T15:32:09
ING-20261004_154838,general_ledger,general_ledger.xlsx,Sheet1,121887,journal_id=JRN000060938|account_code=4200,DATA_VALIDATION,DATE_STORED_AS_TEXT,posting_date,FAIL,WARNING,2026-12-31,An Excel date cell.,,,"'posting_date' holds a valid date, but it is stored as text rather than an Excel date.",No action needed for loading; the value will be converted. Ask the source system owner to export dates as date cells.,2026-10-09T15:32:09
ING-20261004_154838,general_ledger,general_ledger.xlsx,Sheet1,121888,journal_id=JRN000060939|account_code=2050,DATA_VALIDATION,DATE_STORED_AS_TEXT,posting_date,FAIL,WARNING,2026-03-31,An Excel date cell.,,,"'posting_date' holds a valid date, but it is stored as text rather than an Excel date.",No action needed for loading; the value will be converted. Ask the source system owner to export dates as date cells.,2026-10-09T15:32:09
ING-20261004_154838,general_ledger,general_ledger.xlsx,Sheet1,121889,journal_id=JRN000060939|account_code=4200,DATA_VALIDATION,DATE_STORED_AS_TEXT,posting_date,FAIL,WARNING,2026-03-31,An Excel date cell.,,,"'posting_date' holds a valid date, but it is stored as text rather than an Excel date.",No action needed for loading; the value will be converted. Ask the source system owner to export dates as date cells.,2026-10-09T15:32:09
ING-20261004_154838,general_ledger,general_ledger.xlsx,Sheet1,121890,journal_id=JRN000060940|account_code=2050,DATA_VALIDATION,DATE_STORED_AS_TEXT,posting_date,FAIL,WARNING,2026-09-30,An Excel date cell.,,,"'posting_date' holds a valid date, but it is stored as text rather than an Excel date.",No action needed for loading; the value will be converted. Ask the source system owner to export dates as date cells.,2026-10-09T15:32:09
ING-20261004_154838,general_ledger,general_ledger.xlsx,Sheet1,121891,journal_id=JRN000060940|account_code=4200,DATA_VALIDATION,DATE_STORED_AS_TEXT,posting_date,FAIL,WARNING,2026-09-30,An Excel date cell.,,,"'posting_date' holds a valid date, but it is stored as text rather than an Excel date.",No action needed for loading; the value will be converted. Ask the source system owner to export dates as date cells.,2026-10-09T15:32:09
ING-20261004_154838,general_ledger,general_ledger.xlsx,Sheet1,121892,journal_id=JRN000060941|account_code=2050,DATA_VALIDATION,DATE_STORED_AS_TEXT,posting_date,FAIL,WARNING,2026-12-31,An Excel date cell.,,,"'posting_date' holds a valid date, but it is stored as text rather than an Excel date.",No action needed for loading; the value will be converted. Ask the source system owner to export dates as date cells.,2026-10-09T15:32:09
ING-20261004_154838,general_ledger,general_ledger.xlsx,Sheet1,121893,journal_id=JRN000060941|account_code=4200,DATA_VALIDATION,DATE_STORED_AS_TEXT,posting_date,FAIL,WARNING,2026-12-31,An Excel date cell.,,,"'posting_date' holds a valid date, but it is stored as text rather than an Excel date.",No action needed for loading; the value will be converted. Ask the source system owner to export dates as date cells.,2026-10-09T15:32:09
ING-20261004_154838,general_ledger,general_ledger.xlsx,Sheet1,121894,journal_id=JRN000060942|account_code=2050,DATA_VALIDATION,DATE_STORED_AS_TEXT,posting_date,FAIL,WARNING,2026-03-31,An Excel date cell.,,,"'posting_date' holds a valid date, but it is stored as text rather than an Excel date.",No action needed for loading; the value will be converted. Ask the source system owner to export dates as date cells.,2026-10-09T15:32:09
ING-20261004_154838,general_ledger,general_ledger.xlsx,Sheet1,121895,journal_id=JRN000060942|account_code=4200,DATA_VALIDATION,DATE_STORED_AS_TEXT,posting_date,FAIL,WARNING,2026-03-31,An Excel date cell.,,,"'posting_date' holds a valid date, but it is stored as text rather than an Excel date.",No action needed for loading; the value will be converted. Ask the source system owner to export dates as date cells.,2026-10-09T15:32:09
ING-20261004_154838,general_ledger,general_ledger.xlsx,Sheet1,121896,journal_id=JRN000060943|account_code=2050,DATA_VALIDATION,DATE_STORED_AS_TEXT,posting_date,FAIL,WARNING,2026-09-30,An Excel date cell.,,,"'posting_date' holds a valid date, but it is stored as text rather than an Excel date.",No action needed for loading; the value will be converted. Ask the source system owner to export dates as date cells.,2026-10-09T15:32:09
ING-20261004_154838,general_ledger,general_ledger.xlsx,Sheet1,121897,journal_id=JRN000060943|account_code=4200,DATA_VALIDATION,DATE_STORED_AS_TEXT,posting_date,FAIL,WARNING,2026-09-30,An Excel date cell.,,,"'posting_date' holds a valid date, but it is stored as text rather than an Excel date.",No action needed for loading; the value will be converted. Ask the source system owner to export dates as date cells.,2026-10-09T15:32:09
ING-20261004_154838,general_ledger,general_ledger.xlsx,Sheet1,121898,journal_id=JRN000060944|account_code=2050,DATA_VALIDATION,DATE_STORED_AS_TEXT,posting_date,FAIL,WARNING,2026-12-31,An Excel date cell.,,,"'posting_date' holds a valid date, but it is stored as text rather than an Excel date.",No action needed for loading; the value will be converted. Ask the source system owner to export dates as date cells.,2026-10-09T15:32:09
ING-20261004_154838,general_ledger,general_ledger.xlsx,Sheet1,121899,journal_id=JRN000060944|account_code=4200,DATA_VALIDATION,DATE_STORED_AS_TEXT,posting_date,FAIL,WARNING,2026-12-31,An Excel date cell.,,,"'posting_date' holds a valid date, but it is stored as text rather than an Excel date.",No action needed for loading; the value will be converted. Ask the source system owner to export dates as date cells.,2026-10-09T15:32:09
ING-20261004_154838,general_ledger,general_ledger.xlsx,Sheet1,121900,journal_id=JRN000060945|account_code=2050,DATA_VALIDATION,DATE_STORED_AS_TEXT,posting_date,FAIL,WARNING,2026-06-30,An Excel date cell.,,,"'posting_date' holds a valid date, but it is stored as text rather than an Excel date.",No action needed for loading; the value will be converted. Ask the source system owner to export dates as date cells.,2026-10-09T15:32:09
ING-20261004_154838,general_ledger,general_ledger.xlsx,Sheet1,121901,journal_id=JRN000060945|account_code=4200,DATA_VALIDATION,DATE_STORED_AS_TEXT,posting_date,FAIL,WARNING,2026-06-30,An Excel date cell.,,,"'posting_date' holds a valid date, but it is stored as text rather than an Excel date.",No action needed for loading; the value will be converted. Ask the source system owner to export dates as date cells.,2026-10-09T15:32:09
ING-20261004_154838,general_ledger,general_ledger.xlsx,Sheet1,121902,journal_id=JRN000060946|account_code=2050,DATA_VALIDATION,DATE_STORED_AS_TEXT,posting_date,FAIL,WARNING,2026-09-30,An Excel date cell.,,,"'posting_date' holds a valid date, but it is stored as text rather than an Excel date.",No action needed for loading; the value will be converted. Ask the source system owner to export dates as date cells.,2026-10-09T15:32:09
ING-20261004_154838,general_ledger,general_ledger.xlsx,Sheet1,121903,journal_id=JRN000060946|account_code=4200,DATA_VALIDATION,DATE_STORED_AS_TEXT,posting_date,FAIL,WARNING,2026-09-30,An Excel date cell.,,,"'posting_date' holds a valid date, but it is stored as text rather than an Excel date.",No action needed for loading; the value will be converted. Ask the source system owner to export dates as date cells.,2026-10-09T15:32:09
ING-20261004_154838,general_ledger,general_ledger.xlsx,Sheet1,121904,journal_id=JRN000060947|account_code=2050,DATA_VALIDATION,DATE_STORED_AS_TEXT,posting_date,FAIL,WARNING,2026-12-31,An Excel date cell.,,,"'posting_date' holds a valid date, but it is stored as text rather than an Excel date.",No action needed for loading; the value will be converted. Ask the source system owner to export dates as date cells.,2026-10-09T15:32:09
ING-20261004_154838,general_ledger,general_ledger.xlsx,Sheet1,121905,journal_id=JRN000060947|account_code=4200,DATA_VALIDATION,DATE_STORED_AS_TEXT,posting_date,FAIL,WARNING,2026-12-31,An Excel date cell.,,,"'posting_date' holds a valid date, but it is stored as text rather than an Excel date.",No action needed for loading; the value will be converted. Ask the source system owner to export dates as date cells.,2026-10-09T15:32:09
ING-20261004_154838,general_ledger,general_ledger.xlsx,Sheet1,121906,journal_id=JRN000060948|account_code=2050,DATA_VALIDATION,DATE_STORED_AS_TEXT,posting_date,FAIL,WARNING,2026-03-31,An Excel date cell.,,,"'posting_date' holds a valid date, but it is stored as text rather than an Excel date.",No action needed for loading; the value will be converted. Ask the source system owner to export dates as date cells.,2026-10-09T15:32:09
ING-20261004_154838,general_ledger,general_ledger.xlsx,Sheet1,121907,journal_id=JRN000060948|account_code=4200,DATA_VALIDATION,DATE_STORED_AS_TEXT,posting_date,FAIL,WARNING,2026-03-31,An Excel date cell.,,,"'posting_date' holds a valid date, but it is stored as text rather than an Excel date.",No action needed for loading; the value will be converted. Ask the source system owner to export dates as date cells.,2026-10-09T15:32:09
ING-20261004_154838,general_ledger,general_ledger.xlsx,Sheet1,121908,journal_id=JRN000060949|account_code=2050,DATA_VALIDATION,DATE_STORED_AS_TEXT,posting_date,FAIL,WARNING,2026-06-30,An Excel date cell.,,,"'posting_date' holds a valid date, but it is stored as text rather than an Excel date.",No action needed for loading; the value will be converted. Ask the source system owner to export dates as date cells.,2026-10-09T15:32:09
ING-20261004_154838,general_ledger,general_ledger.xlsx,Sheet1,121909,journal_id=JRN000060949|account_code=4200,DATA_VALIDATION,DATE_STORED_AS_TEXT,posting_date,FAIL,WARNING,2026-06-30,An Excel date cell.,,,"'posting_date' holds a valid date, but it is stored as text rather than an Excel date.",No action needed for loading; the value will be converted. Ask the source system owner to export dates as date cells.,2026-10-09T15:32:09
ING-20261004_154838,general_ledger,general_ledger.xlsx,Sheet1,121910,journal_id=JRN000060950|account_code=2050,DATA_VALIDATION,DATE_STORED_AS_TEXT,posting_date,FAIL,WARNING,2026-09-30,An Excel date cell.,,,"'posting_date' holds a valid date, but it is stored as text rather than an Excel date.",No action needed for loading; the value will be converted. Ask the source system owner to export dates as date cells.,2026-10-09T15:32:09
ING-20261004_154838,general_ledger,general_ledger.xlsx,Sheet1,121911,journal_id=JRN000060950|account_code=4200,DATA_VALIDATION,DATE_STORED_AS_TEXT,posting_date,FAIL,WARNING,2026-09-30,An Excel date cell.,,,"'posting_date' holds a valid date, but it is stored as text rather than an Excel date.",No action needed for loading; the value will be converted. Ask the source system owner to export dates as date cells.,2026-10-09T15:32:09
ING-20261004_154838,general_ledger,general_ledger.xlsx,Sheet1,121912,journal_id=JRN000060951|account_code=2050,DATA_VALIDATION,DATE_STORED_AS_TEXT,posting_date,FAIL,WARNING,2026-12-31,An Excel date cell.,,,"'posting_date' holds a valid date, but it is stored as text rather than an Excel date.",No action needed for loading; the value will be converted. Ask the source system owner to export dates as date cells.,2026-10-09T15:32:09
ING-20261004_154838,general_ledger,general_ledger.xlsx,Sheet1,121913,journal_id=JRN000060951|account_code=4200,DATA_VALIDATION,DATE_STORED_AS_TEXT,posting_date,FAIL,WARNING,2026-12-31,An Excel date cell.,,,"'posting_date' holds a valid date, but it is stored as text rather than an Excel date.",No action needed for loading; the value will be converted. Ask the source system owner to export dates as date cells.,2026-10-09T15:32:09
ING-20261004_154838,general_ledger,general_ledger.xlsx,Sheet1,121914,journal_id=JRN000060952|account_code=2050,DATA_VALIDATION,DATE_STORED_AS_TEXT,posting_date,FAIL,WARNING,2026-03-31,An Excel date cell.,,,"'posting_date' holds a valid date, but it is stored as text rather than an Excel date.",No action needed for loading; the value will be converted. Ask the source system owner to export dates as date cells.,2026-10-09T15:32:09
ING-20261004_154838,general_ledger,general_ledger.xlsx,Sheet1,121915,journal_id=JRN000060952|account_code=4200,DATA_VALIDATION,DATE_STORED_AS_TEXT,posting_date,FAIL,WARNING,2026-03-31,An Excel date cell.,,,"'posting_date' holds a valid date, but it is stored as text rather than an Excel date.",No action needed for loading; the value will be converted. Ask the source system owner to export dates as date cells.,2026-10-09T15:32:09
ING-20261004_154838,general_ledger,general_ledger.xlsx,Sheet1,121916,journal_id=JRN000060953|account_code=2050,DATA_VALIDATION,DATE_STORED_AS_TEXT,posting_date,FAIL,WARNING,2026-06-30,An Excel date cell.,,,"'posting_date' holds a valid date, but it is stored as text rather than an Excel date.",No action needed for loading; the value will be converted. Ask the source system owner to export dates as date cells.,2026-10-09T15:32:09
ING-20261004_154838,general_ledger,general_ledger.xlsx,Sheet1,121917,journal_id=JRN000060953|account_code=4200,DATA_VALIDATION,DATE_STORED_AS_TEXT,posting_date,FAIL,WARNING,2026-06-30,An Excel date cell.,,,"'posting_date' holds a valid date, but it is stored as text rather than an Excel date.",No action needed for loading; the value will be converted. Ask the source system owner to export dates as date cells.,2026-10-09T15:32:09
ING-20261004_154838,general_ledger,general_ledger.xlsx,Sheet1,121918,journal_id=JRN000060954|account_code=2050,DATA_VALIDATION,DATE_STORED_AS_TEXT,posting_date,FAIL,WARNING,2026-12-31,An Excel date cell.,,,"'posting_date' holds a valid date, but it is stored as text rather than an Excel date.",No action needed for loading; the value will be converted. Ask the source system owner to export dates as date cells.,2026-10-09T15:32:09
ING-20261004_154838,general_ledger,general_ledger.xlsx,Sheet1,121919,journal_id=JRN000060954|account_code=4200,DATA_VALIDATION,DATE_STORED_AS_TEXT,posting_date,FAIL,WARNING,2026-12-31,An Excel date cell.,,,"'posting_date' holds a valid date, but it is stored as text rather than an Excel date.",No action needed for loading; the value will be converted. Ask the source system owner to export dates as date cells.,2026-10-09T15:32:09
ING-20261004_154838,general_ledger,general_ledger.xlsx,Sheet1,121920,journal_id=JRN000060955|account_code=2050,DATA_VALIDATION,DATE_STORED_AS_TEXT,posting_date,FAIL,WARNING,2026-12-31,An Excel date cell.,,,"'posting_date' holds a valid date, but it is stored as text rather than an Excel date.",No action needed for loading; the value will be converted. Ask the source system owner to export dates as date cells.,2026-10-09T15:32:09
ING-20261004_154838,general_ledger,general_ledger.xlsx,Sheet1,121921,journal_id=JRN000060955|account_code=4200,DATA_VALIDATION,DATE_STORED_AS_TEXT,posting_date,FAIL,WARNING,2026-12-31,An Excel date cell.,,,"'posting_date' holds a valid date, but it is stored as text rather than an Excel date.",No action needed for loading; the value will be converted. Ask the source system owner to export dates as date cells.,2026-10-09T15:32:09
ING-20261004_154838,general_ledger,general_ledger.xlsx,Sheet1,121922,journal_id=JRN000060956|account_code=2050,DATA_VALIDATION,DATE_STORED_AS_TEXT,posting_date,FAIL,WARNING,2026-12-31,An Excel date cell.,,,"'posting_date' holds a valid date, but it is stored as text rather than an Excel date.",No action needed for loading; the value will be converted. Ask the source system owner to export dates as date cells.,2026-10-09T15:32:09
ING-20261004_154838,general_ledger,general_ledger.xlsx,Sheet1,121923,journal_id=JRN000060956|account_code=4200,DATA_VALIDATION,DATE_STORED_AS_TEXT,posting_date,FAIL,WARNING,2026-12-31,An Excel date cell.,,,"'posting_date' holds a valid date, but it is stored as text rather than an Excel date.",No action needed for loading; the value will be converted. Ask the source system owner to export dates as date cells.,2026-10-09T15:32:09
ING-20261004_154838,general_ledger,general_ledger.xlsx,Sheet1,121924,journal_id=JRN000060957|account_code=2050,DATA_VALIDATION,DATE_STORED_AS_TEXT,posting_date,FAIL,WARNING,2026-03-31,An Excel date cell.,,,"'posting_date' holds a valid date, but it is stored as text rather than an Excel date.",No action needed for loading; the value will be converted. Ask the source system owner to export dates as date cells.,2026-10-09T15:32:09
ING-20261004_154838,general_ledger,general_ledger.xlsx,Sheet1,121925,journal_id=JRN000060957|account_code=4200,DATA_VALIDATION,DATE_STORED_AS_TEXT,posting_date,FAIL,WARNING,2026-03-31,An Excel date cell.,,,"'posting_date' holds a valid date, but it is stored as text rather than an Excel date.",No action needed for loading; the value will be converted. Ask the source system owner to export dates as date cells.,2026-10-09T15:32:09
ING-20261004_154838,general_ledger,general_ledger.xlsx,Sheet1,121926,journal_id=JRN000060958|account_code=2050,DATA_VALIDATION,DATE_STORED_AS_TEXT,posting_date,FAIL,WARNING,2026-09-30,An Excel date cell.,,,"'posting_date' holds a valid date, but it is stored as text rather than an Excel date.",No action needed for loading; the value will be converted. Ask the source system owner to export dates as date cells.,2026-10-09T15:32:09
ING-20261004_154838,general_ledger,general_ledger.xlsx,Sheet1,121927,journal_id=JRN000060958|account_code=4200,DATA_VALIDATION,DATE_STORED_AS_TEXT,posting_date,FAIL,WARNING,2026-09-30,An Excel date cell.,,,"'posting_date' holds a valid date, but it is stored as text rather than an Excel date.",No action needed for loading; the value will be converted. Ask the source system owner to export dates as date cells.,2026-10-09T15:32:09
ING-20261004_154838,general_ledger,general_ledger.xlsx,Sheet1,121928,journal_id=JRN000060959|account_code=2050,DATA_VALIDATION,DATE_STORED_AS_TEXT,posting_date,FAIL,WARNING,2026-12-31,An Excel date cell.,,,"'posting_date' holds a valid date, but it is stored as text rather than an Excel date.",No action needed for loading; the value will be converted. Ask the source system owner to export dates as date cells.,2026-10-09T15:32:09
ING-20261004_154838,general_ledger,general_ledger.xlsx,Sheet1,121929,journal_id=JRN000060959|account_code=4200,DATA_VALIDATION,DATE_STORED_AS_TEXT,posting_date,FAIL,WARNING,2026-12-31,An Excel date cell.,,,"'posting_date' holds a valid date, but it is stored as text rather than an Excel date.",No action needed for loading; the value will be converted. Ask the source system owner to export dates as date cells.,2026-10-09T15:32:09
ING-20261004_154838,general_ledger,general_ledger.xlsx,Sheet1,121930,journal_id=JRN000060960|account_code=2050,DATA_VALIDATION,DATE_STORED_AS_TEXT,posting_date,FAIL,WARNING,2026-03-31,An Excel date cell.,,,"'posting_date' holds a valid date, but it is stored as text rather than an Excel date.",No action needed for loading; the value will be converted. Ask the source system owner to export dates as date cells.,2026-10-09T15:32:09
ING-20261004_154838,general_ledger,general_ledger.xlsx,Sheet1,121931,journal_id=JRN000060960|account_code=4200,DATA_VALIDATION,DATE_STORED_AS_TEXT,posting_date,FAIL,WARNING,2026-03-31,An Excel date cell.,,,"'posting_date' holds a valid date, but it is stored as text rather than an Excel date.",No action needed for loading; the value will be converted. Ask the source system owner to export dates as date cells.,2026-10-09T15:32:09
ING-20261004_154838,general_ledger,general_ledger.xlsx,Sheet1,121932,journal_id=JRN000060961|account_code=2050,DATA_VALIDATION,DATE_STORED_AS_TEXT,posting_date,FAIL,WARNING,2026-06-30,An Excel date cell.,,,"'posting_date' holds a valid date, but it is stored as text rather than an Excel date.",No action needed for loading; the value will be converted. Ask the source system owner to export dates as date cells.,2026-10-09T15:32:09
ING-20261004_154838,general_ledger,general_ledger.xlsx,Sheet1,121933,journal_id=JRN000060961|account_code=4200,DATA_VALIDATION,DATE_STORED_AS_TEXT,posting_date,FAIL,WARNING,2026-06-30,An Excel date cell.,,,"'posting_date' holds a valid date, but it is stored as text rather than an Excel date.",No action needed for loading; the value will be converted. Ask the source system owner to export dates as date cells.,2026-10-09T15:32:09
ING-20261004_154838,general_ledger,general_ledger.xlsx,Sheet1,121934,journal_id=JRN000060962|account_code=2050,DATA_VALIDATION,DATE_STORED_AS_TEXT,posting_date,FAIL,WARNING,2026-09-30,An Excel date cell.,,,"'posting_date' holds a valid date, but it is stored as text rather than an Excel date.",No action needed for loading; the value will be converted. Ask the source system owner to export dates as date cells.,2026-10-09T15:32:09
ING-20261004_154838,general_ledger,general_ledger.xlsx,Sheet1,121935,journal_id=JRN000060962|account_code=4200,DATA_VALIDATION,DATE_STORED_AS_TEXT,posting_date,FAIL,WARNING,2026-09-30,An Excel date cell.,,,"'posting_date' holds a valid date, but it is stored as text rather than an Excel date.",No action needed for loading; the value will be converted. Ask the source system owner to export dates as date cells.,2026-10-09T15:32:09
ING-20261004_154838,general_ledger,general_ledger.xlsx,Sheet1,121936,journal_id=JRN000060963|account_code=2050,DATA_VALIDATION,DATE_STORED_AS_TEXT,posting_date,FAIL,WARNING,2026-09-30,An Excel date cell.,,,"'posting_date' holds a valid date, but it is stored as text rather than an Excel date.",No action needed for loading; the value will be converted. Ask the source system owner to export dates as date cells.,2026-10-09T15:32:09
ING-20261004_154838,general_ledger,general_ledger.xlsx,Sheet1,121937,journal_id=JRN000060963|account_code=4200,DATA_VALIDATION,DATE_STORED_AS_TEXT,posting_date,FAIL,WARNING,2026-09-30,An Excel date cell.,,,"'posting_date' holds a valid date, but it is stored as text rather than an Excel date.",No action needed for loading; the value will be converted. Ask the source system owner to export dates as date cells.,2026-10-09T15:32:09
ING-20261004_154838,general_ledger,general_ledger.xlsx,Sheet1,121938,journal_id=JRN000060964|account_code=2050,DATA_VALIDATION,DATE_STORED_AS_TEXT,posting_date,FAIL,WARNING,2026-12-31,An Excel date cell.,,,"'posting_date' holds a valid date, but it is stored as text rather than an Excel date.",No action needed for loading; the value will be converted. Ask the source system owner to export dates as date cells.,2026-10-09T15:32:09
ING-20261004_154838,general_ledger,general_ledger.xlsx,Sheet1,121939,journal_id=JRN000060964|account_code=4200,DATA_VALIDATION,DATE_STORED_AS_TEXT,posting_date,FAIL,WARNING,2026-12-31,An Excel date cell.,,,"'posting_date' holds a valid date, but it is stored as text rather than an Excel date.",No action needed for loading; the value will be converted. Ask the source system owner to export dates as date cells.,2026-10-09T15:32:09
ING-20261004_154838,general_ledger,general_ledger.xlsx,Sheet1,121940,journal_id=JRN000060965|account_code=2050,DATA_VALIDATION,DATE_STORED_AS_TEXT,posting_date,FAIL,WARNING,2026-09-30,An Excel date cell.,,,"'posting_date' holds a valid date, but it is stored as text rather than an Excel date.",No action needed for loading; the value will be converted. Ask the source system owner to export dates as date cells.,2026-10-09T15:32:09
ING-20261004_154838,general_ledger,general_ledger.xlsx,Sheet1,121941,journal_id=JRN000060965|account_code=4200,DATA_VALIDATION,DATE_STORED_AS_TEXT,posting_date,FAIL,WARNING,2026-09-30,An Excel date cell.,,,"'posting_date' holds a valid date, but it is stored as text rather than an Excel date.",No action needed for loading; the value will be converted. Ask the source system owner to export dates as date cells.,2026-10-09T15:32:09
ING-20261004_154838,general_ledger,general_ledger.xlsx,Sheet1,121942,journal_id=JRN000060966|account_code=2050,DATA_VALIDATION,DATE_STORED_AS_TEXT,posting_date,FAIL,WARNING,2026-12-31,An Excel date cell.,,,"'posting_date' holds a valid date, but it is stored as text rather than an Excel date.",No action needed for loading; the value will be converted. Ask the source system owner to export dates as date cells.,2026-10-09T15:32:09
ING-20261004_154838,general_ledger,general_ledger.xlsx,Sheet1,121943,journal_id=JRN000060966|account_code=4200,DATA_VALIDATION,DATE_STORED_AS_TEXT,posting_date,FAIL,WARNING,2026-12-31,An Excel date cell.,,,"'posting_date' holds a valid date, but it is stored as text rather than an Excel date.",No action needed for loading; the value will be converted. Ask the source system owner to export dates as date cells.,2026-10-09T15:32:09
ING-20261004_154838,general_ledger,general_ledger.xlsx,Sheet1,121944,journal_id=JRN000060967|account_code=2050,DATA_VALIDATION,DATE_STORED_AS_TEXT,posting_date,FAIL,WARNING,2026-09-30,An Excel date cell.,,,"'posting_date' holds a valid date, but it is stored as text rather than an Excel date.",No action needed for loading; the value will be converted. Ask the source system owner to export dates as date cells.,2026-10-09T15:32:09
ING-20261004_154838,general_ledger,general_ledger.xlsx,Sheet1,121945,journal_id=JRN000060967|account_code=4200,DATA_VALIDATION,DATE_STORED_AS_TEXT,posting_date,FAIL,WARNING,2026-09-30,An Excel date cell.,,,"'posting_date' holds a valid date, but it is stored as text rather than an Excel date.",No action needed for loading; the value will be converted. Ask the source system owner to export dates as date cells.,2026-10-09T15:32:09
ING-20261004_154838,general_ledger,general_ledger.xlsx,Sheet1,121946,journal_id=JRN000060968|account_code=2050,DATA_VALIDATION,DATE_STORED_AS_TEXT,posting_date,FAIL,WARNING,2026-12-31,An Excel date cell.,,,"'posting_date' holds a valid date, but it is stored as text rather than an Excel date.",No action needed for loading; the value will be converted. Ask the source system owner to export dates as date cells.,2026-10-09T15:32:09
ING-20261004_154838,general_ledger,general_ledger.xlsx,Sheet1,121947,journal_id=JRN000060968|account_code=4200,DATA_VALIDATION,DATE_STORED_AS_TEXT,posting_date,FAIL,WARNING,2026-12-31,An Excel date cell.,,,"'posting_date' holds a valid date, but it is stored as text rather than an Excel date.",No action needed for loading; the value will be converted. Ask the source system owner to export dates as date cells.,2026-10-09T15:32:09
ING-20261004_154838,general_ledger,general_ledger.xlsx,Sheet1,121948,journal_id=JRN000060969|account_code=2050,DATA_VALIDATION,DATE_STORED_AS_TEXT,posting_date,FAIL,WARNING,2026-06-30,An Excel date cell.,,,"'posting_date' holds a valid date, but it is stored as text rather than an Excel date.",No action needed for loading; the value will be converted. Ask the source system owner to export dates as date cells.,2026-10-09T15:32:09
ING-20261004_154838,general_ledger,general_ledger.xlsx,Sheet1,121949,journal_id=JRN000060969|account_code=4200,DATA_VALIDATION,DATE_STORED_AS_TEXT,posting_date,FAIL,WARNING,2026-06-30,An Excel date cell.,,,"'posting_date' holds a valid date, but it is stored as text rather than an Excel date.",No action needed for loading; the value will be converted. Ask the source system owner to export dates as date cells.,2026-10-09T15:32:09
ING-20261004_154838,general_ledger,general_ledger.xlsx,Sheet1,121950,journal_id=JRN000060970|account_code=2050,DATA_VALIDATION,DATE_STORED_AS_TEXT,posting_date,FAIL,WARNING,2026-12-31,An Excel date cell.,,,"'posting_date' holds a valid date, but it is stored as text rather than an Excel date.",No action needed for loading; the value will be converted. Ask the source system owner to export dates as date cells.,2026-10-09T15:32:09
ING-20261004_154838,general_ledger,general_ledger.xlsx,Sheet1,121951,journal_id=JRN000060970|account_code=4200,DATA_VALIDATION,DATE_STORED_AS_TEXT,posting_date,FAIL,WARNING,2026-12-31,An Excel date cell.,,,"'posting_date' holds a valid date, but it is stored as text rather than an Excel date.",No action needed for loading; the value will be converted. Ask the source system owner to export dates as date cells.,2026-10-09T15:32:09
ING-20261004_154838,general_ledger,general_ledger.xlsx,Sheet1,121952,journal_id=JRN000060971|account_code=2050,DATA_VALIDATION,DATE_STORED_AS_TEXT,posting_date,FAIL,WARNING,2026-03-31,An Excel date cell.,,,"'posting_date' holds a valid date, but it is stored as text rather than an Excel date.",No action needed for loading; the value will be converted. Ask the source system owner to export dates as date cells.,2026-10-09T15:32:09
ING-20261004_154838,general_ledger,general_ledger.xlsx,Sheet1,121953,journal_id=JRN000060971|account_code=4200,DATA_VALIDATION,DATE_STORED_AS_TEXT,posting_date,FAIL,WARNING,2026-03-31,An Excel date cell.,,,"'posting_date' holds a valid date, but it is stored as text rather than an Excel date.",No action needed for loading; the value will be converted. Ask the source system owner to export dates as date cells.,2026-10-09T15:32:09
ING-20261004_154838,general_ledger,general_ledger.xlsx,Sheet1,121954,journal_id=JRN000060972|account_code=2050,DATA_VALIDATION,DATE_STORED_AS_TEXT,posting_date,FAIL,WARNING,2026-12-31,An Excel date cell.,,,"'posting_date' holds a valid date, but it is stored as text rather than an Excel date.",No action needed for loading; the value will be converted. Ask the source system owner to export dates as date cells.,2026-10-09T15:32:09
ING-20261004_154838,general_ledger,general_ledger.xlsx,Sheet1,121955,journal_id=JRN000060972|account_code=4200,DATA_VALIDATION,DATE_STORED_AS_TEXT,posting_date,FAIL,WARNING,2026-12-31,An Excel date cell.,,,"'posting_date' holds a valid date, but it is stored as text rather than an Excel date.",No action needed for loading; the value will be converted. Ask the source system owner to export dates as date cells.,2026-10-09T15:32:09
ING-20261004_154838,general_ledger,general_ledger.xlsx,Sheet1,121956,journal_id=JRN000060973|account_code=2050,DATA_VALIDATION,DATE_STORED_AS_TEXT,posting_date,FAIL,WARNING,2026-06-30,An Excel date cell.,,,"'posting_date' holds a valid date, but it is stored as text rather than an Excel date.",No action needed for loading; the value will be converted. Ask the source system owner to export dates as date cells.,2026-10-09T15:32:09
ING-20261004_154838,general_ledger,general_ledger.xlsx,Sheet1,121957,journal_id=JRN000060973|account_code=4200,DATA_VALIDATION,DATE_STORED_AS_TEXT,posting_date,FAIL,WARNING,2026-06-30,An Excel date cell.,,,"'posting_date' holds a valid date, but it is stored as text rather than an Excel date.",No action needed for loading; the value will be converted. Ask the source system owner to export dates as date cells.,2026-10-09T15:32:09
ING-20261004_154838,general_ledger,general_ledger.xlsx,Sheet1,121958,journal_id=JRN000060974|account_code=2050,DATA_VALIDATION,DATE_STORED_AS_TEXT,posting_date,FAIL,WARNING,2026-12-31,An Excel date cell.,,,"'posting_date' holds a valid date, but it is stored as text rather than an Excel date.",No action needed for loading; the value will be converted. Ask the source system owner to export dates as date cells.,2026-10-09T15:32:09
ING-20261004_154838,general_ledger,general_ledger.xlsx,Sheet1,121959,journal_id=JRN000060974|account_code=4200,DATA_VALIDATION,DATE_STORED_AS_TEXT,posting_date,FAIL,WARNING,2026-12-31,An Excel date cell.,,,"'posting_date' holds a valid date, but it is stored as text rather than an Excel date.",No action needed for loading; the value will be converted. Ask the source system owner to export dates as date cells.,2026-10-09T15:32:09
ING-20261004_154838,general_ledger,general_ledger.xlsx,Sheet1,121960,journal_id=JRN000060975|account_code=2050,DATA_VALIDATION,DATE_STORED_AS_TEXT,posting_date,FAIL,WARNING,2026-03-31,An Excel date cell.,,,"'posting_date' holds a valid date, but it is stored as text rather than an Excel date.",No action needed for loading; the value will be converted. Ask the source system owner to export dates as date cells.,2026-10-09T15:32:09
ING-20261004_154838,general_ledger,general_ledger.xlsx,Sheet1,121961,journal_id=JRN000060975|account_code=4200,DATA_VALIDATION,DATE_STORED_AS_TEXT,posting_date,FAIL,WARNING,2026-03-31,An Excel date cell.,,,"'posting_date' holds a valid date, but it is stored as text rather than an Excel date.",No action needed for loading; the value will be converted. Ask the source system owner to export dates as date cells.,2026-10-09T15:32:09
ING-20261004_154838,general_ledger,general_ledger.xlsx,Sheet1,121962,journal_id=JRN000060976|account_code=2050,DATA_VALIDATION,DATE_STORED_AS_TEXT,posting_date,FAIL,WARNING,2026-06-30,An Excel date cell.,,,"'posting_date' holds a valid date, but it is stored as text rather than an Excel date.",No action needed for loading; the value will be converted. Ask the source system owner to export dates as date cells.,2026-10-09T15:32:09
ING-20261004_154838,general_ledger,general_ledger.xlsx,Sheet1,121963,journal_id=JRN000060976|account_code=4200,DATA_VALIDATION,DATE_STORED_AS_TEXT,posting_date,FAIL,WARNING,2026-06-30,An Excel date cell.,,,"'posting_date' holds a valid date, but it is stored as text rather than an Excel date.",No action needed for loading; the value will be converted. Ask the source system owner to export dates as date cells.,2026-10-09T15:32:09
ING-20261004_154838,general_ledger,general_ledger.xlsx,Sheet1,121964,journal_id=JRN000060977|account_code=2050,DATA_VALIDATION,DATE_STORED_AS_TEXT,posting_date,FAIL,WARNING,2026-09-30,An Excel date cell.,,,"'posting_date' holds a valid date, but it is stored as text rather than an Excel date.",No action needed for loading; the value will be converted. Ask the source system owner to export dates as date cells.,2026-10-09T15:32:09
ING-20261004_154838,general_ledger,general_ledger.xlsx,Sheet1,121965,journal_id=JRN000060977|account_code=4200,DATA_VALIDATION,DATE_STORED_AS_TEXT,posting_date,FAIL,WARNING,2026-09-30,An Excel date cell.,,,"'posting_date' holds a valid date, but it is stored as text rather than an Excel date.",No action needed for loading; the value will be converted. Ask the source system owner to export dates as date cells.,2026-10-09T15:32:09
ING-20261004_154838,general_ledger,general_ledger.xlsx,Sheet1,121966,journal_id=JRN000060978|account_code=2050,DATA_VALIDATION,DATE_STORED_AS_TEXT,posting_date,FAIL,WARNING,2026-03-31,An Excel date cell.,,,"'posting_date' holds a valid date, but it is stored as text rather than an Excel date.",No action needed for loading; the value will be converted. Ask the source system owner to export dates as date cells.,2026-10-09T15:32:09
ING-20261004_154838,general_ledger,general_ledger.xlsx,Sheet1,121967,journal_id=JRN000060978|account_code=4200,DATA_VALIDATION,DATE_STORED_AS_TEXT,posting_date,FAIL,WARNING,2026-03-31,An Excel date cell.,,,"'posting_date' holds a valid date, but it is stored as text rather than an Excel date.",No action needed for loading; the value will be converted. Ask the source system owner to export dates as date cells.,2026-10-09T15:32:09
ING-20261004_154838,general_ledger,general_ledger.xlsx,Sheet1,121968,journal_id=JRN000060979|account_code=2050,DATA_VALIDATION,DATE_STORED_AS_TEXT,posting_date,FAIL,WARNING,2026-06-30,An Excel date cell.,,,"'posting_date' holds a valid date, but it is stored as text rather than an Excel date.",No action needed for loading; the value will be converted. Ask the source system owner to export dates as date cells.,2026-10-09T15:32:09
ING-20261004_154838,general_ledger,general_ledger.xlsx,Sheet1,121969,journal_id=JRN000060979|account_code=4200,DATA_VALIDATION,DATE_STORED_AS_TEXT,posting_date,FAIL,WARNING,2026-06-30,An Excel date cell.,,,"'posting_date' holds a valid date, but it is stored as text rather than an Excel date.",No action needed for loading; the value will be converted. Ask the source system owner to export dates as date cells.,2026-10-09T15:32:09
ING-20261004_154838,general_ledger,general_ledger.xlsx,Sheet1,121970,journal_id=JRN000060980|account_code=2050,DATA_VALIDATION,DATE_STORED_AS_TEXT,posting_date,FAIL,WARNING,2026-09-30,An Excel date cell.,,,"'posting_date' holds a valid date, but it is stored as text rather than an Excel date.",No action needed for loading; the value will be converted. Ask the source system owner to export dates as date cells.,2026-10-09T15:32:09
ING-20261004_154838,general_ledger,general_ledger.xlsx,Sheet1,121971,journal_id=JRN000060980|account_code=4200,DATA_VALIDATION,DATE_STORED_AS_TEXT,posting_date,FAIL,WARNING,2026-09-30,An Excel date cell.,,,"'posting_date' holds a valid date, but it is stored as text rather than an Excel date.",No action needed for loading; the value will be converted. Ask the source system owner to export dates as date cells.,2026-10-09T15:32:09
ING-20261004_154838,general_ledger,general_ledger.xlsx,Sheet1,121972,journal_id=JRN000060981|account_code=2050,DATA_VALIDATION,DATE_STORED_AS_TEXT,posting_date,FAIL,WARNING,2026-12-31,An Excel date cell.,,,"'posting_date' holds a valid date, but it is stored as text rather than an Excel date.",No action needed for loading; the value will be converted. Ask the source system owner to export dates as date cells.,2026-10-09T15:32:09
ING-20261004_154838,general_ledger,general_ledger.xlsx,Sheet1,121973,journal_id=JRN000060981|account_code=4200,DATA_VALIDATION,DATE_STORED_AS_TEXT,posting_date,FAIL,WARNING,2026-12-31,An Excel date cell.,,,"'posting_date' holds a valid date, but it is stored as text rather than an Excel date.",No action needed for loading; the value will be converted. Ask the source system owner to export dates as date cells.,2026-10-09T15:32:09
ING-20261004_154838,general_ledger,general_ledger.xlsx,Sheet1,121974,journal_id=JRN000060982|account_code=6300,DATA_VALIDATION,DATE_STORED_AS_TEXT,posting_date,FAIL,WARNING,2026-12-31,An Excel date cell.,,,"'posting_date' holds a valid date, but it is stored as text rather than an Excel date.",No action needed for loading; the value will be converted. Ask the source system owner to export dates as date cells.,2026-10-09T15:32:09
ING-20261004_154838,general_ledger,general_ledger.xlsx,Sheet1,121975,journal_id=JRN000060982|account_code=1590,DATA_VALIDATION,DATE_STORED_AS_TEXT,posting_date,FAIL,WARNING,2026-12-31,An Excel date cell.,,,"'posting_date' holds a valid date, but it is stored as text rather than an Excel date.",No action needed for loading; the value will be converted. Ask the source system owner to export dates as date cells.,2026-10-09T15:32:09
ING-20261004_154838,general_ledger,general_ledger.xlsx,Sheet1,121976,journal_id=JRN000060983|account_code=6300,DATA_VALIDATION,DATE_STORED_AS_TEXT,posting_date,FAIL,WARNING,2026-12-31,An Excel date cell.,,,"'posting_date' holds a valid date, but it is stored as text rather than an Excel date.",No action needed for loading; the value will be converted. Ask the source system owner to export dates as date cells.,2026-10-09T15:32:09
ING-20261004_154838,general_ledger,general_ledger.xlsx,Sheet1,121977,journal_id=JRN000060983|account_code=1590,DATA_VALIDATION,DATE_STORED_AS_TEXT,posting_date,FAIL,WARNING,2026-12-31,An Excel date cell.,,,"'posting_date' holds a valid date, but it is stored as text rather than an Excel date.",No action needed for loading; the value will be converted. Ask the source system owner to export dates as date cells.,2026-10-09T15:32:09
ING-20261004_154838,general_ledger,general_ledger.xlsx,Sheet1,121978,journal_id=JRN000060984|account_code=6300,DATA_VALIDATION,DATE_STORED_AS_TEXT,posting_date,FAIL,WARNING,2026-12-31,An Excel date cell.,,,"'posting_date' holds a valid date, but it is stored as text rather than an Excel date.",No action needed for loading; the value will be converted. Ask the source system owner to export dates as date cells.,2026-10-09T15:32:09
ING-20261004_154838,general_ledger,general_ledger.xlsx,Sheet1,121979,journal_id=JRN000060984|account_code=1590,DATA_VALIDATION,DATE_STORED_AS_TEXT,posting_date,FAIL,WARNING,2026-12-31,An Excel date cell.,,,"'posting_date' holds a valid date, but it is stored as text rather than an Excel date.",No action needed for loading; the value will be converted. Ask the source system owner to export dates as date cells.,2026-10-09T15:32:09
ING-20261004_154838,general_ledger,general_ledger.xlsx,Sheet1,121980,journal_id=JRN000060985|account_code=6300,DATA_VALIDATION,DATE_STORED_AS_TEXT,posting_date,FAIL,WARNING,2026-12-31,An Excel date cell.,,,"'posting_date' holds a valid date, but it is stored as text rather than an Excel date.",No action needed for loading; the value will be converted. Ask the source system owner to export dates as date cells.,2026-10-09T15:32:09
ING-20261004_154838,general_ledger,general_ledger.xlsx,Sheet1,121981,journal_id=JRN000060985|account_code=1590,DATA_VALIDATION,DATE_STORED_AS_TEXT,posting_date,FAIL,WARNING,2026-12-31,An Excel date cell.,,,"'posting_date' holds a valid date, but it is stored as text rather than an Excel date.",No action needed for loading; the value will be converted. Ask the source system owner to export dates as date cells.,2026-10-09T15:32:09
ING-20261004_154838,general_ledger,general_ledger.xlsx,Sheet1,121982,journal_id=JRN000060986|account_code=6300,DATA_VALIDATION,DATE_STORED_AS_TEXT,posting_date,FAIL,WARNING,2026-12-31,An Excel date cell.,,,"'posting_date' holds a valid date, but it is stored as text rather than an Excel date.",No action needed for loading; the value will be converted. Ask the source system owner to export dates as date cells.,2026-10-09T15:32:09
ING-20261004_154838,general_ledger,general_ledger.xlsx,Sheet1,121983,journal_id=JRN000060986|account_code=1590,DATA_VALIDATION,DATE_STORED_AS_TEXT,posting_date,FAIL,WARNING,2026-12-31,An Excel date cell.,,,"'posting_date' holds a valid date, but it is stored as text rather than an Excel date.",No action needed for loading; the value will be converted. Ask the source system owner to export dates as date cells.,2026-10-09T15:32:09
ING-20261004_154838,general_ledger,general_ledger.xlsx,Sheet1,121984,journal_id=JRN000060987|account_code=6300,DATA_VALIDATION,DATE_STORED_AS_TEXT,posting_date,FAIL,WARNING,2026-12-31,An Excel date cell.,,,"'posting_date' holds a valid date, but it is stored as text rather than an Excel date.",No action needed for loading; the value will be converted. Ask the source system owner to export dates as date cells.,2026-10-09T15:32:09
ING-20261004_154838,general_ledger,general_ledger.xlsx,Sheet1,121985,journal_id=JRN000060987|account_code=1590,DATA_VALIDATION,DATE_STORED_AS_TEXT,posting_date,FAIL,WARNING,2026-12-31,An Excel date cell.,,,"'posting_date' holds a valid date, but it is stored as text rather than an Excel date.",No action needed for loading; the value will be converted. Ask the source system owner to export dates as date cells.,2026-10-09T15:32:09
ING-20261004_154838,general_ledger,general_ledger.xlsx,Sheet1,121986,journal_id=JRN000060988|account_code=6300,DATA_VALIDATION,DATE_STORED_AS_TEXT,posting_date,FAIL,WARNING,2026-12-31,An Excel date cell.,,,"'posting_date' holds a valid date, but it is stored as text rather than an Excel date.",No action needed for loading; the value will be converted. Ask the source system owner to export dates as date cells.,2026-10-09T15:32:09
ING-20261004_154838,general_ledger,general_ledger.xlsx,Sheet1,121987,journal_id=JRN000060988|account_code=1590,DATA_VALIDATION,DATE_STORED_AS_TEXT,posting_date,FAIL,WARNING,2026-12-31,An Excel date cell.,,,"'posting_date' holds a valid date, but it is stored as text rather than an Excel date.",No action needed for loading; the value will be converted. Ask the source system owner to export dates as date cells.,2026-10-09T15:32:09
ING-20261004_154838,general_ledger,general_ledger.xlsx,Sheet1,121988,journal_id=JRN000060989|account_code=6300,DATA_VALIDATION,DATE_STORED_AS_TEXT,posting_date,FAIL,WARNING,2026-12-31,An Excel date cell.,,,"'posting_date' holds a valid date, but it is stored as text rather than an Excel date.",No action needed for loading; the value will be converted. Ask the source system owner to export dates as date cells.,2026-10-09T15:32:09
ING-20261004_154838,general_ledger,general_ledger.xlsx,Sheet1,121989,journal_id=JRN000060989|account_code=1590,DATA_VALIDATION,DATE_STORED_AS_TEXT,posting_date,FAIL,WARNING,2026-12-31,An Excel date cell.,,,"'posting_date' holds a valid date, but it is stored as text rather than an Excel date.",No action needed for loading; the value will be converted. Ask the source system owner to export dates as date cells.,2026-10-09T15:32:09
ING-20261004_154838,general_ledger,general_ledger.xlsx,Sheet1,121990,journal_id=JRN000060990|account_code=6300,DATA_VALIDATION,DATE_STORED_AS_TEXT,posting_date,FAIL,WARNING,2026-12-31,An Excel date cell.,,,"'posting_date' holds a valid date, but it is stored as text rather than an Excel date.",No action needed for loading; the value will be converted. Ask the source system owner to export dates as date cells.,2026-10-09T15:32:09
ING-20261004_154838,general_ledger,general_ledger.xlsx,Sheet1,121991,journal_id=JRN000060990|account_code=1590,DATA_VALIDATION,DATE_STORED_AS_TEXT,posting_date,FAIL,WARNING,2026-12-31,An Excel date cell.,,,"'posting_date' holds a valid date, but it is stored as text rather than an Excel date.",No action needed for loading; the value will be converted. Ask the source system owner to export dates as date cells.,2026-10-09T15:32:09
ING-20261004_154838,general_ledger,general_ledger.xlsx,Sheet1,121992,journal_id=JRN000060991|account_code=6300,DATA_VALIDATION,DATE_STORED_AS_TEXT,posting_date,FAIL,WARNING,2026-12-31,An Excel date cell.,,,"'posting_date' holds a valid date, but it is stored as text rather than an Excel date.",No action needed for loading; the value will be converted. Ask the source system owner to export dates as date cells.,2026-10-09T15:32:09
ING-20261004_154838,general_ledger,general_ledger.xlsx,Sheet1,121993,journal_id=JRN000060991|account_code=1590,DATA_VALIDATION,DATE_STORED_AS_TEXT,posting_date,FAIL,WARNING,2026-12-31,An Excel date cell.,,,"'posting_date' holds a valid date, but it is stored as text rather than an Excel date.",No action needed for loading; the value will be converted. Ask the source system owner to export dates as date cells.,2026-10-09T15:32:09
ING-20261004_154838,general_ledger,general_ledger.xlsx,Sheet1,121994,journal_id=JRN000060992|account_code=6300,DATA_VALIDATION,DATE_STORED_AS_TEXT,posting_date,FAIL,WARNING,2026-12-31,An Excel date cell.,,,"'posting_date' holds a valid date, but it is stored as text rather than an Excel date.",No action needed for loading; the value will be converted. Ask the source system owner to export dates as date cells.,2026-10-09T15:32:09
ING-20261004_154838,general_ledger,general_ledger.xlsx,Sheet1,121995,journal_id=JRN000060992|account_code=1590,DATA_VALIDATION,DATE_STORED_AS_TEXT,posting_date,FAIL,WARNING,2026-12-31,An Excel date cell.,,,"'posting_date' holds a valid date, but it is stored as text rather than an Excel date.",No action needed for loading; the value will be converted. Ask the source system owner to export dates as date cells.,2026-10-09T15:32:09
ING-20261004_154838,general_ledger,general_ledger.xlsx,Sheet1,121996,journal_id=JRN000060993|account_code=6300,DATA_VALIDATION,DATE_STORED_AS_TEXT,posting_date,FAIL,WARNING,2026-12-31,An Excel date cell.,,,"'posting_date' holds a valid date, but it is stored as text rather than an Excel date.",No action needed for loading; the value will be converted. Ask the source system owner to export dates as date cells.,2026-10-09T15:32:09
ING-20261004_154838,general_ledger,general_ledger.xlsx,Sheet1,121997,journal_id=JRN000060993|account_code=1590,DATA_VALIDATION,DATE_STORED_AS_TEXT,posting_date,FAIL,WARNING,2026-12-31,An Excel date cell.,,,"'posting_date' holds a valid date, but it is stored as text rather than an Excel date.",No action needed for loading; the value will be converted. Ask the source system owner to export dates as date cells.,2026-10-09T15:32:09
ING-20261004_154838,general_ledger,general_ledger.xlsx,Sheet1,121998,journal_id=JRN000060994|account_code=6300,DATA_VALIDATION,DATE_STORED_AS_TEXT,posting_date,FAIL,WARNING,2026-12-31,An Excel date cell.,,,"'posting_date' holds a valid date, but it is stored as text rather than an Excel date.",No action needed for loading; the value will be converted. Ask the source system owner to export dates as date cells.,2026-10-09T15:32:09
ING-20261004_154838,general_ledger,general_ledger.xlsx,Sheet1,121999,journal_id=JRN000060994|account_code=1590,DATA_VALIDATION,DATE_STORED_AS_TEXT,posting_date,FAIL,WARNING,2026-12-31,An Excel date cell.,,,"'posting_date' holds a valid date, but it is stored as text rather than an Excel date.",No action needed for loading; the value will be converted. Ask the source system owner to export dates as date cells.,2026-10-09T15:32:09
ING-20261004_154838,general_ledger,general_ledger.xlsx,Sheet1,122000,journal_id=JRN000060995|account_code=6300,DATA_VALIDATION,DATE_STORED_AS_TEXT,posting_date,FAIL,WARNING,2026-12-31,An Excel date cell.,,,"'posting_date' holds a valid date, but it is stored as text rather than an Excel date.",No action needed for loading; the value will be converted. Ask the source system owner to export dates as date cells.,2026-10-09T15:32:09
ING-20261004_154838,general_ledger,general_ledger.xlsx,Sheet1,122001,journal_id=JRN000060995|account_code=1590,DATA_VALIDATION,DATE_STORED_AS_TEXT,posting_date,FAIL,WARNING,2026-12-31,An Excel date cell.,,,"'posting_date' holds a valid date, but it is stored as text rather than an Excel date.",No action needed for loading; the value will be converted. Ask the source system owner to export dates as date cells.,2026-10-09T15:32:09
ING-20261004_154838,general_ledger,general_ledger.xlsx,Sheet1,122002,journal_id=JRN000060996|account_code=6300,DATA_VALIDATION,DATE_STORED_AS_TEXT,posting_date,FAIL,WARNING,2026-12-31,An Excel date cell.,,,"'posting_date' holds a valid date, but it is stored as text rather than an Excel date.",No action needed for loading; the value will be converted. Ask the source system owner to export dates as date cells.,2026-10-09T15:32:09
ING-20261004_154838,general_ledger,general_ledger.xlsx,Sheet1,122003,journal_id=JRN000060996|account_code=1590,DATA_VALIDATION,DATE_STORED_AS_TEXT,posting_date,FAIL,WARNING,2026-12-31,An Excel date cell.,,,"'posting_date' holds a valid date, but it is stored as text rather than an Excel date.",No action needed for loading; the value will be converted. Ask the source system owner to export dates as date cells.,2026-10-09T15:32:09
ING-20261004_154838,general_ledger,general_ledger.xlsx,Sheet1,122004,journal_id=JRN000060997|account_code=6300,DATA_VALIDATION,DATE_STORED_AS_TEXT,posting_date,FAIL,WARNING,2026-12-31,An Excel date cell.,,,"'posting_date' holds a valid date, but it is stored as text rather than an Excel date.",No action needed for loading; the value will be converted. Ask the source system owner to export dates as date cells.,2026-10-09T15:32:09
ING-20261004_154838,general_ledger,general_ledger.xlsx,Sheet1,122005,journal_id=JRN000060997|account_code=1590,DATA_VALIDATION,DATE_STORED_AS_TEXT,posting_date,FAIL,WARNING,2026-12-31,An Excel date cell.,,,"'posting_date' holds a valid date, but it is stored as text rather than an Excel date.",No action needed for loading; the value will be converted. Ask the source system owner to export dates as date cells.,2026-10-09T15:32:09
ING-20261004_154838,general_ledger,general_ledger.xlsx,Sheet1,122006,journal_id=JRN000060998|account_code=6300,DATA_VALIDATION,DATE_STORED_AS_TEXT,posting_date,FAIL,WARNING,2026-12-31,An Excel date cell.,,,"'posting_date' holds a valid date, but it is stored as text rather than an Excel date.",No action needed for loading; the value will be converted. Ask the source system owner to export dates as date cells.,2026-10-09T15:32:09
ING-20261004_154838,general_ledger,general_ledger.xlsx,Sheet1,122007,journal_id=JRN000060998|account_code=1590,DATA_VALIDATION,DATE_STORED_AS_TEXT,posting_date,FAIL,WARNING,2026-12-31,An Excel date cell.,,,"'posting_date' holds a valid date, but it is stored as text rather than an Excel date.",No action needed for loading; the value will be converted. Ask the source system owner to export dates as date cells.,2026-10-09T15:32:09
ING-20261004_154838,general_ledger,general_ledger.xlsx,Sheet1,122008,journal_id=JRN000060999|account_code=6300,DATA_VALIDATION,DATE_STORED_AS_TEXT,posting_date,FAIL,WARNING,2026-12-31,An Excel date cell.,,,"'posting_date' holds a valid date, but it is stored as text rather than an Excel date.",No action needed for loading; the value will be converted. Ask the source system owner to export dates as date cells.,2026-10-09T15:32:09
ING-20261004_154838,general_ledger,general_ledger.xlsx,Sheet1,122009,journal_id=JRN000060999|account_code=1590,DATA_VALIDATION,DATE_STORED_AS_TEXT,posting_date,FAIL,WARNING,2026-12-31,An Excel date cell.,,,"'posting_date' holds a valid date, but it is stored as text rather than an Excel date.",No action needed for loading; the value will be converted. Ask the source system owner to export dates as date cells.,2026-10-09T15:32:09
ING-20261004_154838,general_ledger,general_ledger.xlsx,Sheet1,122010,journal_id=JRN000061000|account_code=6300,DATA_VALIDATION,DATE_STORED_AS_TEXT,posting_date,FAIL,WARNING,2026-12-31,An Excel date cell.,,,"'posting_date' holds a valid date, but it is stored as text rather than an Excel date.",No action needed for loading; the value will be converted. Ask the source system owner to export dates as date cells.,2026-10-09T15:32:09
ING-20261004_154838,general_ledger,general_ledger.xlsx,Sheet1,122011,journal_id=JRN000061000|account_code=1590,DATA_VALIDATION,DATE_STORED_AS_TEXT,posting_date,FAIL,WARNING,2026-12-31,An Excel date cell.,,,"'posting_date' holds a valid date, but it is stored as text rather than an Excel date.",No action needed for loading; the value will be converted. Ask the source system owner to export dates as date cells.,2026-10-09T15:32:09
ING-20261004_154838,general_ledger,general_ledger.xlsx,Sheet1,122012,journal_id=JRN000061001|account_code=6300,DATA_VALIDATION,DATE_STORED_AS_TEXT,posting_date,FAIL,WARNING,2026-12-31,An Excel date cell.,,,"'posting_date' holds a valid date, but it is stored as text rather than an Excel date.",No action needed for loading; the value will be converted. Ask the source system owner to export dates as date cells.,2026-10-09T15:32:09
ING-20261004_154838,general_ledger,general_ledger.xlsx,Sheet1,122013,journal_id=JRN000061001|account_code=1590,DATA_VALIDATION,DATE_STORED_AS_TEXT,posting_date,FAIL,WARNING,2026-12-31,An Excel date cell.,,,"'posting_date' holds a valid date, but it is stored as text rather than an Excel date.",No action needed for loading; the value will be converted. Ask the source system owner to export dates as date cells.,2026-10-09T15:32:09
ING-20261004_154838,general_ledger,general_ledger.xlsx,Sheet1,122014,journal_id=JRN000061002|account_code=6300,DATA_VALIDATION,DATE_STORED_AS_TEXT,posting_date,FAIL,WARNING,2026-12-31,An Excel date cell.,,,"'posting_date' holds a valid date, but it is stored as text rather than an Excel date.",No action needed for loading; the value will be converted. Ask the source system owner to export dates as date cells.,2026-10-09T15:32:09
ING-20261004_154838,general_ledger,general_ledger.xlsx,Sheet1,122015,journal_id=JRN000061002|account_code=1590,DATA_VALIDATION,DATE_STORED_AS_TEXT,posting_date,FAIL,WARNING,2026-12-31,An Excel date cell.,,,"'posting_date' holds a valid date, but it is stored as text rather than an Excel date.",No action needed for loading; the value will be converted. Ask the source system owner to export dates as date cells.,2026-10-09T15:32:09
ING-20261004_154838,general_ledger,general_ledger.xlsx,Sheet1,122016,journal_id=JRN000061003|account_code=6300,DATA_VALIDATION,DATE_STORED_AS_TEXT,posting_date,FAIL,WARNING,2026-12-31,An Excel date cell.,,,"'posting_date' holds a valid date, but it is stored as text rather than an Excel date.",No action needed for loading; the value will be converted. Ask the source system owner to export dates as date cells.,2026-10-09T15:32:09
ING-20261004_154838,general_ledger,general_ledger.xlsx,Sheet1,122017,journal_id=JRN000061003|account_code=1590,DATA_VALIDATION,DATE_STORED_AS_TEXT,posting_date,FAIL,WARNING,2026-12-31,An Excel date cell.,,,"'posting_date' holds a valid date, but it is stored as text rather than an Excel date.",No action needed for loading; the value will be converted. Ask the source system owner to export dates as date cells.,2026-10-09T15:32:09
ING-20261004_154838,general_ledger,general_ledger.xlsx,Sheet1,122018,journal_id=JRN000061004|account_code=6300,DATA_VALIDATION,DATE_STORED_AS_TEXT,posting_date,FAIL,WARNING,2026-12-31,An Excel date cell.,,,"'posting_date' holds a valid date, but it is stored as text rather than an Excel date.",No action needed for loading; the value will be converted. Ask the source system owner to export dates as date cells.,2026-10-09T15:32:09
ING-20261004_154838,general_ledger,general_ledger.xlsx,Sheet1,122019,journal_id=JRN000061004|account_code=1590,DATA_VALIDATION,DATE_STORED_AS_TEXT,posting_date,FAIL,WARNING,2026-12-31,An Excel date cell.,,,"'posting_date' holds a valid date, but it is stored as text rather than an Excel date.",No action needed for loading; the value will be converted. Ask the source system owner to export dates as date cells.,2026-10-09T15:32:09
ING-20261004_154838,general_ledger,general_ledger.xlsx,Sheet1,122020,journal_id=JRN000061005|account_code=6300,DATA_VALIDATION,DATE_STORED_AS_TEXT,posting_date,FAIL,WARNING,2026-12-31,An Excel date cell.,,,"'posting_date' holds a valid date, but it is stored as text rather than an Excel date.",No action needed for loading; the value will be converted. Ask the source system owner to export dates as date cells.,2026-10-09T15:32:09
ING-20261004_154838,general_ledger,general_ledger.xlsx,Sheet1,122021,journal_id=JRN000061005|account_code=1590,DATA_VALIDATION,DATE_STORED_AS_TEXT,posting_date,FAIL,WARNING,2026-12-31,An Excel date cell.,,,"'posting_date' holds a valid date, but it is stored as text rather than an Excel date.",No action needed for loading; the value will be converted. Ask the source system owner to export dates as date cells.,2026-10-09T15:32:09
ING-20261004_154838,general_ledger,general_ledger.xlsx,Sheet1,122022,journal_id=JRN000061006|account_code=6300,DATA_VALIDATION,DATE_STORED_AS_TEXT,posting_date,FAIL,WARNING,2026-12-31,An Excel date cell.,,,"'posting_date' holds a valid date, but it is stored as text rather than an Excel date.",No action needed for loading; the value will be converted. Ask the source system owner to export dates as date cells.,2026-10-09T15:32:09
ING-20261004_154838,general_ledger,general_ledger.xlsx,Sheet1,122023,journal_id=JRN000061006|account_code=1590,DATA_VALIDATION,DATE_STORED_AS_TEXT,posting_date,FAIL,WARNING,2026-12-31,An Excel date cell.,,,"'posting_date' holds a valid date, but it is stored as text rather than an Excel date.",No action needed for loading; the value will be converted. Ask the source system owner to export dates as date cells.,2026-10-09T15:32:09
ING-20261004_154838,general_ledger,general_ledger.xlsx,Sheet1,122024,journal_id=JRN000061007|account_code=6300,DATA_VALIDATION,DATE_STORED_AS_TEXT,posting_date,FAIL,WARNING,2026-12-31,An Excel date cell.,,,"'posting_date' holds a valid date, but it is stored as text rather than an Excel date.",No action needed for loading; the value will be converted. Ask the source system owner to export dates as date cells.,2026-10-09T15:32:09
ING-20261004_154838,general_ledger,general_ledger.xlsx,Sheet1,122025,journal_id=JRN000061007|account_code=1590,DATA_VALIDATION,DATE_STORED_AS_TEXT,posting_date,FAIL,WARNING,2026-12-31,An Excel date cell.,,,"'posting_date' holds a valid date, but it is stored as text rather than an Excel date.",No action needed for loading; the value will be converted. Ask the source system owner to export dates as date cells.,2026-10-09T15:32:09
ING-20261004_154838,general_ledger,general_ledger.xlsx,Sheet1,122026,journal_id=JRN000061008|account_code=6300,DATA_VALIDATION,DATE_STORED_AS_TEXT,posting_date,FAIL,WARNING,2026-12-31,An Excel date cell.,,,"'posting_date' holds a valid date, but it is stored as text rather than an Excel date.",No action needed for loading; the value will be converted. Ask the source system owner to export dates as date cells.,2026-10-09T15:32:09
ING-20261004_154838,general_ledger,general_ledger.xlsx,Sheet1,122027,journal_id=JRN000061008|account_code=1590,DATA_VALIDATION,DATE_STORED_AS_TEXT,posting_date,FAIL,WARNING,2026-12-31,An Excel date cell.,,,"'posting_date' holds a valid date, but it is stored as text rather than an Excel date.",No action needed for loading; the value will be converted. Ask the source system owner to export dates as date cells.,2026-10-09T15:32:09
ING-20261004_154838,general_ledger,general_ledger.xlsx,Sheet1,122028,journal_id=JRN000061009|account_code=6300,DATA_VALIDATION,DATE_STORED_AS_TEXT,posting_date,FAIL,WARNING,2026-12-31,An Excel date cell.,,,"'posting_date' holds a valid date, but it is stored as text rather than an Excel date.",No action needed for loading; the value will be converted. Ask the source system owner to export dates as date cells.,2026-10-09T15:32:09
ING-20261004_154838,general_ledger,general_ledger.xlsx,Sheet1,122029,journal_id=JRN000061009|account_code=1590,DATA_VALIDATION,DATE_STORED_AS_TEXT,posting_date,FAIL,WARNING,2026-12-31,An Excel date cell.,,,"'posting_date' holds a valid date, but it is stored as text rather than an Excel date.",No action needed for loading; the value will be converted. Ask the source system owner to export dates as date cells.,2026-10-09T15:32:09
ING-20261004_154838,general_ledger,general_ledger.xlsx,Sheet1,122030,journal_id=JRN000061010|account_code=6300,DATA_VALIDATION,DATE_STORED_AS_TEXT,posting_date,FAIL,WARNING,2026-12-31,An Excel date cell.,,,"'posting_date' holds a valid date, but it is stored as text rather than an Excel date.",No action needed for loading; the value will be converted. Ask the source system owner to export dates as date cells.,2026-10-09T15:32:09
ING-20261004_154838,general_ledger,general_ledger.xlsx,Sheet1,122031,journal_id=JRN000061010|account_code=1590,DATA_VALIDATION,DATE_STORED_AS_TEXT,posting_date,FAIL,WARNING,2026-12-31,An Excel date cell.,,,"'posting_date' holds a valid date, but it is stored as text rather than an Excel date.",No action needed for loading; the value will be converted. Ask the source system owner to export dates as date cells.,2026-10-09T15:32:09
ING-20261004_154838,general_ledger,general_ledger.xlsx,Sheet1,122032,journal_id=JRN000061011|account_code=6300,DATA_VALIDATION,DATE_STORED_AS_TEXT,posting_date,FAIL,WARNING,2026-12-31,An Excel date cell.,,,"'posting_date' holds a valid date, but it is stored as text rather than an Excel date.",No action needed for loading; the value will be converted. Ask the source system owner to export dates as date cells.,2026-10-09T15:32:09
ING-20261004_154838,general_ledger,general_ledger.xlsx,Sheet1,122033,journal_id=JRN000061011|account_code=1590,DATA_VALIDATION,DATE_STORED_AS_TEXT,posting_date,FAIL,WARNING,2026-12-31,An Excel date cell.,,,"'posting_date' holds a valid date, but it is stored as text rather than an Excel date.",No action needed for loading; the value will be converted. Ask the source system owner to export dates as date cells.,2026-10-09T15:32:09
ING-20261004_154838,general_ledger,general_ledger.xlsx,Sheet1,122034,journal_id=JRN000061012|account_code=6300,DATA_VALIDATION,DATE_STORED_AS_TEXT,posting_date,FAIL,WARNING,2026-12-31,An Excel date cell.,,,"'posting_date' holds a valid date, but it is stored as text rather than an Excel date.",No action needed for loading; the value will be converted. Ask the source system owner to export dates as date cells.,2026-10-09T15:32:09
ING-20261004_154838,general_ledger,general_ledger.xlsx,Sheet1,122035,journal_id=JRN000061012|account_code=1590,DATA_VALIDATION,DATE_STORED_AS_TEXT,posting_date,FAIL,WARNING,2026-12-31,An Excel date cell.,,,"'posting_date' holds a valid date, but it is stored as text rather than an Excel date.",No action needed for loading; the value will be converted. Ask the source system owner to export dates as date cells.,2026-10-09T15:32:09
ING-20261004_154838,general_ledger,general_ledger.xlsx,Sheet1,122036,journal_id=JRN000061013|account_code=6300,DATA_VALIDATION,DATE_STORED_AS_TEXT,posting_date,FAIL,WARNING,2026-12-31,An Excel date cell.,,,"'posting_date' holds a valid date, but it is stored as text rather than an Excel date.",No action needed for loading; the value will be converted. Ask the source system owner to export dates as date cells.,2026-10-09T15:32:09
ING-20261004_154838,general_ledger,general_ledger.xlsx,Sheet1,122037,journal_id=JRN000061013|account_code=1590,DATA_VALIDATION,DATE_STORED_AS_TEXT,posting_date,FAIL,WARNING,2026-12-31,An Excel date cell.,,,"'posting_date' holds a valid date, but it is stored as text rather than an Excel date.",No action needed for loading; the value will be converted. Ask the source system owner to export dates as date cells.,2026-10-09T15:32:09
ING-20261004_154838,general_ledger,general_ledger.xlsx,Sheet1,122038,journal_id=JRN000061014|account_code=6300,DATA_VALIDATION,DATE_STORED_AS_TEXT,posting_date,FAIL,WARNING,2026-12-31,An Excel date cell.,,,"'posting_date' holds a valid date, but it is stored as text rather than an Excel date.",No action needed for loading; the value will be converted. Ask the source system owner to export dates as date cells.,2026-10-09T15:32:09
ING-20261004_154838,general_ledger,general_ledger.xlsx,Sheet1,122039,journal_id=JRN000061014|account_code=1590,DATA_VALIDATION,DATE_STORED_AS_TEXT,posting_date,FAIL,WARNING,2026-12-31,An Excel date cell.,,,"'posting_date' holds a valid date, but it is stored as text rather than an Excel date.",No action needed for loading; the value will be converted. Ask the source system owner to export dates as date cells.,2026-10-09T15:32:09
ING-20261004_154838,general_ledger,general_ledger.xlsx,Sheet1,122040,journal_id=JRN000061015|account_code=6300,DATA_VALIDATION,DATE_STORED_AS_TEXT,posting_date,FAIL,WARNING,2026-12-31,An Excel date cell.,,,"'posting_date' holds a valid date, but it is stored as text rather than an Excel date.",No action needed for loading; the value will be converted. Ask the source system owner to export dates as date cells.,2026-10-09T15:32:09
ING-20261004_154838,general_ledger,general_ledger.xlsx,Sheet1,122041,journal_id=JRN000061015|account_code=1590,DATA_VALIDATION,DATE_STORED_AS_TEXT,posting_date,FAIL,WARNING,2026-12-31,An Excel date cell.,,,"'posting_date' holds a valid date, but it is stored as text rather than an Excel date.",No action needed for loading; the value will be converted. Ask the source system owner to export dates as date cells.,2026-10-09T15:32:09
ING-20261004_154838,general_ledger,general_ledger.xlsx,Sheet1,122042,journal_id=JRN000061016|account_code=6300,DATA_VALIDATION,DATE_STORED_AS_TEXT,posting_date,FAIL,WARNING,2026-12-31,An Excel date cell.,,,"'posting_date' holds a valid date, but it is stored as text rather than an Excel date.",No action needed for loading; the value will be converted. Ask the source system owner to export dates as date cells.,2026-10-09T15:32:09
ING-20261004_154838,general_ledger,general_ledger.xlsx,Sheet1,122043,journal_id=JRN000061016|account_code=1590,DATA_VALIDATION,DATE_STORED_AS_TEXT,posting_date,FAIL,WARNING,2026-12-31,An Excel date cell.,,,"'posting_date' holds a valid date, but it is stored as text rather than an Excel date.",No action needed for loading; the value will be converted. Ask the source system owner to export dates as date cells.,2026-10-09T15:32:09
ING-20261004_154838,general_ledger,general_ledger.xlsx,Sheet1,122044,journal_id=JRN000061017|account_code=6300,DATA_VALIDATION,DATE_STORED_AS_TEXT,posting_date,FAIL,WARNING,2026-12-31,An Excel date cell.,,,"'posting_date' holds a valid date, but it is stored as text rather than an Excel date.",No action needed for loading; the value will be converted. Ask the source system owner to export dates as date cells.,2026-10-09T15:32:09
ING-20261004_154838,general_ledger,general_ledger.xlsx,Sheet1,122045,journal_id=JRN000061017|account_code=1590,DATA_VALIDATION,DATE_STORED_AS_TEXT,posting_date,FAIL,WARNING,2026-12-31,An Excel date cell.,,,"'posting_date' holds a valid date, but it is stored as text rather than an Excel date.",No action needed for loading; the value will be converted. Ask the source system owner to export dates as date cells.,2026-10-09T15:32:09
ING-20261004_154838,general_ledger,general_ledger.xlsx,Sheet1,122046,journal_id=JRN000061018|account_code=6300,DATA_VALIDATION,DATE_STORED_AS_TEXT,posting_date,FAIL,WARNING,2026-12-31,An Excel date cell.,,,"'posting_date' holds a valid date, but it is stored as text rather than an Excel date.",No action needed for loading; the value will be converted. Ask the source system owner to export dates as date cells.,2026-10-09T15:32:09
ING-20261004_154838,general_ledger,general_ledger.xlsx,Sheet1,122047,journal_id=JRN000061018|account_code=1590,DATA_VALIDATION,DATE_STORED_AS_TEXT,posting_date,FAIL,WARNING,2026-12-31,An Excel date cell.,,,"'posting_date' holds a valid date, but it is stored as text rather than an Excel date.",No action needed for loading; the value will be converted. Ask the source system owner to export dates as date cells.,2026-10-09T15:32:09
ING-20261004_154838,general_ledger,general_ledger.xlsx,Sheet1,122048,journal_id=JRN000061019|account_code=6300,DATA_VALIDATION,DATE_STORED_AS_TEXT,posting_date,FAIL,WARNING,2026-12-31,An Excel date cell.,,,"'posting_date' holds a valid date, but it is stored as text rather than an Excel date.",No action needed for loading; the value will be converted. Ask the source system owner to export dates as date cells.,2026-10-09T15:32:09
ING-20261004_154838,general_ledger,general_ledger.xlsx,Sheet1,122049,journal_id=JRN000061019|account_code=1590,DATA_VALIDATION,DATE_STORED_AS_TEXT,posting_date,FAIL,WARNING,2026-12-31,An Excel date cell.,,,"'posting_date' holds a valid date, but it is stored as text rather than an Excel date.",No action needed for loading; the value will be converted. Ask the source system owner to export dates as date cells.,2026-10-09T15:32:09
ING-20261004_154838,general_ledger,general_ledger.xlsx,Sheet1,122050,journal_id=JRN000061020|account_code=6300,DATA_VALIDATION,DATE_STORED_AS_TEXT,posting_date,FAIL,WARNING,2026-12-31,An Excel date cell.,,,"'posting_date' holds a valid date, but it is stored as text rather than an Excel date.",No action needed for loading; the value will be converted. Ask the source system owner to export dates as date cells.,2026-10-09T15:32:09
ING-20261004_154838,general_ledger,general_ledger.xlsx,Sheet1,122051,journal_id=JRN000061020|account_code=1590,DATA_VALIDATION,DATE_STORED_AS_TEXT,posting_date,FAIL,WARNING,2026-12-31,An Excel date cell.,,,"'posting_date' holds a valid date, but it is stored as text rather than an Excel date.",No action needed for loading; the value will be converted. Ask the source system owner to export dates as date cells.,2026-10-09T15:32:09
ING-20261004_154838,general_ledger,general_ledger.xlsx,Sheet1,122052,journal_id=JRN000061021|account_code=6300,DATA_VALIDATION,DATE_STORED_AS_TEXT,posting_date,FAIL,WARNING,2026-12-31,An Excel date cell.,,,"'posting_date' holds a valid date, but it is stored as text rather than an Excel date.",No action needed for loading; the value will be converted. Ask the source system owner to export dates as date cells.,2026-10-09T15:32:09
ING-20261004_154838,general_ledger,general_ledger.xlsx,Sheet1,122053,journal_id=JRN000061021|account_code=1590,DATA_VALIDATION,DATE_STORED_AS_TEXT,posting_date,FAIL,WARNING,2026-12-31,An Excel date cell.,,,"'posting_date' holds a valid date, but it is stored as text rather than an Excel date.",No action needed for loading; the value will be converted. Ask the source system owner to export dates as date cells.,2026-10-09T15:32:09
ING-20261004_154838,general_ledger,general_ledger.xlsx,Sheet1,122054,journal_id=JRN000061022|account_code=6300,DATA_VALIDATION,DATE_STORED_AS_TEXT,posting_date,FAIL,WARNING,2026-12-31,An Excel date cell.,,,"'posting_date' holds a valid date, but it is stored as text rather than an Excel date.",No action needed for loading; the value will be converted. Ask the source system owner to export dates as date cells.,2026-10-09T15:32:09
ING-20261004_154838,general_ledger,general_ledger.xlsx,Sheet1,122055,journal_id=JRN000061022|account_code=1590,DATA_VALIDATION,DATE_STORED_AS_TEXT,posting_date,FAIL,WARNING,2026-12-31,An Excel date cell.,,,"'posting_date' holds a valid date, but it is stored as text rather than an Excel date.",No action needed for loading; the value will be converted. Ask the source system owner to export dates as date cells.,2026-10-09T15:32:09
ING-20261004_154838,general_ledger,general_ledger.xlsx,Sheet1,122056,journal_id=JRN000061023|account_code=6300,DATA_VALIDATION,DATE_STORED_AS_TEXT,posting_date,FAIL,WARNING,2026-12-31,An Excel date cell.,,,"'posting_date' holds a valid date, but it is stored as text rather than an Excel date.",No action needed for loading; the value will be converted. Ask the source system owner to export dates as date cells.,2026-10-09T15:32:09
ING-20261004_154838,general_ledger,general_ledger.xlsx,Sheet1,122057,journal_id=JRN000061023|account_code=1590,DATA_VALIDATION,DATE_STORED_AS_TEXT,posting_date,FAIL,WARNING,2026-12-31,An Excel date cell.,,,"'posting_date' holds a valid date, but it is stored as text rather than an Excel date.",No action needed for loading; the value will be converted. Ask the source system owner to export dates as date cells.,2026-10-09T15:32:09
ING-20261004_154838,general_ledger,general_ledger.xlsx,Sheet1,122058,journal_id=JRN000061024|account_code=6300,DATA_VALIDATION,DATE_STORED_AS_TEXT,posting_date,FAIL,WARNING,2026-12-31,An Excel date cell.,,,"'posting_date' holds a valid date, but it is stored as text rather than an Excel date.",No action needed for loading; the value will be converted. Ask the source system owner to export dates as date cells.,2026-10-09T15:32:09
ING-20261004_154838,general_ledger,general_ledger.xlsx,Sheet1,122059,journal_id=JRN000061024|account_code=1590,DATA_VALIDATION,DATE_STORED_AS_TEXT,posting_date,FAIL,WARNING,2026-12-31,An Excel date cell.,,,"'posting_date' holds a valid date, but it is stored as text rather than an Excel date.",No action needed for loading; the value will be converted. Ask the source system owner to export dates as date cells.,2026-10-09T15:32:09
ING-20261004_154838,general_ledger,general_ledger.xlsx,Sheet1,122060,journal_id=JRN000061025|account_code=6300,DATA_VALIDATION,DATE_STORED_AS_TEXT,posting_date,FAIL,WARNING,2026-12-31,An Excel date cell.,,,"'posting_date' holds a valid date, but it is stored as text rather than an Excel date.",No action needed for loading; the value will be converted. Ask the source system owner to export dates as date cells.,2026-10-09T15:32:09
ING-20261004_154838,general_ledger,general_ledger.xlsx,Sheet1,122061,journal_id=JRN000061025|account_code=1590,DATA_VALIDATION,DATE_STORED_AS_TEXT,posting_date,FAIL,WARNING,2026-12-31,An Excel date cell.,,,"'posting_date' holds a valid date, but it is stored as text rather than an Excel date.",No action needed for loading; the value will be converted. Ask the source system owner to export dates as date cells.,2026-10-09T15:32:09
ING-20261004_154838,general_ledger,general_ledger.xlsx,Sheet1,122062,journal_id=JRN000061026|account_code=6300,DATA_VALIDATION,DATE_STORED_AS_TEXT,posting_date,FAIL,WARNING,2026-12-31,An Excel date cell.,,,"'posting_date' holds a valid date, but it is stored as text rather than an Excel date.",No action needed for loading; the value will be converted. Ask the source system owner to export dates as date cells.,2026-10-09T15:32:09
ING-20261004_154838,general_ledger,general_ledger.xlsx,Sheet1,122063,journal_id=JRN000061026|account_code=1590,DATA_VALIDATION,DATE_STORED_AS_TEXT,posting_date,FAIL,WARNING,2026-12-31,An Excel date cell.,,,"'posting_date' holds a valid date, but it is stored as text rather than an Excel date.",No action needed for loading; the value will be converted. Ask the source system owner to export dates as date cells.,2026-10-09T15:32:09
ING-20261004_154838,general_ledger,general_ledger.xlsx,Sheet1,122064,journal_id=JRN000061027|account_code=6300,DATA_VALIDATION,DATE_STORED_AS_TEXT,posting_date,FAIL,WARNING,2026-12-31,An Excel date cell.,,,"'posting_date' holds a valid date, but it is stored as text rather than an Excel date.",No action needed for loading; the value will be converted. Ask the source system owner to export dates as date cells.,2026-10-09T15:32:09
ING-20261004_154838,general_ledger,general_ledger.xlsx,Sheet1,122065,journal_id=JRN000061027|account_code=1590,DATA_VALIDATION,DATE_STORED_AS_TEXT,posting_date,FAIL,WARNING,2026-12-31,An Excel date cell.,,,"'posting_date' holds a valid date, but it is stored as text rather than an Excel date.",No action needed for loading; the value will be converted. Ask the source system owner to export dates as date cells.,2026-10-09T15:32:09
ING-20261004_154838,general_ledger,general_ledger.xlsx,Sheet1,122066,journal_id=JRN000061028|account_code=6300,DATA_VALIDATION,DATE_STORED_AS_TEXT,posting_date,FAIL,WARNING,2026-12-31,An Excel date cell.,,,"'posting_date' holds a valid date, but it is stored as text rather than an Excel date.",No action needed for loading; the value will be converted. Ask the source system owner to export dates as date cells.,2026-10-09T15:32:09
ING-20261004_154838,general_ledger,general_ledger.xlsx,Sheet1,122067,journal_id=JRN000061028|account_code=1590,DATA_VALIDATION,DATE_STORED_AS_TEXT,posting_date,FAIL,WARNING,2026-12-31,An Excel date cell.,,,"'posting_date' holds a valid date, but it is stored as text rather than an Excel date.",No action needed for loading; the value will be converted. Ask the source system owner to export dates as date cells.,2026-10-09T15:32:09
ING-20261004_154838,general_ledger,general_ledger.xlsx,Sheet1,122068,journal_id=JRN000061029|account_code=6300,DATA_VALIDATION,DATE_STORED_AS_TEXT,posting_date,FAIL,WARNING,2026-12-31,An Excel date cell.,,,"'posting_date' holds a valid date, but it is stored as text rather than an Excel date.",No action needed for loading; the value will be converted. Ask the source system owner to export dates as date cells.,2026-10-09T15:32:09
ING-20261004_154838,general_ledger,general_ledger.xlsx,Sheet1,122069,journal_id=JRN000061029|account_code=1590,DATA_VALIDATION,DATE_STORED_AS_TEXT,posting_date,FAIL,WARNING,2026-12-31,An Excel date cell.,,,"'posting_date' holds a valid date, but it is stored as text rather than an Excel date.",No action needed for loading; the value will be converted. Ask the source system owner to export dates as date cells.,2026-10-09T15:32:09
ING-20261004_154838,general_ledger,general_ledger.xlsx,Sheet1,122070,journal_id=JRN000061030|account_code=6300,DATA_VALIDATION,DATE_STORED_AS_TEXT,posting_date,FAIL,WARNING,2026-12-31,An Excel date cell.,,,"'posting_date' holds a valid date, but it is stored as text rather than an Excel date.",No action needed for loading; the value will be converted. Ask the source system owner to export dates as date cells.,2026-10-09T15:32:09
ING-20261004_154838,general_ledger,general_ledger.xlsx,Sheet1,122071,journal_id=JRN000061030|account_code=1590,DATA_VALIDATION,DATE_STORED_AS_TEXT,posting_date,FAIL,WARNING,2026-12-31,An Excel date cell.,,,"'posting_date' holds a valid date, but it is stored as text rather than an Excel date.",No action needed for loading; the value will be converted. Ask the source system owner to export dates as date cells.,2026-10-09T15:32:09
ING-20261004_154838,general_ledger,general_ledger.xlsx,Sheet1,122072,journal_id=JRN000061031|account_code=6300,DATA_VALIDATION,DATE_STORED_AS_TEXT,posting_date,FAIL,WARNING,2026-12-31,An Excel date cell.,,,"'posting_date' holds a valid date, but it is stored as text rather than an Excel date.",No action needed for loading; the value will be converted. Ask the source system owner to export dates as date cells.,2026-10-09T15:32:09
ING-20261004_154838,general_ledger,general_ledger.xlsx,Sheet1,122073,journal_id=JRN000061031|account_code=1590,DATA_VALIDATION,DATE_STORED_AS_TEXT,posting_date,FAIL,WARNING,2026-12-31,An Excel date cell.,,,"'posting_date' holds a valid date, but it is stored as text rather than an Excel date.",No action needed for loading; the value will be converted. Ask the source system owner to export dates as date cells.,2026-10-09T15:32:09
ING-20261004_154838,general_ledger,general_ledger.xlsx,Sheet1,122074,journal_id=JRN000061032|account_code=6300,DATA_VALIDATION,DATE_STORED_AS_TEXT,posting_date,FAIL,WARNING,2026-12-31,An Excel date cell.,,,"'posting_date' holds a valid date, but it is stored as text rather than an Excel date.",No action needed for loading; the value will be converted. Ask the source system owner to export dates as date cells.,2026-10-09T15:32:09
ING-20261004_154838,general_ledger,general_ledger.xlsx,Sheet1,122075,journal_id=JRN000061032|account_code=1590,DATA_VALIDATION,DATE_STORED_AS_TEXT,posting_date,FAIL,WARNING,2026-12-31,An Excel date cell.,,,"'posting_date' holds a valid date, but it is stored as text rather than an Excel date.",No action needed for loading; the value will be converted. Ask the source system owner to export dates as date cells.,2026-10-09T15:32:09
ING-20261004_154838,general_ledger,general_ledger.xlsx,Sheet1,122076,journal_id=JRN000061033|account_code=6300,DATA_VALIDATION,DATE_STORED_AS_TEXT,posting_date,FAIL,WARNING,2026-12-31,An Excel date cell.,,,"'posting_date' holds a valid date, but it is stored as text rather than an Excel date.",No action needed for loading; the value will be converted. Ask the source system owner to export dates as date cells.,2026-10-09T15:32:09
ING-20261004_154838,general_ledger,general_ledger.xlsx,Sheet1,122077,journal_id=JRN000061033|account_code=1590,DATA_VALIDATION,DATE_STORED_AS_TEXT,posting_date,FAIL,WARNING,2026-12-31,An Excel date cell.,,,"'posting_date' holds a valid date, but it is stored as text rather than an Excel date.",No action needed for loading; the value will be converted. Ask the source system owner to export dates as date cells.,2026-10-09T15:32:09
ING-20261004_154838,general_ledger,general_ledger.xlsx,Sheet1,122078,journal_id=JRN000061034|account_code=6300,DATA_VALIDATION,DATE_STORED_AS_TEXT,posting_date,FAIL,WARNING,2026-12-31,An Excel date cell.,,,"'posting_date' holds a valid date, but it is stored as text rather than an Excel date.",No action needed for loading; the value will be converted. Ask the source system owner to export dates as date cells.,2026-10-09T15:32:09
ING-20261004_154838,general_ledger,general_ledger.xlsx,Sheet1,122079,journal_id=JRN000061034|account_code=1590,DATA_VALIDATION,DATE_STORED_AS_TEXT,posting_date,FAIL,WARNING,2026-12-31,An Excel date cell.,,,"'posting_date' holds a valid date, but it is stored as text rather than an Excel date.",No action needed for loading; the value will be converted. Ask the source system owner to export dates as date cells.,2026-10-09T15:32:09
ING-20261004_154838,general_ledger,general_ledger.xlsx,Sheet1,122080,journal_id=JRN000061035|account_code=6300,DATA_VALIDATION,DATE_STORED_AS_TEXT,posting_date,FAIL,WARNING,2026-12-31,An Excel date cell.,,,"'posting_date' holds a valid date, but it is stored as text rather than an Excel date.",No action needed for loading; the value will be converted. Ask the source system owner to export dates as date cells.,2026-10-09T15:32:09
ING-20261004_154838,general_ledger,general_ledger.xlsx,Sheet1,122081,journal_id=JRN000061035|account_code=1590,DATA_VALIDATION,DATE_STORED_AS_TEXT,posting_date,FAIL,WARNING,2026-12-31,An Excel date cell.,,,"'posting_date' holds a valid date, but it is stored as text rather than an Excel date.",No action needed for loading; the value will be converted. Ask the source system owner to export dates as date cells.,2026-10-09T15:32:09
ING-20261004_154838,general_ledger,general_ledger.xlsx,Sheet1,122082,journal_id=JRN000061036|account_code=6300,DATA_VALIDATION,DATE_STORED_AS_TEXT,posting_date,FAIL,WARNING,2026-12-31,An Excel date cell.,,,"'posting_date' holds a valid date, but it is stored as text rather than an Excel date.",No action needed for loading; the value will be converted. Ask the source system owner to export dates as date cells.,2026-10-09T15:32:09
ING-20261004_154838,general_ledger,general_ledger.xlsx,Sheet1,122083,journal_id=JRN000061036|account_code=1590,DATA_VALIDATION,DATE_STORED_AS_TEXT,posting_date,FAIL,WARNING,2026-12-31,An Excel date cell.,,,"'posting_date' holds a valid date, but it is stored as text rather than an Excel date.",No action needed for loading; the value will be converted. Ask the source system owner to export dates as date cells.,2026-10-09T15:32:09
ING-20261004_154838,general_ledger,general_ledger.xlsx,Sheet1,122084,journal_id=JRN000061037|account_code=6300,DATA_VALIDATION,DATE_STORED_AS_TEXT,posting_date,FAIL,WARNING,2026-12-31,An Excel date cell.,,,"'posting_date' holds a valid date, but it is stored as text rather than an Excel date.",No action needed for loading; the value will be converted. Ask the source system owner to export dates as date cells.,2026-10-09T15:32:09
ING-20261004_154838,general_ledger,general_ledger.xlsx,Sheet1,122085,journal_id=JRN000061037|account_code=1590,DATA_VALIDATION,DATE_STORED_AS_TEXT,posting_date,FAIL,WARNING,2026-12-31,An Excel date cell.,,,"'posting_date' holds a valid date, but it is stored as text rather than an Excel date.",No action needed for loading; the value will be converted. Ask the source system owner to export dates as date cells.,2026-10-09T15:32:09
ING-20261004_154838,general_ledger,general_ledger.xlsx,Sheet1,122086,journal_id=JRN000061038|account_code=6300,DATA_VALIDATION,DATE_STORED_AS_TEXT,posting_date,FAIL,WARNING,2026-12-31,An Excel date cell.,,,"'posting_date' holds a valid date, but it is stored as text rather than an Excel date.",No action needed for loading; the value will be converted. Ask the source system owner to export dates as date cells.,2026-10-09T15:32:09
ING-20261004_154838,general_ledger,general_ledger.xlsx,Sheet1,122087,journal_id=JRN000061038|account_code=1590,DATA_VALIDATION,DATE_STORED_AS_TEXT,posting_date,FAIL,WARNING,2026-12-31,An Excel date cell.,,,"'posting_date' holds a valid date, but it is stored as text rather than an Excel date.",No action needed for loading; the value will be converted. Ask the source system owner to export dates as date cells.,2026-10-09T15:32:09
ING-20261004_154838,general_ledger,general_ledger.xlsx,Sheet1,122088,journal_id=JRN000061039|account_code=6300,DATA_VALIDATION,DATE_STORED_AS_TEXT,posting_date,FAIL,WARNING,2026-12-31,An Excel date cell.,,,"'posting_date' holds a valid date, but it is stored as text rather than an Excel date.",No action needed for loading; the value will be converted. Ask the source system owner to export dates as date cells.,2026-10-09T15:32:09
ING-20261004_154838,general_ledger,general_ledger.xlsx,Sheet1,122089,journal_id=JRN000061039|account_code=1590,DATA_VALIDATION,DATE_STORED_AS_TEXT,posting_date,FAIL,WARNING,2026-12-31,An Excel date cell.,,,"'posting_date' holds a valid date, but it is stored as text rather than an Excel date.",No action needed for loading; the value will be converted. Ask the source system owner to export dates as date cells.,2026-10-09T15:32:09
ING-20261004_154838,general_ledger,general_ledger.xlsx,Sheet1,122090,journal_id=JRN000061040|account_code=6300,DATA_VALIDATION,DATE_STORED_AS_TEXT,posting_date,FAIL,WARNING,2026-12-31,An Excel date cell.,,,"'posting_date' holds a valid date, but it is stored as text rather than an Excel date.",No action needed for loading; the value will be converted. Ask the source system owner to export dates as date cells.,2026-10-09T15:32:09
ING-20261004_154838,general_ledger,general_ledger.xlsx,Sheet1,122091,journal_id=JRN000061040|account_code=1590,DATA_VALIDATION,DATE_STORED_AS_TEXT,posting_date,FAIL,WARNING,2026-12-31,An Excel date cell.,,,"'posting_date' holds a valid date, but it is stored as text rather than an Excel date.",No action needed for loading; the value will be converted. Ask the source system owner to export dates as date cells.,2026-10-09T15:32:09
ING-20261004_154838,general_ledger,general_ledger.xlsx,Sheet1,122092,journal_id=JRN000061041|account_code=6300,DATA_VALIDATION,DATE_STORED_AS_TEXT,posting_date,FAIL,WARNING,2026-12-31,An Excel date cell.,,,"'posting_date' holds a valid date, but it is stored as text rather than an Excel date.",No action needed for loading; the value will be converted. Ask the source system owner to export dates as date cells.,2026-10-09T15:32:09
ING-20261004_154838,general_ledger,general_ledger.xlsx,Sheet1,122093,journal_id=JRN000061041|account_code=1590,DATA_VALIDATION,DATE_STORED_AS_TEXT,posting_date,FAIL,WARNING,2026-12-31,An Excel date cell.,,,"'posting_date' holds a valid date, but it is stored as text rather than an Excel date.",No action needed for loading; the value will be converted. Ask the source system owner to export dates as date cells.,2026-10-09T15:32:09
ING-20261004_154838,general_ledger,general_ledger.xlsx,Sheet1,122094,journal_id=JRN000061042|account_code=6300,DATA_VALIDATION,DATE_STORED_AS_TEXT,posting_date,FAIL,WARNING,2026-12-31,An Excel date cell.,,,"'posting_date' holds a valid date, but it is stored as text rather than an Excel date.",No action needed for loading; the value will be converted. Ask the source system owner to export dates as date cells.,2026-10-09T15:32:09
ING-20261004_154838,general_ledger,general_ledger.xlsx,Sheet1,122095,journal_id=JRN000061042|account_code=1590,DATA_VALIDATION,DATE_STORED_AS_TEXT,posting_date,FAIL,WARNING,2026-12-31,An Excel date cell.,,,"'posting_date' holds a valid date, but it is stored as text rather than an Excel date.",No action needed for loading; the value will be converted. Ask the source system owner to export dates as date cells.,2026-10-09T15:32:09
ING-20261004_154838,general_ledger,general_ledger.xlsx,Sheet1,122096,journal_id=JRN000061043|account_code=6300,DATA_VALIDATION,DATE_STORED_AS_TEXT,posting_date,FAIL,WARNING,2026-12-31,An Excel date cell.,,,"'posting_date' holds a valid date, but it is stored as text rather than an Excel date.",No action needed for loading; the value will be converted. Ask the source system owner to export dates as date cells.,2026-10-09T15:32:09
ING-20261004_154838,general_ledger,general_ledger.xlsx,Sheet1,122097,journal_id=JRN000061043|account_code=1590,DATA_VALIDATION,DATE_STORED_AS_TEXT,posting_date,FAIL,WARNING,2026-12-31,An Excel date cell.,,,"'posting_date' holds a valid date, but it is stored as text rather than an Excel date.",No action needed for loading; the value will be converted. Ask the source system owner to export dates as date cells.,2026-10-09T15:32:09
ING-20261004_154838,general_ledger,general_ledger.xlsx,Sheet1,122098,journal_id=JRN000061044|account_code=6300,DATA_VALIDATION,DATE_STORED_AS_TEXT,posting_date,FAIL,WARNING,2026-12-31,An Excel date cell.,,,"'posting_date' holds a valid date, but it is stored as text rather than an Excel date.",No action needed for loading; the value will be converted. Ask the source system owner to export dates as date cells.,2026-10-09T15:32:09
ING-20261004_154838,general_ledger,general_ledger.xlsx,Sheet1,122099,journal_id=JRN000061044|account_code=1590,DATA_VALIDATION,DATE_STORED_AS_TEXT,posting_date,FAIL,WARNING,2026-12-31,An Excel date cell.,,,"'posting_date' holds a valid date, but it is stored as text rather than an Excel date.",No action needed for loading; the value will be converted. Ask the source system owner to export dates as date cells.,2026-10-09T15:32:09
ING-20261004_154838,general_ledger,general_ledger.xlsx,Sheet1,122100,journal_id=JRN000061045|account_code=6300,DATA_VALIDATION,DATE_STORED_AS_TEXT,posting_date,FAIL,WARNING,2026-12-31,An Excel date cell.,,,"'posting_date' holds a valid date, but it is stored as text rather than an Excel date.",No action needed for loading; the value will be converted. Ask the source system owner to export dates as date cells.,2026-10-09T15:32:09
ING-20261004_154838,general_ledger,general_ledger.xlsx,Sheet1,122101,journal_id=JRN000061045|account_code=1590,DATA_VALIDATION,DATE_STORED_AS_TEXT,posting_date,FAIL,WARNING,2026-12-31,An Excel date cell.,,,"'posting_date' holds a valid date, but it is stored as text rather than an Excel date.",No action needed for loading; the value will be converted. Ask the source system owner to export dates as date cells.,2026-10-09T15:32:09
ING-20261004_154838,general_ledger,general_ledger.xlsx,Sheet1,122102,journal_id=JRN000061046|account_code=6300,DATA_VALIDATION,DATE_STORED_AS_TEXT,posting_date,FAIL,WARNING,2026-12-31,An Excel date cell.,,,"'posting_date' holds a valid date, but it is stored as text rather than an Excel date.",No action needed for loading; the value will be converted. Ask the source system owner to export dates as date cells.,2026-10-09T15:32:09
ING-20261004_154838,general_ledger,general_ledger.xlsx,Sheet1,122103,journal_id=JRN000061046|account_code=1590,DATA_VALIDATION,DATE_STORED_AS_TEXT,posting_date,FAIL,WARNING,2026-12-31,An Excel date cell.,,,"'posting_date' holds a valid date, but it is stored as text rather than an Excel date.",No action needed for loading; the value will be converted. Ask the source system owner to export dates as date cells.,2026-10-09T15:32:09
ING-20261004_154838,general_ledger,general_ledger.xlsx,Sheet1,122104,journal_id=JRN000061047|account_code=6300,DATA_VALIDATION,DATE_STORED_AS_TEXT,posting_date,FAIL,WARNING,2026-12-31,An Excel date cell.,,,"'posting_date' holds a valid date, but it is stored as text rather than an Excel date.",No action needed for loading; the value will be converted. Ask the source system owner to export dates as date cells.,2026-10-09T15:32:09
ING-20261004_154838,general_ledger,general_ledger.xlsx,Sheet1,122105,journal_id=JRN000061047|account_code=1590,DATA_VALIDATION,DATE_STORED_AS_TEXT,posting_date,FAIL,WARNING,2026-12-31,An Excel date cell.,,,"'posting_date' holds a valid date, but it is stored as text rather than an Excel date.",No action needed for loading; the value will be converted. Ask the source system owner to export dates as date cells.,2026-10-09T15:32:09
ING-20261004_154838,general_ledger,general_ledger.xlsx,Sheet1,122106,journal_id=JRN000061048|account_code=6300,DATA_VALIDATION,DATE_STORED_AS_TEXT,posting_date,FAIL,WARNING,2026-12-31,An Excel date cell.,,,"'posting_date' holds a valid date, but it is stored as text rather than an Excel date.",No action needed for loading; the value will be converted. Ask the source system owner to export dates as date cells.,2026-10-09T15:32:09
ING-20261004_154838,general_ledger,general_ledger.xlsx,Sheet1,122107,journal_id=JRN000061048|account_code=1590,DATA_VALIDATION,DATE_STORED_AS_TEXT,posting_date,FAIL,WARNING,2026-12-31,An Excel date cell.,,,"'posting_date' holds a valid date, but it is stored as text rather than an Excel date.",No action needed for loading; the value will be converted. Ask the source system owner to export dates as date cells.,2026-10-09T15:32:09
ING-20261004_154838,general_ledger,general_ledger.xlsx,Sheet1,122108,journal_id=JRN000061049|account_code=6300,DATA_VALIDATION,DATE_STORED_AS_TEXT,posting_date,FAIL,WARNING,2026-12-31,An Excel date cell.,,,"'posting_date' holds a valid date, but it is stored as text rather than an Excel date.",No action needed for loading; the value will be converted. Ask the source system owner to export dates as date cells.,2026-10-09T15:32:09
ING-20261004_154838,general_ledger,general_ledger.xlsx,Sheet1,122109,journal_id=JRN000061049|account_code=1590,DATA_VALIDATION,DATE_STORED_AS_TEXT,posting_date,FAIL,WARNING,2026-12-31,An Excel date cell.,,,"'posting_date' holds a valid date, but it is stored as text rather than an Excel date.",No action needed for loading; the value will be converted. Ask the source system owner to export dates as date cells.,2026-10-09T15:32:09
ING-20261004_154838,general_ledger,general_ledger.xlsx,Sheet1,122110,journal_id=JRN000061050|account_code=6300,DATA_VALIDATION,DATE_STORED_AS_TEXT,posting_date,FAIL,WARNING,2026-12-31,An Excel date cell.,,,"'posting_date' holds a valid date, but it is stored as text rather than an Excel date.",No action needed for loading; the value will be converted. Ask the source system owner to export dates as date cells.,2026-10-09T15:32:09
ING-20261004_154838,general_ledger,general_ledger.xlsx,Sheet1,122111,journal_id=JRN000061050|account_code=1590,DATA_VALIDATION,DATE_STORED_AS_TEXT,posting_date,FAIL,WARNING,2026-12-31,An Excel date cell.,,,"'posting_date' holds a valid date, but it is stored as text rather than an Excel date.",No action needed for loading; the value will be converted. Ask the source system owner to export dates as date cells.,2026-10-09T15:32:09
ING-20261004_154838,general_ledger,general_ledger.xlsx,Sheet1,122112,journal_id=JRN000061051|account_code=6300,DATA_VALIDATION,DATE_STORED_AS_TEXT,posting_date,FAIL,WARNING,2026-12-31,An Excel date cell.,,,"'posting_date' holds a valid date, but it is stored as text rather than an Excel date.",No action needed for loading; the value will be converted. Ask the source system owner to export dates as date cells.,2026-10-09T15:32:09
ING-20261004_154838,general_ledger,general_ledger.xlsx,Sheet1,122113,journal_id=JRN000061051|account_code=1590,DATA_VALIDATION,DATE_STORED_AS_TEXT,posting_date,FAIL,WARNING,2026-12-31,An Excel date cell.,,,"'posting_date' holds a valid date, but it is stored as text rather than an Excel date.",No action needed for loading; the value will be converted. Ask the source system owner to export dates as date cells.,2026-10-09T15:32:09
ING-20261004_154838,general_ledger,general_ledger.xlsx,Sheet1,122114,journal_id=JRN000061052|account_code=6300,DATA_VALIDATION,DATE_STORED_AS_TEXT,posting_date,FAIL,WARNING,2026-12-31,An Excel date cell.,,,"'posting_date' holds a valid date, but it is stored as text rather than an Excel date.",No action needed for loading; the value will be converted. Ask the source system owner to export dates as date cells.,2026-10-09T15:32:09
ING-20261004_154838,general_ledger,general_ledger.xlsx,Sheet1,122115,journal_id=JRN000061052|account_code=1590,DATA_VALIDATION,DATE_STORED_AS_TEXT,posting_date,FAIL,WARNING,2026-12-31,An Excel date cell.,,,"'posting_date' holds a valid date, but it is stored as text rather than an Excel date.",No action needed for loading; the value will be converted. Ask the source system owner to export dates as date cells.,2026-10-09T15:32:09
ING-20261004_154838,general_ledger,general_ledger.xlsx,Sheet1,122116,journal_id=JRN000061053|account_code=6300,DATA_VALIDATION,DATE_STORED_AS_TEXT,posting_date,FAIL,WARNING,2026-12-31,An Excel date cell.,,,"'posting_date' holds a valid date, but it is stored as text rather than an Excel date.",No action needed for loading; the value will be converted. Ask the source system owner to export dates as date cells.,2026-10-09T15:32:09
ING-20261004_154838,general_ledger,general_ledger.xlsx,Sheet1,122117,journal_id=JRN000061053|account_code=1590,DATA_VALIDATION,DATE_STORED_AS_TEXT,posting_date,FAIL,WARNING,2026-12-31,An Excel date cell.,,,"'posting_date' holds a valid date, but it is stored as text rather than an Excel date.",No action needed for loading; the value will be converted. Ask the source system owner to export dates as date cells.,2026-10-09T15:32:09
ING-20261004_154838,general_ledger,general_ledger.xlsx,Sheet1,122118,journal_id=JRN000061054|account_code=6300,DATA_VALIDATION,DATE_STORED_AS_TEXT,posting_date,FAIL,WARNING,2026-12-31,An Excel date cell.,,,"'posting_date' holds a valid date, but it is stored as text rather than an Excel date.",No action needed for loading; the value will be converted. Ask the source system owner to export dates as date cells.,2026-10-09T15:32:09
ING-20261004_154838,general_ledger,general_ledger.xlsx,Sheet1,122119,journal_id=JRN000061054|account_code=1590,DATA_VALIDATION,DATE_STORED_AS_TEXT,posting_date,FAIL,WARNING,2026-12-31,An Excel date cell.,,,"'posting_date' holds a valid date, but it is stored as text rather than an Excel date.",No action needed for loading; the value will be converted. Ask the source system owner to export dates as date cells.,2026-10-09T15:32:09
ING-20261004_154838,general_ledger,general_ledger.xlsx,Sheet1,122120,journal_id=JRN000061055|account_code=6300,DATA_VALIDATION,DATE_STORED_AS_TEXT,posting_date,FAIL,WARNING,2026-12-31,An Excel date cell.,,,"'posting_date' holds a valid date, but it is stored as text rather than an Excel date.",No action needed for loading; the value will be converted. Ask the source system owner to export dates as date cells.,2026-10-09T15:32:09
ING-20261004_154838,general_ledger,general_ledger.xlsx,Sheet1,122121,journal_id=JRN000061055|account_code=1590,DATA_VALIDATION,DATE_STORED_AS_TEXT,posting_date,FAIL,WARNING,2026-12-31,An Excel date cell.,,,"'posting_date' holds a valid date, but it is stored as text rather than an Excel date.",No action needed for loading; the value will be converted. Ask the source system owner to export dates as date cells.,2026-10-09T15:32:09
ING-20261004_154838,general_ledger,general_ledger.xlsx,Sheet1,122122,journal_id=JRN000061056|account_code=6300,DATA_VALIDATION,DATE_STORED_AS_TEXT,posting_date,FAIL,WARNING,2026-12-31,An Excel date cell.,,,"'posting_date' holds a valid date, but it is stored as text rather than an Excel date.",No action needed for loading; the value will be converted. Ask the source system owner to export dates as date cells.,2026-10-09T15:32:09
ING-20261004_154838,general_ledger,general_ledger.xlsx,Sheet1,122123,journal_id=JRN000061056|account_code=1590,DATA_VALIDATION,DATE_STORED_AS_TEXT,posting_date,FAIL,WARNING,2026-12-31,An Excel date cell.,,,"'posting_date' holds a valid date, but it is stored as text rather than an Excel date.",No action needed for loading; the value will be converted. Ask the source system owner to export dates as date cells.,2026-10-09T15:32:09
ING-20261004_154838,general_ledger,general_ledger.xlsx,Sheet1,122124,journal_id=JRN000061057|account_code=6300,DATA_VALIDATION,DATE_STORED_AS_TEXT,posting_date,FAIL,WARNING,2026-12-31,An Excel date cell.,,,"'posting_date' holds a valid date, but it is stored as text rather than an Excel date.",No action needed for loading; the value will be converted. Ask the source system owner to export dates as date cells.,2026-10-09T15:32:09
ING-20261004_154838,general_ledger,general_ledger.xlsx,Sheet1,122125,journal_id=JRN000061057|account_code=1590,DATA_VALIDATION,DATE_STORED_AS_TEXT,posting_date,FAIL,WARNING,2026-12-31,An Excel date cell.,,,"'posting_date' holds a valid date, but it is stored as text rather than an Excel date.",No action needed for loading; the value will be converted. Ask the source system owner to export dates as date cells.,2026-10-09T15:32:09
ING-20261004_154838,general_ledger,general_ledger.xlsx,Sheet1,122126,journal_id=JRN000061058|account_code=6300,DATA_VALIDATION,DATE_STORED_AS_TEXT,posting_date,FAIL,WARNING,2026-12-31,An Excel date cell.,,,"'posting_date' holds a valid date, but it is stored as text rather than an Excel date.",No action needed for loading; the value will be converted. Ask the source system owner to export dates as date cells.,2026-10-09T15:32:09
ING-20261004_154838,general_ledger,general_ledger.xlsx,Sheet1,122127,journal_id=JRN000061058|account_code=1590,DATA_VALIDATION,DATE_STORED_AS_TEXT,posting_date,FAIL,WARNING,2026-12-31,An Excel date cell.,,,"'posting_date' holds a valid date, but it is stored as text rather than an Excel date.",No action needed for loading; the value will be converted. Ask the source system owner to export dates as date cells.,2026-10-09T15:32:09
ING-20261004_154838,general_ledger,general_ledger.xlsx,Sheet1,122128,journal_id=JRN000061059|account_code=6300,DATA_VALIDATION,DATE_STORED_AS_TEXT,posting_date,FAIL,WARNING,2026-12-31,An Excel date cell.,,,"'posting_date' holds a valid date, but it is stored as text rather than an Excel date.",No action needed for loading; the value will be converted. Ask the source system owner to export dates as date cells.,2026-10-09T15:32:09
ING-20261004_154838,general_ledger,general_ledger.xlsx,Sheet1,122129,journal_id=JRN000061059|account_code=1590,DATA_VALIDATION,DATE_STORED_AS_TEXT,posting_date,FAIL,WARNING,2026-12-31,An Excel date cell.,,,"'posting_date' holds a valid date, but it is stored as text rather than an Excel date.",No action needed for loading; the value will be converted. Ask the source system owner to export dates as date cells.,2026-10-09T15:32:09
ING-20261004_154838,general_ledger,general_ledger.xlsx,Sheet1,122130,journal_id=JRN000061060|account_code=6300,DATA_VALIDATION,DATE_STORED_AS_TEXT,posting_date,FAIL,WARNING,2026-12-31,An Excel date cell.,,,"'posting_date' holds a valid date, but it is stored as text rather than an Excel date.",No action needed for loading; the value will be converted. Ask the source system owner to export dates as date cells.,2026-10-09T15:32:09
ING-20261004_154838,general_ledger,general_ledger.xlsx,Sheet1,122131,journal_id=JRN000061060|account_code=1590,DATA_VALIDATION,DATE_STORED_AS_TEXT,posting_date,FAIL,WARNING,2026-12-31,An Excel date cell.,,,"'posting_date' holds a valid date, but it is stored as text rather than an Excel date.",No action needed for loading; the value will be converted. Ask the source system owner to export dates as date cells.,2026-10-09T15:32:09
ING-20261004_154838,general_ledger,general_ledger.xlsx,Sheet1,122132,journal_id=JRN000061061|account_code=6300,DATA_VALIDATION,DATE_STORED_AS_TEXT,posting_date,FAIL,WARNING,2026-12-31,An Excel date cell.,,,"'posting_date' holds a valid date, but it is stored as text rather than an Excel date.",No action needed for loading; the value will be converted. Ask the source system owner to export dates as date cells.,2026-10-09T15:32:09
ING-20261004_154838,general_ledger,general_ledger.xlsx,Sheet1,122133,journal_id=JRN000061061|account_code=1590,DATA_VALIDATION,DATE_STORED_AS_TEXT,posting_date,FAIL,WARNING,2026-12-31,An Excel date cell.,,,"'posting_date' holds a valid date, but it is stored as text rather than an Excel date.",No action needed for loading; the value will be converted. Ask the source system owner to export dates as date cells.,2026-10-09T15:32:09
ING-20261004_154838,general_ledger,general_ledger.xlsx,Sheet1,122134,journal_id=JRN000061062|account_code=6300,DATA_VALIDATION,DATE_STORED_AS_TEXT,posting_date,FAIL,WARNING,2026-12-31,An Excel date cell.,,,"'posting_date' holds a valid date, but it is stored as text rather than an Excel date.",No action needed for loading; the value will be converted. Ask the source system owner to export dates as date cells.,2026-10-09T15:32:09
ING-20261004_154838,general_ledger,general_ledger.xlsx,Sheet1,122135,journal_id=JRN000061062|account_code=1590,DATA_VALIDATION,DATE_STORED_AS_TEXT,posting_date,FAIL,WARNING,2026-12-31,An Excel date cell.,,,"'posting_date' holds a valid date, but it is stored as text rather than an Excel date.",No action needed for loading; the value will be converted. Ask the source system owner to export dates as date cells.,2026-10-09T15:32:09
ING-20261004_154838,general_ledger,general_ledger.xlsx,Sheet1,122136,journal_id=JRN000061063|account_code=6300,DATA_VALIDATION,DATE_STORED_AS_TEXT,posting_date,FAIL,WARNING,2026-12-31,An Excel date cell.,,,"'posting_date' holds a valid date, but it is stored as text rather than an Excel date.",No action needed for loading; the value will be converted. Ask the source system owner to export dates as date cells.,2026-10-09T15:32:09
ING-20261004_154838,general_ledger,general_ledger.xlsx,Sheet1,122137,journal_id=JRN000061063|account_code=1590,DATA_VALIDATION,DATE_STORED_AS_TEXT,posting_date,FAIL,WARNING,2026-12-31,An Excel date cell.,,,"'posting_date' holds a valid date, but it is stored as text rather than an Excel date.",No action needed for loading; the value will be converted. Ask the source system owner to export dates as date cells.,2026-10-09T15:32:09
ING-20261004_154838,general_ledger,general_ledger.xlsx,Sheet1,122138,journal_id=JRN000061064|account_code=6300,DATA_VALIDATION,DATE_STORED_AS_TEXT,posting_date,FAIL,WARNING,2026-12-31,An Excel date cell.,,,"'posting_date' holds a valid date, but it is stored as text rather than an Excel date.",No action needed for loading; the value will be converted. Ask the source system owner to export dates as date cells.,2026-10-09T15:32:09
ING-20261004_154838,general_ledger,general_ledger.xlsx,Sheet1,122139,journal_id=JRN000061064|account_code=1590,DATA_VALIDATION,DATE_STORED_AS_TEXT,posting_date,FAIL,WARNING,2026-12-31,An Excel date cell.,,,"'posting_date' holds a valid date, but it is stored as text rather than an Excel date.",No action needed for loading; the value will be converted. Ask the source system owner to export dates as date cells.,2026-10-09T15:32:09
ING-20261004_154838,general_ledger,general_ledger.xlsx,Sheet1,122140,journal_id=JRN000061065|account_code=6300,DATA_VALIDATION,DATE_STORED_AS_TEXT,posting_date,FAIL,WARNING,2026-12-31,An Excel date cell.,,,"'posting_date' holds a valid date, but it is stored as text rather than an Excel date.",No action needed for loading; the value will be converted. Ask the source system owner to export dates as date cells.,2026-10-09T15:32:09
ING-20261004_154838,general_ledger,general_ledger.xlsx,Sheet1,122141,journal_id=JRN000061065|account_code=1590,DATA_VALIDATION,DATE_STORED_AS_TEXT,posting_date,FAIL,WARNING,2026-12-31,An Excel date cell.,,,"'posting_date' holds a valid date, but it is stored as text rather than an Excel date.",No action needed for loading; the value will be converted. Ask the source system owner to export dates as date cells.,2026-10-09T15:32:09
ING-20261004_154838,general_ledger,general_ledger.xlsx,Sheet1,122142,journal_id=JRN000061066|account_code=6300,DATA_VALIDATION,DATE_STORED_AS_TEXT,posting_date,FAIL,WARNING,2026-12-31,An Excel date cell.,,,"'posting_date' holds a valid date, but it is stored as text rather than an Excel date.",No action needed for loading; the value will be converted. Ask the source system owner to export dates as date cells.,2026-10-09T15:32:09
ING-20261004_154838,general_ledger,general_ledger.xlsx,Sheet1,122143,journal_id=JRN000061066|account_code=1590,DATA_VALIDATION,DATE_STORED_AS_TEXT,posting_date,FAIL,WARNING,2026-12-31,An Excel date cell.,,,"'posting_date' holds a valid date, but it is stored as text rather than an Excel date.",No action needed for loading; the value will be converted. Ask the source system owner to export dates as date cells.,2026-10-09T15:32:09
ING-20261004_154838,general_ledger,general_ledger.xlsx,Sheet1,122144,journal_id=JRN000061067|account_code=6300,DATA_VALIDATION,DATE_STORED_AS_TEXT,posting_date,FAIL,WARNING,2026-12-31,An Excel date cell.,,,"'posting_date' holds a valid date, but it is stored as text rather than an Excel date.",No action needed for loading; the value will be converted. Ask the source system owner to export dates as date cells.,2026-10-09T15:32:09
ING-20261004_154838,general_ledger,general_ledger.xlsx,Sheet1,122145,journal_id=JRN000061067|account_code=1590,DATA_VALIDATION,DATE_STORED_AS_TEXT,posting_date,FAIL,WARNING,2026-12-31,An Excel date cell.,,,"'posting_date' holds a valid date, but it is stored as text rather than an Excel date.",No action needed for loading; the value will be converted. Ask the source system owner to export dates as date cells.,2026-10-09T15:32:09
ING-20261004_154838,general_ledger,general_ledger.xlsx,Sheet1,122146,journal_id=JRN000061068|account_code=6300,DATA_VALIDATION,DATE_STORED_AS_TEXT,posting_date,FAIL,WARNING,2026-12-31,An Excel date cell.,,,"'posting_date' holds a valid date, but it is stored as text rather than an Excel date.",No action needed for loading; the value will be converted. Ask the source system owner to export dates as date cells.,2026-10-09T15:32:09
ING-20261004_154838,general_ledger,general_ledger.xlsx,Sheet1,122147,journal_id=JRN000061068|account_code=1590,DATA_VALIDATION,DATE_STORED_AS_TEXT,posting_date,FAIL,WARNING,2026-12-31,An Excel date cell.,,,"'posting_date' holds a valid date, but it is stored as text rather than an Excel date.",No action needed for loading; the value will be converted. Ask the source system owner to export dates as date cells.,2026-10-09T15:32:09
ING-20261004_154838,general_ledger,general_ledger.xlsx,Sheet1,122148,journal_id=JRN000061069|account_code=6300,DATA_VALIDATION,DATE_STORED_AS_TEXT,posting_date,FAIL,WARNING,2026-12-31,An Excel date cell.,,,"'posting_date' holds a valid date, but it is stored as text rather than an Excel date.",No action needed for loading; the value will be converted. Ask the source system owner to export dates as date cells.,2026-10-09T15:32:09
ING-20261004_154838,general_ledger,general_ledger.xlsx,Sheet1,122149,journal_id=JRN000061069|account_code=1590,DATA_VALIDATION,DATE_STORED_AS_TEXT,posting_date,FAIL,WARNING,2026-12-31,An Excel date cell.,,,"'posting_date' holds a valid date, but it is stored as text rather than an Excel date.",No action needed for loading; the value will be converted. Ask the source system owner to export dates as date cells.,2026-10-09T15:32:09
ING-20261004_154838,general_ledger,general_ledger.xlsx,Sheet1,122150,journal_id=JRN000061070|account_code=6300,DATA_VALIDATION,DATE_STORED_AS_TEXT,posting_date,FAIL,WARNING,2026-12-31,An Excel date cell.,,,"'posting_date' holds a valid date, but it is stored as text rather than an Excel date.",No action needed for loading; the value will be converted. Ask the source system owner to export dates as date cells.,2026-10-09T15:32:09
ING-20261004_154838,general_ledger,general_ledger.xlsx,Sheet1,122151,journal_id=JRN000061070|account_code=1590,DATA_VALIDATION,DATE_STORED_AS_TEXT,posting_date,FAIL,WARNING,2026-12-31,An Excel date cell.,,,"'posting_date' holds a valid date, but it is stored as text rather than an Excel date.",No action needed for loading; the value will be converted. Ask the source system owner to export dates as date cells.,2026-10-09T15:32:09
ING-20261004_154838,general_ledger,general_ledger.xlsx,Sheet1,122152,journal_id=JRN000061071|account_code=6300,DATA_VALIDATION,DATE_STORED_AS_TEXT,posting_date,FAIL,WARNING,2026-12-31,An Excel date cell.,,,"'posting_date' holds a valid date, but it is stored as text rather than an Excel date.",No action needed for loading; the value will be converted. Ask the source system owner to export dates as date cells.,2026-10-09T15:32:09
ING-20261004_154838,general_ledger,general_ledger.xlsx,Sheet1,122153,journal_id=JRN000061071|account_code=1590,DATA_VALIDATION,DATE_STORED_AS_TEXT,posting_date,FAIL,WARNING,2026-12-31,An Excel date cell.,,,"'posting_date' holds a valid date, but it is stored as text rather than an Excel date.",No action needed for loading; the value will be converted. Ask the source system owner to export dates as date cells.,2026-10-09T15:32:09
ING-20261004_154838,general_ledger,general_ledger.xlsx,Sheet1,122154,journal_id=JRN000061072|account_code=6300,DATA_VALIDATION,DATE_STORED_AS_TEXT,posting_date,FAIL,WARNING,2026-12-31,An Excel date cell.,,,"'posting_date' holds a valid date, but it is stored as text rather than an Excel date.",No action needed for loading; the value will be converted. Ask the source system owner to export dates as date cells.,2026-10-09T15:32:09
ING-20261004_154838,general_ledger,general_ledger.xlsx,Sheet1,122155,journal_id=JRN000061072|account_code=1590,DATA_VALIDATION,DATE_STORED_AS_TEXT,posting_date,FAIL,WARNING,2026-12-31,An Excel date cell.,,,"'posting_date' holds a valid date, but it is stored as text rather than an Excel date.",No action needed for loading; the value will be converted. Ask the source system owner to export dates as date cells.,2026-10-09T15:32:09
ING-20261004_154838,general_ledger,general_ledger.xlsx,Sheet1,122156,journal_id=JRN000061073|account_code=6300,DATA_VALIDATION,DATE_STORED_AS_TEXT,posting_date,FAIL,WARNING,2026-12-31,An Excel date cell.,,,"'posting_date' holds a valid date, but it is stored as text rather than an Excel date.",No action needed for loading; the value will be converted. Ask the source system owner to export dates as date cells.,2026-10-09T15:32:09
ING-20261004_154838,general_ledger,general_ledger.xlsx,Sheet1,122157,journal_id=JRN000061073|account_code=1590,DATA_VALIDATION,DATE_STORED_AS_TEXT,posting_date,FAIL,WARNING,2026-12-31,An Excel date cell.,,,"'posting_date' holds a valid date, but it is stored as text rather than an Excel date.",No action needed for loading; the value will be converted. Ask the source system owner to export dates as date cells.,2026-10-09T15:32:09
ING-20261004_154838,general_ledger,general_ledger.xlsx,Sheet1,122158,journal_id=JRN000061074|account_code=6300,DATA_VALIDATION,DATE_STORED_AS_TEXT,posting_date,FAIL,WARNING,2026-12-31,An Excel date cell.,,,"'posting_date' holds a valid date, but it is stored as text rather than an Excel date.",No action needed for loading; the value will be converted. Ask the source system owner to export dates as date cells.,2026-10-09T15:32:09
ING-20261004_154838,general_ledger,general_ledger.xlsx,Sheet1,122159,journal_id=JRN000061074|account_code=1590,DATA_VALIDATION,DATE_STORED_AS_TEXT,posting_date,FAIL,WARNING,2026-12-31,An Excel date cell.,,,"'posting_date' holds a valid date, but it is stored as text rather than an Excel date.",No action needed for loading; the value will be converted. Ask the source system owner to export dates as date cells.,2026-10-09T15:32:09
ING-20261004_154838,general_ledger,general_ledger.xlsx,Sheet1,122160,journal_id=JRN000061075|account_code=6300,DATA_VALIDATION,DATE_STORED_AS_TEXT,posting_date,FAIL,WARNING,2026-12-31,An Excel date cell.,,,"'posting_date' holds a valid date, but it is stored as text rather than an Excel date.",No action needed for loading; the value will be converted. Ask the source system owner to export dates as date cells.,2026-10-09T15:32:09
ING-20261004_154838,general_ledger,general_ledger.xlsx,Sheet1,122161,journal_id=JRN000061075|account_code=1590,DATA_VALIDATION,DATE_STORED_AS_TEXT,posting_date,FAIL,WARNING,2026-12-31,An Excel date cell.,,,"'posting_date' holds a valid date, but it is stored as text rather than an Excel date.",No action needed for loading; the value will be converted. Ask the source system owner to export dates as date cells.,2026-10-09T15:32:09
ING-20261004_154838,general_ledger,general_ledger.xlsx,Sheet1,122162,journal_id=JRN000061076|account_code=6300,DATA_VALIDATION,DATE_STORED_AS_TEXT,posting_date,FAIL,WARNING,2026-12-31,An Excel date cell.,,,"'posting_date' holds a valid date, but it is stored as text rather than an Excel date.",No action needed for loading; the value will be converted. Ask the source system owner to export dates as date cells.,2026-10-09T15:32:09
ING-20261004_154838,general_ledger,general_ledger.xlsx,Sheet1,122163,journal_id=JRN000061076|account_code=1590,DATA_VALIDATION,DATE_STORED_AS_TEXT,posting_date,FAIL,WARNING,2026-12-31,An Excel date cell.,,,"'posting_date' holds a valid date, but it is stored as text rather than an Excel date.",No action needed for loading; the value will be converted. Ask the source system owner to export dates as date cells.,2026-10-09T15:32:09
ING-20261004_154838,general_ledger,general_ledger.xlsx,Sheet1,122164,journal_id=JRN000061077|account_code=6300,DATA_VALIDATION,DATE_STORED_AS_TEXT,posting_date,FAIL,WARNING,2026-12-31,An Excel date cell.,,,"'posting_date' holds a valid date, but it is stored as text rather than an Excel date.",No action needed for loading; the value will be converted. Ask the source system owner to export dates as date cells.,2026-10-09T15:32:09
ING-20261004_154838,general_ledger,general_ledger.xlsx,Sheet1,122165,journal_id=JRN000061077|account_code=1590,DATA_VALIDATION,DATE_STORED_AS_TEXT,posting_date,FAIL,WARNING,2026-12-31,An Excel date cell.,,,"'posting_date' holds a valid date, but it is stored as text rather than an Excel date.",No action needed for loading; the value will be converted. Ask the source system owner to export dates as date cells.,2026-10-09T15:32:09
ING-20261004_154838,general_ledger,general_ledger.xlsx,Sheet1,122166,journal_id=JRN000061078|account_code=6300,DATA_VALIDATION,DATE_STORED_AS_TEXT,posting_date,FAIL,WARNING,2026-12-31,An Excel date cell.,,,"'posting_date' holds a valid date, but it is stored as text rather than an Excel date.",No action needed for loading; the value will be converted. Ask the source system owner to export dates as date cells.,2026-10-09T15:32:09
ING-20261004_154838,general_ledger,general_ledger.xlsx,Sheet1,122167,journal_id=JRN000061078|account_code=1590,DATA_VALIDATION,DATE_STORED_AS_TEXT,posting_date,FAIL,WARNING,2026-12-31,An Excel date cell.,,,"'posting_date' holds a valid date, but it is stored as text rather than an Excel date.",No action needed for loading; the value will be converted. Ask the source system owner to export dates as date cells.,2026-10-09T15:32:09
ING-20261004_154838,general_ledger,general_ledger.xlsx,Sheet1,122168,journal_id=JRN000061079|account_code=6300,DATA_VALIDATION,DATE_STORED_AS_TEXT,posting_date,FAIL,WARNING,2026-12-31,An Excel date cell.,,,"'posting_date' holds a valid date, but it is stored as text rather than an Excel date.",No action needed for loading; the value will be converted. Ask the source system owner to export dates as date cells.,2026-10-09T15:32:09
ING-20261004_154838,general_ledger,general_ledger.xlsx,Sheet1,122169,journal_id=JRN000061079|account_code=1590,DATA_VALIDATION,DATE_STORED_AS_TEXT,posting_date,FAIL,WARNING,2026-12-31,An Excel date cell.,,,"'posting_date' holds a valid date, but it is stored as text rather than an Excel date.",No action needed for loading; the value will be converted. Ask the source system owner to export dates as date cells.,2026-10-09T15:32:09
ING-20261004_154838,general_ledger,general_ledger.xlsx,Sheet1,122170,journal_id=JRN000061080|account_code=6300,DATA_VALIDATION,DATE_STORED_AS_TEXT,posting_date,FAIL,WARNING,2026-12-31,An Excel date cell.,,,"'posting_date' holds a valid date, but it is stored as text rather than an Excel date.",No action needed for loading; the value will be converted. Ask the source system owner to export dates as date cells.,2026-10-09T15:32:09
ING-20261004_154838,general_ledger,general_ledger.xlsx,Sheet1,122171,journal_id=JRN000061080|account_code=1590,DATA_VALIDATION,DATE_STORED_AS_TEXT,posting_date,FAIL,WARNING,2026-12-31,An Excel date cell.,,,"'posting_date' holds a valid date, but it is stored as text rather than an Excel date.",No action needed for loading; the value will be converted. Ask the source system owner to export dates as date cells.,2026-10-09T15:32:09
ING-20261004_154838,general_ledger,general_ledger.xlsx,Sheet1,122172,journal_id=JRN000061081|account_code=6300,DATA_VALIDATION,DATE_STORED_AS_TEXT,posting_date,FAIL,WARNING,2026-12-31,An Excel date cell.,,,"'posting_date' holds a valid date, but it is stored as text rather than an Excel date.",No action needed for loading; the value will be converted. Ask the source system owner to export dates as date cells.,2026-10-09T15:32:09
ING-20261004_154838,general_ledger,general_ledger.xlsx,Sheet1,122173,journal_id=JRN000061081|account_code=1590,DATA_VALIDATION,DATE_STORED_AS_TEXT,posting_date,FAIL,WARNING,2026-12-31,An Excel date cell.,,,"'posting_date' holds a valid date, but it is stored as text rather than an Excel date.",No action needed for loading; the value will be converted. Ask the source system owner to export dates as date cells.,2026-10-09T15:32:09
ING-20261004_154838,general_ledger,general_ledger.xlsx,Sheet1,122174,journal_id=JRN000061082|account_code=6300,DATA_VALIDATION,DATE_STORED_AS_TEXT,posting_date,FAIL,WARNING,2026-12-31,An Excel date cell.,,,"'posting_date' holds a valid date, but it is stored as text rather than an Excel date.",No action needed for loading; the value will be converted. Ask the source system owner to export dates as date cells.,2026-10-09T15:32:09
ING-20261004_154838,general_ledger,general_ledger.xlsx,Sheet1,122175,journal_id=JRN000061082|account_code=1590,DATA_VALIDATION,DATE_STORED_AS_TEXT,posting_date,FAIL,WARNING,2026-12-31,An Excel date cell.,,,"'posting_date' holds a valid date, but it is stored as text rather than an Excel date.",No action needed for loading; the value will be converted. Ask the source system owner to export dates as date cells.,2026-10-09T15:32:09
ING-20261004_154838,general_ledger,general_ledger.xlsx,Sheet1,122176,journal_id=JRN000061083|account_code=6300,DATA_VALIDATION,DATE_STORED_AS_TEXT,posting_date,FAIL,WARNING,2026-12-31,An Excel date cell.,,,"'posting_date' holds a valid date, but it is stored as text rather than an Excel date.",No action needed for loading; the value will be converted. Ask the source system owner to export dates as date cells.,2026-10-09T15:32:09
ING-20261004_154838,general_ledger,general_ledger.xlsx,Sheet1,122177,journal_id=JRN000061083|account_code=1590,DATA_VALIDATION,DATE_STORED_AS_TEXT,posting_date,FAIL,WARNING,2026-12-31,An Excel date cell.,,,"'posting_date' holds a valid date, but it is stored as text rather than an Excel date.",No action needed for loading; the value will be converted. Ask the source system owner to export dates as date cells.,2026-10-09T15:32:09
ING-20261004_154838,general_ledger,general_ledger.xlsx,Sheet1,122178,journal_id=JRN000061084|account_code=6300,DATA_VALIDATION,DATE_STORED_AS_TEXT,posting_date,FAIL,WARNING,2026-12-31,An Excel date cell.,,,"'posting_date' holds a valid date, but it is stored as text rather than an Excel date.",No action needed for loading; the value will be converted. Ask the source system owner to export dates as date cells.,2026-10-09T15:32:09
ING-20261004_154838,general_ledger,general_ledger.xlsx,Sheet1,122179,journal_id=JRN000061084|account_code=1590,DATA_VALIDATION,DATE_STORED_AS_TEXT,posting_date,FAIL,WARNING,2026-12-31,An Excel date cell.,,,"'posting_date' holds a valid date, but it is stored as text rather than an Excel date.",No action needed for loading; the value will be converted. Ask the source system owner to export dates as date cells.,2026-10-09T15:32:09
ING-20261004_154838,general_ledger,general_ledger.xlsx,Sheet1,122180,journal_id=JRN000061085|account_code=6300,DATA_VALIDATION,DATE_STORED_AS_TEXT,posting_date,FAIL,WARNING,2026-12-31,An Excel date cell.,,,"'posting_date' holds a valid date, but it is stored as text rather than an Excel date.",No action needed for loading; the value will be converted. Ask the source system owner to export dates as date cells.,2026-10-09T15:32:09
ING-20261004_154838,general_ledger,general_ledger.xlsx,Sheet1,122181,journal_id=JRN000061085|account_code=1590,DATA_VALIDATION,DATE_STORED_AS_TEXT,posting_date,FAIL,WARNING,2026-12-31,An Excel date cell.,,,"'posting_date' holds a valid date, but it is stored as text rather than an Excel date.",No action needed for loading; the value will be converted. Ask the source system owner to export dates as date cells.,2026-10-09T15:32:09
ING-20261004_154838,general_ledger,general_ledger.xlsx,Sheet1,122182,journal_id=JRN000061086|account_code=6300,DATA_VALIDATION,DATE_STORED_AS_TEXT,posting_date,FAIL,WARNING,2026-12-31,An Excel date cell.,,,"'posting_date' holds a valid date, but it is stored as text rather than an Excel date.",No action needed for loading; the value will be converted. Ask the source system owner to export dates as date cells.,2026-10-09T15:32:09
ING-20261004_154838,general_ledger,general_ledger.xlsx,Sheet1,122183,journal_id=JRN000061086|account_code=1590,DATA_VALIDATION,DATE_STORED_AS_TEXT,posting_date,FAIL,WARNING,2026-12-31,An Excel date cell.,,,"'posting_date' holds a valid date, but it is stored as text rather than an Excel date.",No action needed for loading; the value will be converted. Ask the source system owner to export dates as date cells.,2026-10-09T15:32:09
ING-20261004_154838,general_ledger,general_ledger.xlsx,Sheet1,122184,journal_id=JRN000061087|account_code=6300,DATA_VALIDATION,DATE_STORED_AS_TEXT,posting_date,FAIL,WARNING,2026-12-31,An Excel date cell.,,,"'posting_date' holds a valid date, but it is stored as text rather than an Excel date.",No action needed for loading; the value will be converted. Ask the source system owner to export dates as date cells.,2026-10-09T15:32:09
ING-20261004_154838,general_ledger,general_ledger.xlsx,Sheet1,122185,journal_id=JRN000061087|account_code=1590,DATA_VALIDATION,DATE_STORED_AS_TEXT,posting_date,FAIL,WARNING,2026-12-31,An Excel date cell.,,,"'posting_date' holds a valid date, but it is stored as text rather than an Excel date.",No action needed for loading; the value will be converted. Ask the source system owner to export dates as date cells.,2026-10-09T15:32:09
ING-20261004_154838,general_ledger,general_ledger.xlsx,Sheet1,122186,journal_id=JRN000061088|account_code=6300,DATA_VALIDATION,DATE_STORED_AS_TEXT,posting_date,FAIL,WARNING,2026-12-31,An Excel date cell.,,,"'posting_date' holds a valid date, but it is stored as text rather than an Excel date.",No action needed for loading; the value will be converted. Ask the source system owner to export dates as date cells.,2026-10-09T15:32:09
ING-20261004_154838,general_ledger,general_ledger.xlsx,Sheet1,122187,journal_id=JRN000061088|account_code=1590,DATA_VALIDATION,DATE_STORED_AS_TEXT,posting_date,FAIL,WARNING,2026-12-31,An Excel date cell.,,,"'posting_date' holds a valid date, but it is stored as text rather than an Excel date.",No action needed for loading; the value will be converted. Ask the source system owner to export dates as date cells.,2026-10-09T15:32:09
ING-20261004_154838,general_ledger,general_ledger.xlsx,Sheet1,122188,journal_id=JRN000061089|account_code=6300,DATA_VALIDATION,DATE_STORED_AS_TEXT,posting_date,FAIL,WARNING,2026-12-31,An Excel date cell.,,,"'posting_date' holds a valid date, but it is stored as text rather than an Excel date.",No action needed for loading; the value will be converted. Ask the source system owner to export dates as date cells.,2026-10-09T15:32:09
ING-20261004_154838,general_ledger,general_ledger.xlsx,Sheet1,122189,journal_id=JRN000061089|account_code=1590,DATA_VALIDATION,DATE_STORED_AS_TEXT,posting_date,FAIL,WARNING,2026-12-31,An Excel date cell.,,,"'posting_date' holds a valid date, but it is stored as text rather than an Excel date.",No action needed for loading; the value will be converted. Ask the source system owner to export dates as date cells.,2026-10-09T15:32:09
ING-20261004_154838,general_ledger,general_ledger.xlsx,Sheet1,122190,journal_id=JRN000061090|account_code=6300,DATA_VALIDATION,DATE_STORED_AS_TEXT,posting_date,FAIL,WARNING,2026-12-31,An Excel date cell.,,,"'posting_date' holds a valid date, but it is stored as text rather than an Excel date.",No action needed for loading; the value will be converted. Ask the source system owner to export dates as date cells.,2026-10-09T15:32:09
ING-20261004_154838,general_ledger,general_ledger.xlsx,Sheet1,122191,journal_id=JRN000061090|account_code=1590,DATA_VALIDATION,DATE_STORED_AS_TEXT,posting_date,FAIL,WARNING,2026-12-31,An Excel date cell.,,,"'posting_date' holds a valid date, but it is stored as text rather than an Excel date.",No action needed for loading; the value will be converted. Ask the source system owner to export dates as date cells.,2026-10-09T15:32:09
ING-20261004_154838,general_ledger,general_ledger.xlsx,Sheet1,122192,journal_id=JRN000061091|account_code=6300,DATA_VALIDATION,DATE_STORED_AS_TEXT,posting_date,FAIL,WARNING,2026-12-31,An Excel date cell.,,,"'posting_date' holds a valid date, but it is stored as text rather than an Excel date.",No action needed for loading; the value will be converted. Ask the source system owner to export dates as date cells.,2026-10-09T15:32:09
ING-20261004_154838,general_ledger,general_ledger.xlsx,Sheet1,122193,journal_id=JRN000061091|account_code=1590,DATA_VALIDATION,DATE_STORED_AS_TEXT,posting_date,FAIL,WARNING,2026-12-31,An Excel date cell.,,,"'posting_date' holds a valid date, but it is stored as text rather than an Excel date.",No action needed for loading; the value will be converted. Ask the source system owner to export dates as date cells.,2026-10-09T15:32:09
ING-20261004_154838,general_ledger,general_ledger.xlsx,Sheet1,122194,journal_id=JRN000061092|account_code=6300,DATA_VALIDATION,DATE_STORED_AS_TEXT,posting_date,FAIL,WARNING,2026-12-31,An Excel date cell.,,,"'posting_date' holds a valid date, but it is stored as text rather than an Excel date.",No action needed for loading; the value will be converted. Ask the source system owner to export dates as date cells.,2026-10-09T15:32:09
ING-20261004_154838,general_ledger,general_ledger.xlsx,Sheet1,122195,journal_id=JRN000061092|account_code=1590,DATA_VALIDATION,DATE_STORED_AS_TEXT,posting_date,FAIL,WARNING,2026-12-31,An Excel date cell.,,,"'posting_date' holds a valid date, but it is stored as text rather than an Excel date.",No action needed for loading; the value will be converted. Ask the source system owner to export dates as date cells.,2026-10-09T15:32:09
ING-20261004_154838,general_ledger,general_ledger.xlsx,Sheet1,122196,journal_id=JRN000061093|account_code=6300,DATA_VALIDATION,DATE_STORED_AS_TEXT,posting_date,FAIL,WARNING,2026-12-31,An Excel date cell.,,,"'posting_date' holds a valid date, but it is stored as text rather than an Excel date.",No action needed for loading; the value will be converted. Ask the source system owner to export dates as date cells.,2026-10-09T15:32:09
ING-20261004_154838,general_ledger,general_ledger.xlsx,Sheet1,122197,journal_id=JRN000061093|account_code=1590,DATA_VALIDATION,DATE_STORED_AS_TEXT,posting_date,FAIL,WARNING,2026-12-31,An Excel date cell.,,,"'posting_date' holds a valid date, but it is stored as text rather than an Excel date.",No action needed for loading; the value will be converted. Ask the source system owner to export dates as date cells.,2026-10-09T15:32:09
ING-20261004_154838,general_ledger,general_ledger.xlsx,Sheet1,122198,journal_id=JRN000061094|account_code=6300,DATA_VALIDATION,DATE_STORED_AS_TEXT,posting_date,FAIL,WARNING,2026-12-31,An Excel date cell.,,,"'posting_date' holds a valid date, but it is stored as text rather than an Excel date.",No action needed for loading; the value will be converted. Ask the source system owner to export dates as date cells.,2026-10-09T15:32:09
ING-20261004_154838,general_ledger,general_ledger.xlsx,Sheet1,122199,journal_id=JRN000061094|account_code=1590,DATA_VALIDATION,DATE_STORED_AS_TEXT,posting_date,FAIL,WARNING,2026-12-31,An Excel date cell.,,,"'posting_date' holds a valid date, but it is stored as text rather than an Excel date.",No action needed for loading; the value will be converted. Ask the source system owner to export dates as date cells.,2026-10-09T15:32:09
ING-20261004_154838,general_ledger,general_ledger.xlsx,Sheet1,122200,journal_id=JRN000061095|account_code=6300,DATA_VALIDATION,DATE_STORED_AS_TEXT,posting_date,FAIL,WARNING,2026-12-31,An Excel date cell.,,,"'posting_date' holds a valid date, but it is stored as text rather than an Excel date.",No action needed for loading; the value will be converted. Ask the source system owner to export dates as date cells.,2026-10-09T15:32:09
ING-20261004_154838,general_ledger,general_ledger.xlsx,Sheet1,122201,journal_id=JRN000061095|account_code=1590,DATA_VALIDATION,DATE_STORED_AS_TEXT,posting_date,FAIL,WARNING,2026-12-31,An Excel date cell.,,,"'posting_date' holds a valid date, but it is stored as text rather than an Excel date.",No action needed for loading; the value will be converted. Ask the source system owner to export dates as date cells.,2026-10-09T15:32:09
ING-20261004_154838,general_ledger,general_ledger.xlsx,Sheet1,122202,journal_id=JRN000061096|account_code=6300,DATA_VALIDATION,DATE_STORED_AS_TEXT,posting_date,FAIL,WARNING,2026-12-31,An Excel date cell.,,,"'posting_date' holds a valid date, but it is stored as text rather than an Excel date.",No action needed for loading; the value will be converted. Ask the source system owner to export dates as date cells.,2026-10-09T15:32:09
ING-20261004_154838,general_ledger,general_ledger.xlsx,Sheet1,122203,journal_id=JRN000061096|account_code=1590,DATA_VALIDATION,DATE_STORED_AS_TEXT,posting_date,FAIL,WARNING,2026-12-31,An Excel date cell.,,,"'posting_date' holds a valid date, but it is stored as text rather than an Excel date.",No action needed for loading; the value will be converted. Ask the source system owner to export dates as date cells.,2026-10-09T15:32:09
ING-20261004_154838,general_ledger,general_ledger.xlsx,Sheet1,122204,journal_id=JRN000061097|account_code=6300,DATA_VALIDATION,DATE_STORED_AS_TEXT,posting_date,FAIL,WARNING,2026-12-31,An Excel date cell.,,,"'posting_date' holds a valid date, but it is stored as text rather than an Excel date.",No action needed for loading; the value will be converted. Ask the source system owner to export dates as date cells.,2026-10-09T15:32:09
ING-20261004_154838,general_ledger,general_ledger.xlsx,Sheet1,122205,journal_id=JRN000061097|account_code=1590,DATA_VALIDATION,DATE_STORED_AS_TEXT,posting_date,FAIL,WARNING,2026-12-31,An Excel date cell.,,,"'posting_date' holds a valid date, but it is stored as text rather than an Excel date.",No action needed for loading; the value will be converted. Ask the source system owner to export dates as date cells.,2026-10-09T15:32:09
ING-20261004_154838,general_ledger,general_ledger.xlsx,Sheet1,122206,journal_id=JRN000061098|account_code=6300,DATA_VALIDATION,DATE_STORED_AS_TEXT,posting_date,FAIL,WARNING,2026-12-31,An Excel date cell.,,,"'posting_date' holds a valid date, but it is stored as text rather than an Excel date.",No action needed for loading; the value will be converted. Ask the source system owner to export dates as date cells.,2026-10-09T15:32:09
ING-20261004_154838,general_ledger,general_ledger.xlsx,Sheet1,122207,journal_id=JRN000061098|account_code=1590,DATA_VALIDATION,DATE_STORED_AS_TEXT,posting_date,FAIL,WARNING,2026-12-31,An Excel date cell.,,,"'posting_date' holds a valid date, but it is stored as text rather than an Excel date.",No action needed for loading; the value will be converted. Ask the source system owner to export dates as date cells.,2026-10-09T15:32:09
ING-20261004_154838,general_ledger,general_ledger.xlsx,Sheet1,122208,journal_id=JRN000061099|account_code=6300,DATA_VALIDATION,DATE_STORED_AS_TEXT,posting_date,FAIL,WARNING,2026-12-31,An Excel date cell.,,,"'posting_date' holds a valid date, but it is stored as text rather than an Excel date.",No action needed for loading; the value will be converted. Ask the source system owner to export dates as date cells.,2026-10-09T15:32:09
ING-20261004_154838,general_ledger,general_ledger.xlsx,Sheet1,122209,journal_id=JRN000061099|account_code=1590,DATA_VALIDATION,DATE_STORED_AS_TEXT,posting_date,FAIL,WARNING,2026-12-31,An Excel date cell.,,,"'posting_date' holds a valid date, but it is stored as text rather than an Excel date.",No action needed for loading; the value will be converted. Ask the source system owner to export dates as date cells.,2026-10-09T15:32:09
ING-20261004_154838,general_ledger,general_ledger.xlsx,Sheet1,122210,journal_id=JRN000061100|account_code=6300,DATA_VALIDATION,DATE_STORED_AS_TEXT,posting_date,FAIL,WARNING,2026-12-31,An Excel date cell.,,,"'posting_date' holds a valid date, but it is stored as text rather than an Excel date.",No action needed for loading; the value will be converted. Ask the source system owner to export dates as date cells.,2026-10-09T15:32:09
ING-20261004_154838,general_ledger,general_ledger.xlsx,Sheet1,122211,journal_id=JRN000061100|account_code=1590,DATA_VALIDATION,DATE_STORED_AS_TEXT,posting_date,FAIL,WARNING,2026-12-31,An Excel date cell.,,,"'posting_date' holds a valid date, but it is stored as text rather than an Excel date.",No action needed for loading; the value will be converted. Ask the source system owner to export dates as date cells.,2026-10-09T15:32:09
ING-20261004_154838,general_ledger,general_ledger.xlsx,Sheet1,122212,journal_id=JRN000061101|account_code=6300,DATA_VALIDATION,DATE_STORED_AS_TEXT,posting_date,FAIL,WARNING,2026-12-31,An Excel date cell.,,,"'posting_date' holds a valid date, but it is stored as text rather than an Excel date.",No action needed for loading; the value will be converted. Ask the source system owner to export dates as date cells.,2026-10-09T15:32:09
ING-20261004_154838,general_ledger,general_ledger.xlsx,Sheet1,122213,journal_id=JRN000061101|account_code=1590,DATA_VALIDATION,DATE_STORED_AS_TEXT,posting_date,FAIL,WARNING,2026-12-31,An Excel date cell.,,,"'posting_date' holds a valid date, but it is stored as text rather than an Excel date.",No action needed for loading; the value will be converted. Ask the source system owner to export dates as date cells.,2026-10-09T15:32:09
ING-20261004_154838,general_ledger,general_ledger.xlsx,Sheet1,122214,journal_id=JRN000061102|account_code=6300,DATA_VALIDATION,DATE_STORED_AS_TEXT,posting_date,FAIL,WARNING,2026-12-31,An Excel date cell.,,,"'posting_date' holds a valid date, but it is stored as text rather than an Excel date.",No action needed for loading; the value will be converted. Ask the source system owner to export dates as date cells.,2026-10-09T15:32:09
ING-20261004_154838,general_ledger,general_ledger.xlsx,Sheet1,122215,journal_id=JRN000061102|account_code=1590,DATA_VALIDATION,DATE_STORED_AS_TEXT,posting_date,FAIL,WARNING,2026-12-31,An Excel date cell.,,,"'posting_date' holds a valid date, but it is stored as text rather than an Excel date.",No action needed for loading; the value will be converted. Ask the source system owner to export dates as date cells.,2026-10-09T15:32:09
ING-20261004_154838,general_ledger,general_ledger.xlsx,Sheet1,122216,journal_id=JRN000061103|account_code=6300,DATA_VALIDATION,DATE_STORED_AS_TEXT,posting_date,FAIL,WARNING,2026-12-31,An Excel date cell.,,,"'posting_date' holds a valid date, but it is stored as text rather than an Excel date.",No action needed for loading; the value will be converted. Ask the source system owner to export dates as date cells.,2026-10-09T15:32:09
ING-20261004_154838,general_ledger,general_ledger.xlsx,Sheet1,122217,journal_id=JRN000061103|account_code=1590,DATA_VALIDATION,DATE_STORED_AS_TEXT,posting_date,FAIL,WARNING,2026-12-31,An Excel date cell.,,,"'posting_date' holds a valid date, but it is stored as text rather than an Excel date.",No action needed for loading; the value will be converted. Ask the source system owner to export dates as date cells.,2026-10-09T15:32:09
ING-20261004_154838,general_ledger,general_ledger.xlsx,Sheet1,122218,journal_id=JRN000061104|account_code=6300,DATA_VALIDATION,DATE_STORED_AS_TEXT,posting_date,FAIL,WARNING,2026-12-31,An Excel date cell.,,,"'posting_date' holds a valid date, but it is stored as text rather than an Excel date.",No action needed for loading; the value will be converted. Ask the source system owner to export dates as date cells.,2026-10-09T15:32:09
ING-20261004_154838,general_ledger,general_ledger.xlsx,Sheet1,122219,journal_id=JRN000061104|account_code=1590,DATA_VALIDATION,DATE_STORED_AS_TEXT,posting_date,FAIL,WARNING,2026-12-31,An Excel date cell.,,,"'posting_date' holds a valid date, but it is stored as text rather than an Excel date.",No action needed for loading; the value will be converted. Ask the source system owner to export dates as date cells.,2026-10-09T15:32:09
ING-20261004_154838,general_ledger,general_ledger.xlsx,Sheet1,122220,journal_id=JRN000061105|account_code=6300,DATA_VALIDATION,DATE_STORED_AS_TEXT,posting_date,FAIL,WARNING,2026-12-31,An Excel date cell.,,,"'posting_date' holds a valid date, but it is stored as text rather than an Excel date.",No action needed for loading; the value will be converted. Ask the source system owner to export dates as date cells.,2026-10-09T15:32:09
ING-20261004_154838,general_ledger,general_ledger.xlsx,Sheet1,122221,journal_id=JRN000061105|account_code=1590,DATA_VALIDATION,DATE_STORED_AS_TEXT,posting_date,FAIL,WARNING,2026-12-31,An Excel date cell.,,,"'posting_date' holds a valid date, but it is stored as text rather than an Excel date.",No action needed for loading; the value will be converted. Ask the source system owner to export dates as date cells.,2026-10-09T15:32:09
ING-20261004_154838,general_ledger,general_ledger.xlsx,Sheet1,122222,journal_id=JRN000061106|account_code=6300,DATA_VALIDATION,DATE_STORED_AS_TEXT,posting_date,FAIL,WARNING,2026-12-31,An Excel date cell.,,,"'posting_date' holds a valid date, but it is stored as text rather than an Excel date.",No action needed for loading; the value will be converted. Ask the source system owner to export dates as date cells.,2026-10-09T15:32:09
ING-20261004_154838,general_ledger,general_ledger.xlsx,Sheet1,122223,journal_id=JRN000061106|account_code=1590,DATA_VALIDATION,DATE_STORED_AS_TEXT,posting_date,FAIL,WARNING,2026-12-31,An Excel date cell.,,,"'posting_date' holds a valid date, but it is stored as text rather than an Excel date.",No action needed for loading; the value will be converted. Ask the source system owner to export dates as date cells.,2026-10-09T15:32:09
ING-20261004_154838,general_ledger,general_ledger.xlsx,Sheet1,122224,journal_id=JRN000061107|account_code=6300,DATA_VALIDATION,DATE_STORED_AS_TEXT,posting_date,FAIL,WARNING,2026-12-31,An Excel date cell.,,,"'posting_date' holds a valid date, but it is stored as text rather than an Excel date.",No action needed for loading; the value will be converted. Ask the source system owner to export dates as date cells.,2026-10-09T15:32:09
ING-20261004_154838,general_ledger,general_ledger.xlsx,Sheet1,122225,journal_id=JRN000061107|account_code=1590,DATA_VALIDATION,DATE_STORED_AS_TEXT,posting_date,FAIL,WARNING,2026-12-31,An Excel date cell.,,,"'posting_date' holds a valid date, but it is stored as text rather than an Excel date.",No action needed for loading; the value will be converted. Ask the source system owner to export dates as date cells.,2026-10-09T15:32:09
ING-20261004_154838,general_ledger,general_ledger.xlsx,Sheet1,122226,journal_id=JRN000061108|account_code=6300,DATA_VALIDATION,DATE_STORED_AS_TEXT,posting_date,FAIL,WARNING,2026-12-31,An Excel date cell.,,,"'posting_date' holds a valid date, but it is stored as text rather than an Excel date.",No action needed for loading; the value will be converted. Ask the source system owner to export dates as date cells.,2026-10-09T15:32:09
ING-20261004_154838,general_ledger,general_ledger.xlsx,Sheet1,122227,journal_id=JRN000061108|account_code=1590,DATA_VALIDATION,DATE_STORED_AS_TEXT,posting_date,FAIL,WARNING,2026-12-31,An Excel date cell.,,,"'posting_date' holds a valid date, but it is stored as text rather than an Excel date.",No action needed for loading; the value will be converted. Ask the source system owner to export dates as date cells.,2026-10-09T15:32:09
ING-20261004_154838,general_ledger,general_ledger.xlsx,Sheet1,122228,journal_id=JRN000061109|account_code=6300,DATA_VALIDATION,DATE_STORED_AS_TEXT,posting_date,FAIL,WARNING,2026-12-31,An Excel date cell.,,,"'posting_date' holds a valid date, but it is stored as text rather than an Excel date.",No action needed for loading; the value will be converted. Ask the source system owner to export dates as date cells.,2026-10-09T15:32:09
ING-20261004_154838,general_ledger,general_ledger.xlsx,Sheet1,122229,journal_id=JRN000061109|account_code=1590,DATA_VALIDATION,DATE_STORED_AS_TEXT,posting_date,FAIL,WARNING,2026-12-31,An Excel date cell.,,,"'posting_date' holds a valid date, but it is stored as text rather than an Excel date.",No action needed for loading; the value will be converted. Ask the source system owner to export dates as date cells.,2026-10-09T15:32:09
ING-20261004_154838,general_ledger,general_ledger.xlsx,Sheet1,122230,journal_id=JRN000061110|account_code=6300,DATA_VALIDATION,DATE_STORED_AS_TEXT,posting_date,FAIL,WARNING,2026-12-31,An Excel date cell.,,,"'posting_date' holds a valid date, but it is stored as text rather than an Excel date.",No action needed for loading; the value will be converted. Ask the source system owner to export dates as date cells.,2026-10-09T15:32:09
ING-20261004_154838,general_ledger,general_ledger.xlsx,Sheet1,122231,journal_id=JRN000061110|account_code=1590,DATA_VALIDATION,DATE_STORED_AS_TEXT,posting_date,FAIL,WARNING,2026-12-31,An Excel date cell.,,,"'posting_date' holds a valid date, but it is stored as text rather than an Excel date.",No action needed for loading; the value will be converted. Ask the source system owner to export dates as date cells.,2026-10-09T15:32:09
ING-20261004_154838,general_ledger,general_ledger.xlsx,Sheet1,122232,journal_id=JRN000061111|account_code=6300,DATA_VALIDATION,DATE_STORED_AS_TEXT,posting_date,FAIL,WARNING,2026-12-31,An Excel date cell.,,,"'posting_date' holds a valid date, but it is stored as text rather than an Excel date.",No action needed for loading; the value will be converted. Ask the source system owner to export dates as date cells.,2026-10-09T15:32:09
ING-20261004_154838,general_ledger,general_ledger.xlsx,Sheet1,122233,journal_id=JRN000061111|account_code=1590,DATA_VALIDATION,DATE_STORED_AS_TEXT,posting_date,FAIL,WARNING,2026-12-31,An Excel date cell.,,,"'posting_date' holds a valid date, but it is stored as text rather than an Excel date.",No action needed for loading; the value will be converted. Ask the source system owner to export dates as date cells.,2026-10-09T15:32:09
ING-20261004_154838,general_ledger,general_ledger.xlsx,Sheet1,122234,journal_id=JRN000061112|account_code=6300,DATA_VALIDATION,DATE_STORED_AS_TEXT,posting_date,FAIL,WARNING,2026-12-31,An Excel date cell.,,,"'posting_date' holds a valid date, but it is stored as text rather than an Excel date.",No action needed for loading; the value will be converted. Ask the source system owner to export dates as date cells.,2026-10-09T15:32:09
ING-20261004_154838,general_ledger,general_ledger.xlsx,Sheet1,122235,journal_id=JRN000061112|account_code=1590,DATA_VALIDATION,DATE_STORED_AS_TEXT,posting_date,FAIL,WARNING,2026-12-31,An Excel date cell.,,,"'posting_date' holds a valid date, but it is stored as text rather than an Excel date.",No action needed for loading; the value will be converted. Ask the source system owner to export dates as date cells.,2026-10-09T15:32:09
ING-20261004_154838,general_ledger,general_ledger.xlsx,Sheet1,122236,journal_id=JRN000061113|account_code=6300,DATA_VALIDATION,DATE_STORED_AS_TEXT,posting_date,FAIL,WARNING,2026-12-31,An Excel date cell.,,,"'posting_date' holds a valid date, but it is stored as text rather than an Excel date.",No action needed for loading; the value will be converted. Ask the source system owner to export dates as date cells.,2026-10-09T15:32:09
ING-20261004_154838,general_ledger,general_ledger.xlsx,Sheet1,122237,journal_id=JRN000061113|account_code=1590,DATA_VALIDATION,DATE_STORED_AS_TEXT,posting_date,FAIL,WARNING,2026-12-31,An Excel date cell.,,,"'posting_date' holds a valid date, but it is stored as text rather than an Excel date.",No action needed for loading; the value will be converted. Ask the source system owner to export dates as date cells.,2026-10-09T15:32:09
ING-20261004_154838,general_ledger,general_ledger.xlsx,Sheet1,122238,journal_id=JRN000061114|account_code=6300,DATA_VALIDATION,DATE_STORED_AS_TEXT,posting_date,FAIL,WARNING,2026-12-31,An Excel date cell.,,,"'posting_date' holds a valid date, but it is stored as text rather than an Excel date.",No action needed for loading; the value will be converted. Ask the source system owner to export dates as date cells.,2026-10-09T15:32:09
ING-20261004_154838,general_ledger,general_ledger.xlsx,Sheet1,122239,journal_id=JRN000061114|account_code=1590,DATA_VALIDATION,DATE_STORED_AS_TEXT,posting_date,FAIL,WARNING,2026-12-31,An Excel date cell.,,,"'posting_date' holds a valid date, but it is stored as text rather than an Excel date.",No action needed for loading; the value will be converted. Ask the source system owner to export dates as date cells.,2026-10-09T15:32:09
ING-20261004_154838,general_ledger,general_ledger.xlsx,Sheet1,122240,journal_id=JRN000061115|account_code=6300,DATA_VALIDATION,DATE_STORED_AS_TEXT,posting_date,FAIL,WARNING,2026-12-31,An Excel date cell.,,,"'posting_date' holds a valid date, but it is stored as text rather than an Excel date.",No action needed for loading; the value will be converted. Ask the source system owner to export dates as date cells.,2026-10-09T15:32:09
ING-20261004_154838,general_ledger,general_ledger.xlsx,Sheet1,122241,journal_id=JRN000061115|account_code=1590,DATA_VALIDATION,DATE_STORED_AS_TEXT,posting_date,FAIL,WARNING,2026-12-31,An Excel date cell.,,,"'posting_date' holds a valid date, but it is stored as text rather than an Excel date.",No action needed for loading; the value will be converted. Ask the source system owner to export dates as date cells.,2026-10-09T15:32:09
ING-20261004_154838,general_ledger,general_ledger.xlsx,Sheet1,122242,journal_id=JRN000061116|account_code=6300,DATA_VALIDATION,DATE_STORED_AS_TEXT,posting_date,FAIL,WARNING,2026-12-31,An Excel date cell.,,,"'posting_date' holds a valid date, but it is stored as text rather than an Excel date.",No action needed for loading; the value will be converted. Ask the source system owner to export dates as date cells.,2026-10-09T15:32:09
ING-20261004_154838,general_ledger,general_ledger.xlsx,Sheet1,122243,journal_id=JRN000061116|account_code=1590,DATA_VALIDATION,DATE_STORED_AS_TEXT,posting_date,FAIL,WARNING,2026-12-31,An Excel date cell.,,,"'posting_date' holds a valid date, but it is stored as text rather than an Excel date.",No action needed for loading; the value will be converted. Ask the source system owner to export dates as date cells.,2026-10-09T15:32:09
ING-20261004_154838,general_ledger,general_ledger.xlsx,Sheet1,122244,journal_id=JRN000061117|account_code=6300,DATA_VALIDATION,DATE_STORED_AS_TEXT,posting_date,FAIL,WARNING,2026-12-31,An Excel date cell.,,,"'posting_date' holds a valid date, but it is stored as text rather than an Excel date.",No action needed for loading; the value will be converted. Ask the source system owner to export dates as date cells.,2026-10-09T15:32:09
ING-20261004_154838,general_ledger,general_ledger.xlsx,Sheet1,122245,journal_id=JRN000061117|account_code=1590,DATA_VALIDATION,DATE_STORED_AS_TEXT,posting_date,FAIL,WARNING,2026-12-31,An Excel date cell.,,,"'posting_date' holds a valid date, but it is stored as text rather than an Excel date.",No action needed for loading; the value will be converted. Ask the source system owner to export dates as date cells.,2026-10-09T15:32:09
ING-20261004_154838,general_ledger,general_ledger.xlsx,Sheet1,122246,journal_id=JRN000061118|account_code=6300,DATA_VALIDATION,DATE_STORED_AS_TEXT,posting_date,FAIL,WARNING,2026-12-31,An Excel date cell.,,,"'posting_date' holds a valid date, but it is stored as text rather than an Excel date.",No action needed for loading; the value will be converted. Ask the source system owner to export dates as date cells.,2026-10-09T15:32:09
ING-20261004_154838,general_ledger,general_ledger.xlsx,Sheet1,122247,journal_id=JRN000061118|account_code=1590,DATA_VALIDATION,DATE_STORED_AS_TEXT,posting_date,FAIL,WARNING,2026-12-31,An Excel date cell.,,,"'posting_date' holds a valid date, but it is stored as text rather than an Excel date.",No action needed for loading; the value will be converted. Ask the source system owner to export dates as date cells.,2026-10-09T15:32:09
ING-20261004_154838,general_ledger,general_ledger.xlsx,Sheet1,122248,journal_id=JRN000061119|account_code=6300,DATA_VALIDATION,DATE_STORED_AS_TEXT,posting_date,FAIL,WARNING,2026-12-31,An Excel date cell.,,,"'posting_date' holds a valid date, but it is stored as text rather than an Excel date.",No action needed for loading; the value will be converted. Ask the source system owner to export dates as date cells.,2026-10-09T15:32:09
ING-20261004_154838,general_ledger,general_ledger.xlsx,Sheet1,122249,journal_id=JRN000061119|account_code=1590,DATA_VALIDATION,DATE_STORED_AS_TEXT,posting_date,FAIL,WARNING,2026-12-31,An Excel date cell.,,,"'posting_date' holds a valid date, but it is stored as text rather than an Excel date.",No action needed for loading; the value will be converted. Ask the source system owner to export dates as date cells.,2026-10-09T15:32:09
ING-20261004_154838,general_ledger,general_ledger.xlsx,Sheet1,122250,journal_id=JRN000061120|account_code=6300,DATA_VALIDATION,DATE_STORED_AS_TEXT,posting_date,FAIL,WARNING,2026-12-31,An Excel date cell.,,,"'posting_date' holds a valid date, but it is stored as text rather than an Excel date.",No action needed for loading; the value will be converted. Ask the source system owner to export dates as date cells.,2026-10-09T15:32:09
ING-20261004_154838,general_ledger,general_ledger.xlsx,Sheet1,122251,journal_id=JRN000061120|account_code=1590,DATA_VALIDATION,DATE_STORED_AS_TEXT,posting_date,FAIL,WARNING,2026-12-31,An Excel date cell.,,,"'posting_date' holds a valid date, but it is stored as text rather than an Excel date.",No action needed for loading; the value will be converted. Ask the source system owner to export dates as date cells.,2026-10-09T15:32:09
ING-20261004_154838,general_ledger,general_ledger.xlsx,Sheet1,122252,journal_id=JRN000061121|account_code=6300,DATA_VALIDATION,DATE_STORED_AS_TEXT,posting_date,FAIL,WARNING,2026-12-31,An Excel date cell.,,,"'posting_date' holds a valid date, but it is stored as text rather than an Excel date.",No action needed for loading; the value will be converted. Ask the source system owner to export dates as date cells.,2026-10-09T15:32:09
ING-20261004_154838,general_ledger,general_ledger.xlsx,Sheet1,122253,journal_id=JRN000061121|account_code=1590,DATA_VALIDATION,DATE_STORED_AS_TEXT,posting_date,FAIL,WARNING,2026-12-31,An Excel date cell.,,,"'posting_date' holds a valid date, but it is stored as text rather than an Excel date.",No action needed for loading; the value will be converted. Ask the source system owner to export dates as date cells.,2026-10-09T15:32:09
ING-20261004_154838,general_ledger,general_ledger.xlsx,Sheet1,2,journal_id=OPEN-001|account_code=1010,DATA_VALIDATION,REFERENTIAL_INTEGRITY,transaction_type,FAIL,WARNING,OPENING,A value that exists in config/posting_rules.csv.transaction_type.,,,'OPENING' in 'transaction_type' does not exist in config/posting_rules.csv.transaction_type.,"Add a posting rule for this transaction type to config/posting_rules.csv, or correct the journal.",2026-10-09T15:32:10
ING-20261004_154838,general_ledger,general_ledger.xlsx,Sheet1,3,journal_id=OPEN-002|account_code=1200,DATA_VALIDATION,REFERENTIAL_INTEGRITY,transaction_type,FAIL,WARNING,OPENING,A value that exists in config/posting_rules.csv.transaction_type.,,,'OPENING' in 'transaction_type' does not exist in config/posting_rules.csv.transaction_type.,"Add a posting rule for this transaction type to config/posting_rules.csv, or correct the journal.",2026-10-09T15:32:10
ING-20261004_154838,general_ledger,general_ledger.xlsx,Sheet1,4,journal_id=OPEN-003|account_code=1500,DATA_VALIDATION,REFERENTIAL_INTEGRITY,transaction_type,FAIL,WARNING,OPENING,A value that exists in config/posting_rules.csv.transaction_type.,,,'OPENING' in 'transaction_type' does not exist in config/posting_rules.csv.transaction_type.,"Add a posting rule for this transaction type to config/posting_rules.csv, or correct the journal.",2026-10-09T15:32:10
ING-20261004_154838,general_ledger,general_ledger.xlsx,Sheet1,5,journal_id=OPEN-004|account_code=1510,DATA_VALIDATION,REFERENTIAL_INTEGRITY,transaction_type,FAIL,WARNING,OPENING,A value that exists in config/posting_rules.csv.transaction_type.,,,'OPENING' in 'transaction_type' does not exist in config/posting_rules.csv.transaction_type.,"Add a posting rule for this transaction type to config/posting_rules.csv, or correct the journal.",2026-10-09T15:32:10
ING-20261004_154838,general_ledger,general_ledger.xlsx,Sheet1,6,journal_id=OPEN-005|account_code=1520,DATA_VALIDATION,REFERENTIAL_INTEGRITY,transaction_type,FAIL,WARNING,OPENING,A value that exists in config/posting_rules.csv.transaction_type.,,,'OPENING' in 'transaction_type' does not exist in config/posting_rules.csv.transaction_type.,"Add a posting rule for this transaction type to config/posting_rules.csv, or correct the journal.",2026-10-09T15:32:10
ING-20261004_154838,general_ledger,general_ledger.xlsx,Sheet1,7,journal_id=OPEN-006|account_code=1590,DATA_VALIDATION,REFERENTIAL_INTEGRITY,transaction_type,FAIL,WARNING,OPENING,A value that exists in config/posting_rules.csv.transaction_type.,,,'OPENING' in 'transaction_type' does not exist in config/posting_rules.csv.transaction_type.,"Add a posting rule for this transaction type to config/posting_rules.csv, or correct the journal.",2026-10-09T15:32:10
ING-20261004_154838,general_ledger,general_ledger.xlsx,Sheet1,8,journal_id=OPEN-007|account_code=2000,DATA_VALIDATION,REFERENTIAL_INTEGRITY,transaction_type,FAIL,WARNING,OPENING,A value that exists in config/posting_rules.csv.transaction_type.,,,'OPENING' in 'transaction_type' does not exist in config/posting_rules.csv.transaction_type.,"Add a posting rule for this transaction type to config/posting_rules.csv, or correct the journal.",2026-10-09T15:32:10
ING-20261004_154838,general_ledger,general_ledger.xlsx,Sheet1,9,journal_id=OPEN-008|account_code=2200,DATA_VALIDATION,REFERENTIAL_INTEGRITY,transaction_type,FAIL,WARNING,OPENING,A value that exists in config/posting_rules.csv.transaction_type.,,,'OPENING' in 'transaction_type' does not exist in config/posting_rules.csv.transaction_type.,"Add a posting rule for this transaction type to config/posting_rules.csv, or correct the journal.",2026-10-09T15:32:10
ING-20261004_154838,general_ledger,general_ledger.xlsx,Sheet1,10,journal_id=OPEN-009|account_code=3000,DATA_VALIDATION,REFERENTIAL_INTEGRITY,transaction_type,FAIL,WARNING,OPENING,A value that exists in config/posting_rules.csv.transaction_type.,,,'OPENING' in 'transaction_type' does not exist in config/posting_rules.csv.transaction_type.,"Add a posting rule for this transaction type to config/posting_rules.csv, or correct the journal.",2026-10-09T15:32:10
ING-20261004_154838,general_ledger,general_ledger.xlsx,Sheet1,11,journal_id=OPEN-010|account_code=3100,DATA_VALIDATION,REFERENTIAL_INTEGRITY,transaction_type,FAIL,WARNING,OPENING,A value that exists in config/posting_rules.csv.transaction_type.,,,'OPENING' in 'transaction_type' does not exist in config/posting_rules.csv.transaction_type.,"Add a posting rule for this transaction type to config/posting_rules.csv, or correct the journal.",2026-10-09T15:32:10
ING-20261004_154838,general_ledger,general_ledger.xlsx,Sheet1,119878,journal_id=JRN000059934|account_code=6160,DATA_VALIDATION,REFERENTIAL_INTEGRITY,transaction_type,FAIL,WARNING,SECURITY,A value that exists in config/posting_rules.csv.transaction_type.,,,'SECURITY' in 'transaction_type' does not exist in config/posting_rules.csv.transaction_type.,"Add a posting rule for this transaction type to config/posting_rules.csv, or correct the journal.",2026-10-09T15:32:10
ING-20261004_154838,general_ledger,general_ledger.xlsx,Sheet1,119879,journal_id=JRN000059934|account_code=1010,DATA_VALIDATION,REFERENTIAL_INTEGRITY,transaction_type,FAIL,WARNING,SECURITY,A value that exists in config/posting_rules.csv.transaction_type.,,,'SECURITY' in 'transaction_type' does not exist in config/posting_rules.csv.transaction_type.,"Add a posting rule for this transaction type to config/posting_rules.csv, or correct the journal.",2026-10-09T15:32:10
ING-20261004_154838,general_ledger,general_ledger.xlsx,Sheet1,119880,journal_id=JRN000059935|account_code=6150,DATA_VALIDATION,REFERENTIAL_INTEGRITY,transaction_type,FAIL,WARNING,MAINTENANCE,A value that exists in config/posting_rules.csv.transaction_type.,,,'MAINTENANCE' in 'transaction_type' does not exist in config/posting_rules.csv.transaction_type.,"Add a posting rule for this transaction type to config/posting_rules.csv, or correct the journal.",2026-10-09T15:32:10
ING-20261004_154838,general_ledger,general_ledger.xlsx,Sheet1,119881,journal_id=JRN000059935|account_code=1010,DATA_VALIDATION,REFERENTIAL_INTEGRITY,transaction_type,FAIL,WARNING,MAINTENANCE,A value that exists in config/posting_rules.csv.transaction_type.,,,'MAINTENANCE' in 'transaction_type' does not exist in config/posting_rules.csv.transaction_type.,"Add a posting rule for this transaction type to config/posting_rules.csv, or correct the journal.",2026-10-09T15:32:10
ING-20261004_154838,general_ledger,general_ledger.xlsx,Sheet1,119890,journal_id=JRN000059940|account_code=6160,DATA_VALIDATION,REFERENTIAL_INTEGRITY,transaction_type,FAIL,WARNING,SECURITY,A value that exists in config/posting_rules.csv.transaction_type.,,,'SECURITY' in 'transaction_type' does not exist in config/posting_rules.csv.transaction_type.,"Add a posting rule for this transaction type to config/posting_rules.csv, or correct the journal.",2026-10-09T15:32:10
ING-20261004_154838,general_ledger,general_ledger.xlsx,Sheet1,119891,journal_id=JRN000059940|account_code=1010,DATA_VALIDATION,REFERENTIAL_INTEGRITY,transaction_type,FAIL,WARNING,SECURITY,A value that exists in config/posting_rules.csv.transaction_type.,,,'SECURITY' in 'transaction_type' does not exist in config/posting_rules.csv.transaction_type.,"Add a posting rule for this transaction type to config/posting_rules.csv, or correct the journal.",2026-10-09T15:32:10
ING-20261004_154838,general_ledger,general_ledger.xlsx,Sheet1,119892,journal_id=JRN000059941|account_code=6150,DATA_VALIDATION,REFERENTIAL_INTEGRITY,transaction_type,FAIL,WARNING,MAINTENANCE,A value that exists in config/posting_rules.csv.transaction_type.,,,'MAINTENANCE' in 'transaction_type' does not exist in config/posting_rules.csv.transaction_type.,"Add a posting rule for this transaction type to config/posting_rules.csv, or correct the journal.",2026-10-09T15:32:10
ING-20261004_154838,general_ledger,general_ledger.xlsx,Sheet1,119893,journal_id=JRN000059941|account_code=1010,DATA_VALIDATION,REFERENTIAL_INTEGRITY,transaction_type,FAIL,WARNING,MAINTENANCE,A value that exists in config/posting_rules.csv.transaction_type.,,,'MAINTENANCE' in 'transaction_type' does not exist in config/posting_rules.csv.transaction_type.,"Add a posting rule for this transaction type to config/posting_rules.csv, or correct the journal.",2026-10-09T15:32:10
ING-20261004_154838,general_ledger,general_ledger.xlsx,Sheet1,119902,journal_id=JRN000059946|account_code=6160,DATA_VALIDATION,REFERENTIAL_INTEGRITY,transaction_type,FAIL,WARNING,SECURITY,A value that exists in config/posting_rules.csv.transaction_type.,,,'SECURITY' in 'transaction_type' does not exist in config/posting_rules.csv.transaction_type.,"Add a posting rule for this transaction type to config/posting_rules.csv, or correct the journal.",2026-10-09T15:32:10
ING-20261004_154838,general_ledger,general_ledger.xlsx,Sheet1,119903,journal_id=JRN000059946|account_code=1010,DATA_VALIDATION,REFERENTIAL_INTEGRITY,transaction_type,FAIL,WARNING,SECURITY,A value that exists in config/posting_rules.csv.transaction_type.,,,'SECURITY' in 'transaction_type' does not exist in config/posting_rules.csv.transaction_type.,"Add a posting rule for this transaction type to config/posting_rules.csv, or correct the journal.",2026-10-09T15:32:10
ING-20261004_154838,general_ledger,general_ledger.xlsx,Sheet1,119904,journal_id=JRN000059947|account_code=6150,DATA_VALIDATION,REFERENTIAL_INTEGRITY,transaction_type,FAIL,WARNING,MAINTENANCE,A value that exists in config/posting_rules.csv.transaction_type.,,,'MAINTENANCE' in 'transaction_type' does not exist in config/posting_rules.csv.transaction_type.,"Add a posting rule for this transaction type to config/posting_rules.csv, or correct the journal.",2026-10-09T15:32:10
ING-20261004_154838,general_ledger,general_ledger.xlsx,Sheet1,119905,journal_id=JRN000059947|account_code=1010,DATA_VALIDATION,REFERENTIAL_INTEGRITY,transaction_type,FAIL,WARNING,MAINTENANCE,A value that exists in config/posting_rules.csv.transaction_type.,,,'MAINTENANCE' in 'transaction_type' does not exist in config/posting_rules.csv.transaction_type.,"Add a posting rule for this transaction type to config/posting_rules.csv, or correct the journal.",2026-10-09T15:32:10
ING-20261004_154838,general_ledger,general_ledger.xlsx,Sheet1,119914,journal_id=JRN000059952|account_code=6160,DATA_VALIDATION,REFERENTIAL_INTEGRITY,transaction_type,FAIL,WARNING,SECURITY,A value that exists in config/posting_rules.csv.transaction_type.,,,'SECURITY' in 'transaction_type' does not exist in config/posting_rules.csv.transaction_type.,"Add a posting rule for this transaction type to config/posting_rules.csv, or correct the journal.",2026-10-09T15:32:10
ING-20261004_154838,general_ledger,general_ledger.xlsx,Sheet1,119915,journal_id=JRN000059952|account_code=1010,DATA_VALIDATION,REFERENTIAL_INTEGRITY,transaction_type,FAIL,WARNING,SECURITY,A value that exists in config/posting_rules.csv.transaction_type.,,,'SECURITY' in 'transaction_type' does not exist in config/posting_rules.csv.transaction_type.,"Add a posting rule for this transaction type to config/posting_rules.csv, or correct the journal.",2026-10-09T15:32:10
ING-20261004_154838,general_ledger,general_ledger.xlsx,Sheet1,119916,journal_id=JRN000059953|account_code=6150,DATA_VALIDATION,REFERENTIAL_INTEGRITY,transaction_type,FAIL,WARNING,MAINTENANCE,A value that exists in config/posting_rules.csv.transaction_type.,,,'MAINTENANCE' in 'transaction_type' does not exist in config/posting_rules.csv.transaction_type.,"Add a posting rule for this transaction type to config/posting_rules.csv, or correct the journal.",2026-10-09T15:32:10
ING-20261004_154838,general_ledger,general_ledger.xlsx,Sheet1,119917,journal_id=JRN000059953|account_code=1010,DATA_VALIDATION,REFERENTIAL_INTEGRITY,transaction_type,FAIL,WARNING,MAINTENANCE,A value that exists in config/posting_rules.csv.transaction_type.,,,'MAINTENANCE' in 'transaction_type' does not exist in config/posting_rules.csv.transaction_type.,"Add a posting rule for this transaction type to config/posting_rules.csv, or correct the journal.",2026-10-09T15:32:10
ING-20261004_154838,general_ledger,general_ledger.xlsx,Sheet1,119926,journal_id=JRN000059958|account_code=6160,DATA_VALIDATION,REFERENTIAL_INTEGRITY,transaction_type,FAIL,WARNING,SECURITY,A value that exists in config/posting_rules.csv.transaction_type.,,,'SECURITY' in 'transaction_type' does not exist in config/posting_rules.csv.transaction_type.,"Add a posting rule for this transaction type to config/posting_rules.csv, or correct the journal.",2026-10-09T15:32:10
ING-20261004_154838,general_ledger,general_ledger.xlsx,Sheet1,119927,journal_id=JRN000059958|account_code=1010,DATA_VALIDATION,REFERENTIAL_INTEGRITY,transaction_type,FAIL,WARNING,SECURITY,A value that exists in config/posting_rules.csv.transaction_type.,,,'SECURITY' in 'transaction_type' does not exist in config/posting_rules.csv.transaction_type.,"Add a posting rule for this transaction type to config/posting_rules.csv, or correct the journal.",2026-10-09T15:32:10
ING-20261004_154838,general_ledger,general_ledger.xlsx,Sheet1,119928,journal_id=JRN000059959|account_code=6150,DATA_VALIDATION,REFERENTIAL_INTEGRITY,transaction_type,FAIL,WARNING,MAINTENANCE,A value that exists in config/posting_rules.csv.transaction_type.,,,'MAINTENANCE' in 'transaction_type' does not exist in config/posting_rules.csv.transaction_type.,"Add a posting rule for this transaction type to config/posting_rules.csv, or correct the journal.",2026-10-09T15:32:10
ING-20261004_154838,general_ledger,general_ledger.xlsx,Sheet1,119929,journal_id=JRN000059959|account_code=1010,DATA_VALIDATION,REFERENTIAL_INTEGRITY,transaction_type,FAIL,WARNING,MAINTENANCE,A value that exists in config/posting_rules.csv.transaction_type.,,,'MAINTENANCE' in 'transaction_type' does not exist in config/posting_rules.csv.transaction_type.,"Add a posting rule for this transaction type to config/posting_rules.csv, or correct the journal.",2026-10-09T15:32:10
ING-20261004_154838,general_ledger,general_ledger.xlsx,Sheet1,119938,journal_id=JRN000059964|account_code=6160,DATA_VALIDATION,REFERENTIAL_INTEGRITY,transaction_type,FAIL,WARNING,SECURITY,A value that exists in config/posting_rules.csv.transaction_type.,,,'SECURITY' in 'transaction_type' does not exist in config/posting_rules.csv.transaction_type.,"Add a posting rule for this transaction type to config/posting_rules.csv, or correct the journal.",2026-10-09T15:32:10
ING-20261004_154838,general_ledger,general_ledger.xlsx,Sheet1,119939,journal_id=JRN000059964|account_code=1010,DATA_VALIDATION,REFERENTIAL_INTEGRITY,transaction_type,FAIL,WARNING,SECURITY,A value that exists in config/posting_rules.csv.transaction_type.,,,'SECURITY' in 'transaction_type' does not exist in config/posting_rules.csv.transaction_type.,"Add a posting rule for this transaction type to config/posting_rules.csv, or correct the journal.",2026-10-09T15:32:10
ING-20261004_154838,general_ledger,general_ledger.xlsx,Sheet1,119940,journal_id=JRN000059965|account_code=6150,DATA_VALIDATION,REFERENTIAL_INTEGRITY,transaction_type,FAIL,WARNING,MAINTENANCE,A value that exists in config/posting_rules.csv.transaction_type.,,,'MAINTENANCE' in 'transaction_type' does not exist in config/posting_rules.csv.transaction_type.,"Add a posting rule for this transaction type to config/posting_rules.csv, or correct the journal.",2026-10-09T15:32:10
ING-20261004_154838,general_ledger,general_ledger.xlsx,Sheet1,119941,journal_id=JRN000059965|account_code=1010,DATA_VALIDATION,REFERENTIAL_INTEGRITY,transaction_type,FAIL,WARNING,MAINTENANCE,A value that exists in config/posting_rules.csv.transaction_type.,,,'MAINTENANCE' in 'transaction_type' does not exist in config/posting_rules.csv.transaction_type.,"Add a posting rule for this transaction type to config/posting_rules.csv, or correct the journal.",2026-10-09T15:32:10
ING-20261004_154838,general_ledger,general_ledger.xlsx,Sheet1,119950,journal_id=JRN000059970|account_code=6160,DATA_VALIDATION,REFERENTIAL_INTEGRITY,transaction_type,FAIL,WARNING,SECURITY,A value that exists in config/posting_rules.csv.transaction_type.,,,'SECURITY' in 'transaction_type' does not exist in config/posting_rules.csv.transaction_type.,"Add a posting rule for this transaction type to config/posting_rules.csv, or correct the journal.",2026-10-09T15:32:10
ING-20261004_154838,general_ledger,general_ledger.xlsx,Sheet1,119951,journal_id=JRN000059970|account_code=1010,DATA_VALIDATION,REFERENTIAL_INTEGRITY,transaction_type,FAIL,WARNING,SECURITY,A value that exists in config/posting_rules.csv.transaction_type.,,,'SECURITY' in 'transaction_type' does not exist in config/posting_rules.csv.transaction_type.,"Add a posting rule for this transaction type to config/posting_rules.csv, or correct the journal.",2026-10-09T15:32:10
ING-20261004_154838,general_ledger,general_ledger.xlsx,Sheet1,119952,journal_id=JRN000059971|account_code=6150,DATA_VALIDATION,REFERENTIAL_INTEGRITY,transaction_type,FAIL,WARNING,MAINTENANCE,A value that exists in config/posting_rules.csv.transaction_type.,,,'MAINTENANCE' in 'transaction_type' does not exist in config/posting_rules.csv.transaction_type.,"Add a posting rule for this transaction type to config/posting_rules.csv, or correct the journal.",2026-10-09T15:32:10
ING-20261004_154838,general_ledger,general_ledger.xlsx,Sheet1,119953,journal_id=JRN000059971|account_code=1010,DATA_VALIDATION,REFERENTIAL_INTEGRITY,transaction_type,FAIL,WARNING,MAINTENANCE,A value that exists in config/posting_rules.csv.transaction_type.,,,'MAINTENANCE' in 'transaction_type' does not exist in config/posting_rules.csv.transaction_type.,"Add a posting rule for this transaction type to config/posting_rules.csv, or correct the journal.",2026-10-09T15:32:10
ING-20261004_154838,general_ledger,general_ledger.xlsx,Sheet1,119962,journal_id=JRN000059976|account_code=6160,DATA_VALIDATION,REFERENTIAL_INTEGRITY,transaction_type,FAIL,WARNING,SECURITY,A value that exists in config/posting_rules.csv.transaction_type.,,,'SECURITY' in 'transaction_type' does not exist in config/posting_rules.csv.transaction_type.,"Add a posting rule for this transaction type to config/posting_rules.csv, or correct the journal.",2026-10-09T15:32:10
ING-20261004_154838,general_ledger,general_ledger.xlsx,Sheet1,119963,journal_id=JRN000059976|account_code=1010,DATA_VALIDATION,REFERENTIAL_INTEGRITY,transaction_type,FAIL,WARNING,SECURITY,A value that exists in config/posting_rules.csv.transaction_type.,,,'SECURITY' in 'transaction_type' does not exist in config/posting_rules.csv.transaction_type.,"Add a posting rule for this transaction type to config/posting_rules.csv, or correct the journal.",2026-10-09T15:32:10
ING-20261004_154838,general_ledger,general_ledger.xlsx,Sheet1,119964,journal_id=JRN000059977|account_code=6150,DATA_VALIDATION,REFERENTIAL_INTEGRITY,transaction_type,FAIL,WARNING,MAINTENANCE,A value that exists in config/posting_rules.csv.transaction_type.,,,'MAINTENANCE' in 'transaction_type' does not exist in config/posting_rules.csv.transaction_type.,"Add a posting rule for this transaction type to config/posting_rules.csv, or correct the journal.",2026-10-09T15:32:10
ING-20261004_154838,general_ledger,general_ledger.xlsx,Sheet1,119965,journal_id=JRN000059977|account_code=1010,DATA_VALIDATION,REFERENTIAL_INTEGRITY,transaction_type,FAIL,WARNING,MAINTENANCE,A value that exists in config/posting_rules.csv.transaction_type.,,,'MAINTENANCE' in 'transaction_type' does not exist in config/posting_rules.csv.transaction_type.,"Add a posting rule for this transaction type to config/posting_rules.csv, or correct the journal.",2026-10-09T15:32:10
ING-20261004_154838,general_ledger,general_ledger.xlsx,Sheet1,119974,journal_id=JRN000059982|account_code=6160,DATA_VALIDATION,REFERENTIAL_INTEGRITY,transaction_type,FAIL,WARNING,SECURITY,A value that exists in config/posting_rules.csv.transaction_type.,,,'SECURITY' in 'transaction_type' does not exist in config/posting_rules.csv.transaction_type.,"Add a posting rule for this transaction type to config/posting_rules.csv, or correct the journal.",2026-10-09T15:32:10
ING-20261004_154838,general_ledger,general_ledger.xlsx,Sheet1,119975,journal_id=JRN000059982|account_code=1010,DATA_VALIDATION,REFERENTIAL_INTEGRITY,transaction_type,FAIL,WARNING,SECURITY,A value that exists in config/posting_rules.csv.transaction_type.,,,'SECURITY' in 'transaction_type' does not exist in config/posting_rules.csv.transaction_type.,"Add a posting rule for this transaction type to config/posting_rules.csv, or correct the journal.",2026-10-09T15:32:10
ING-20261004_154838,general_ledger,general_ledger.xlsx,Sheet1,119976,journal_id=JRN000059983|account_code=6150,DATA_VALIDATION,REFERENTIAL_INTEGRITY,transaction_type,FAIL,WARNING,MAINTENANCE,A value that exists in config/posting_rules.csv.transaction_type.,,,'MAINTENANCE' in 'transaction_type' does not exist in config/posting_rules.csv.transaction_type.,"Add a posting rule for this transaction type to config/posting_rules.csv, or correct the journal.",2026-10-09T15:32:10
ING-20261004_154838,general_ledger,general_ledger.xlsx,Sheet1,119977,journal_id=JRN000059983|account_code=1010,DATA_VALIDATION,REFERENTIAL_INTEGRITY,transaction_type,FAIL,WARNING,MAINTENANCE,A value that exists in config/posting_rules.csv.transaction_type.,,,'MAINTENANCE' in 'transaction_type' does not exist in config/posting_rules.csv.transaction_type.,"Add a posting rule for this transaction type to config/posting_rules.csv, or correct the journal.",2026-10-09T15:32:10
ING-20261004_154838,general_ledger,general_ledger.xlsx,Sheet1,119986,journal_id=JRN000059988|account_code=6160,DATA_VALIDATION,REFERENTIAL_INTEGRITY,transaction_type,FAIL,WARNING,SECURITY,A value that exists in config/posting_rules.csv.transaction_type.,,,'SECURITY' in 'transaction_type' does not exist in config/posting_rules.csv.transaction_type.,"Add a posting rule for this transaction type to config/posting_rules.csv, or correct the journal.",2026-10-09T15:32:10
ING-20261004_154838,general_ledger,general_ledger.xlsx,Sheet1,119987,journal_id=JRN000059988|account_code=1010,DATA_VALIDATION,REFERENTIAL_INTEGRITY,transaction_type,FAIL,WARNING,SECURITY,A value that exists in config/posting_rules.csv.transaction_type.,,,'SECURITY' in 'transaction_type' does not exist in config/posting_rules.csv.transaction_type.,"Add a posting rule for this transaction type to config/posting_rules.csv, or correct the journal.",2026-10-09T15:32:10
ING-20261004_154838,general_ledger,general_ledger.xlsx,Sheet1,119988,journal_id=JRN000059989|account_code=6150,DATA_VALIDATION,REFERENTIAL_INTEGRITY,transaction_type,FAIL,WARNING,MAINTENANCE,A value that exists in config/posting_rules.csv.transaction_type.,,,'MAINTENANCE' in 'transaction_type' does not exist in config/posting_rules.csv.transaction_type.,"Add a posting rule for this transaction type to config/posting_rules.csv, or correct the journal.",2026-10-09T15:32:10
ING-20261004_154838,general_ledger,general_ledger.xlsx,Sheet1,119989,journal_id=JRN000059989|account_code=1010,DATA_VALIDATION,REFERENTIAL_INTEGRITY,transaction_type,FAIL,WARNING,MAINTENANCE,A value that exists in config/posting_rules.csv.transaction_type.,,,'MAINTENANCE' in 'transaction_type' does not exist in config/posting_rules.csv.transaction_type.,"Add a posting rule for this transaction type to config/posting_rules.csv, or correct the journal.",2026-10-09T15:32:10
ING-20261004_154838,general_ledger,general_ledger.xlsx,Sheet1,119998,journal_id=JRN000059994|account_code=6160,DATA_VALIDATION,REFERENTIAL_INTEGRITY,transaction_type,FAIL,WARNING,SECURITY,A value that exists in config/posting_rules.csv.transaction_type.,,,'SECURITY' in 'transaction_type' does not exist in config/posting_rules.csv.transaction_type.,"Add a posting rule for this transaction type to config/posting_rules.csv, or correct the journal.",2026-10-09T15:32:10
ING-20261004_154838,general_ledger,general_ledger.xlsx,Sheet1,119999,journal_id=JRN000059994|account_code=1010,DATA_VALIDATION,REFERENTIAL_INTEGRITY,transaction_type,FAIL,WARNING,SECURITY,A value that exists in config/posting_rules.csv.transaction_type.,,,'SECURITY' in 'transaction_type' does not exist in config/posting_rules.csv.transaction_type.,"Add a posting rule for this transaction type to config/posting_rules.csv, or correct the journal.",2026-10-09T15:32:10
ING-20261004_154838,general_ledger,general_ledger.xlsx,Sheet1,120000,journal_id=JRN000059995|account_code=6150,DATA_VALIDATION,REFERENTIAL_INTEGRITY,transaction_type,FAIL,WARNING,MAINTENANCE,A value that exists in config/posting_rules.csv.transaction_type.,,,'MAINTENANCE' in 'transaction_type' does not exist in config/posting_rules.csv.transaction_type.,"Add a posting rule for this transaction type to config/posting_rules.csv, or correct the journal.",2026-10-09T15:32:10
ING-20261004_154838,general_ledger,general_ledger.xlsx,Sheet1,120001,journal_id=JRN000059995|account_code=1010,DATA_VALIDATION,REFERENTIAL_INTEGRITY,transaction_type,FAIL,WARNING,MAINTENANCE,A value that exists in config/posting_rules.csv.transaction_type.,,,'MAINTENANCE' in 'transaction_type' does not exist in config/posting_rules.csv.transaction_type.,"Add a posting rule for this transaction type to config/posting_rules.csv, or correct the journal.",2026-10-09T15:32:10
ING-20261004_154838,general_ledger,general_ledger.xlsx,Sheet1,120010,journal_id=JRN000060000|account_code=6160,DATA_VALIDATION,REFERENTIAL_INTEGRITY,transaction_type,FAIL,WARNING,SECURITY,A value that exists in config/posting_rules.csv.transaction_type.,,,'SECURITY' in 'transaction_type' does not exist in config/posting_rules.csv.transaction_type.,"Add a posting rule for this transaction type to config/posting_rules.csv, or correct the journal.",2026-10-09T15:32:10
ING-20261004_154838,general_ledger,general_ledger.xlsx,Sheet1,120011,journal_id=JRN000060000|account_code=1010,DATA_VALIDATION,REFERENTIAL_INTEGRITY,transaction_type,FAIL,WARNING,SECURITY,A value that exists in config/posting_rules.csv.transaction_type.,,,'SECURITY' in 'transaction_type' does not exist in config/posting_rules.csv.transaction_type.,"Add a posting rule for this transaction type to config/posting_rules.csv, or correct the journal.",2026-10-09T15:32:10
ING-20261004_154838,general_ledger,general_ledger.xlsx,Sheet1,120012,journal_id=JRN000060001|account_code=6150,DATA_VALIDATION,REFERENTIAL_INTEGRITY,transaction_type,FAIL,WARNING,MAINTENANCE,A value that exists in config/posting_rules.csv.transaction_type.,,,'MAINTENANCE' in 'transaction_type' does not exist in config/posting_rules.csv.transaction_type.,"Add a posting rule for this transaction type to config/posting_rules.csv, or correct the journal.",2026-10-09T15:32:10
ING-20261004_154838,general_ledger,general_ledger.xlsx,Sheet1,120013,journal_id=JRN000060001|account_code=1010,DATA_VALIDATION,REFERENTIAL_INTEGRITY,transaction_type,FAIL,WARNING,MAINTENANCE,A value that exists in config/posting_rules.csv.transaction_type.,,,'MAINTENANCE' in 'transaction_type' does not exist in config/posting_rules.csv.transaction_type.,"Add a posting rule for this transaction type to config/posting_rules.csv, or correct the journal.",2026-10-09T15:32:10
ING-20261004_154838,general_ledger,general_ledger.xlsx,Sheet1,120022,journal_id=JRN000060006|account_code=6160,DATA_VALIDATION,REFERENTIAL_INTEGRITY,transaction_type,FAIL,WARNING,SECURITY,A value that exists in config/posting_rules.csv.transaction_type.,,,'SECURITY' in 'transaction_type' does not exist in config/posting_rules.csv.transaction_type.,"Add a posting rule for this transaction type to config/posting_rules.csv, or correct the journal.",2026-10-09T15:32:10
ING-20261004_154838,general_ledger,general_ledger.xlsx,Sheet1,120023,journal_id=JRN000060006|account_code=1010,DATA_VALIDATION,REFERENTIAL_INTEGRITY,transaction_type,FAIL,WARNING,SECURITY,A value that exists in config/posting_rules.csv.transaction_type.,,,'SECURITY' in 'transaction_type' does not exist in config/posting_rules.csv.transaction_type.,"Add a posting rule for this transaction type to config/posting_rules.csv, or correct the journal.",2026-10-09T15:32:10
ING-20261004_154838,general_ledger,general_ledger.xlsx,Sheet1,120024,journal_id=JRN000060007|account_code=6150,DATA_VALIDATION,REFERENTIAL_INTEGRITY,transaction_type,FAIL,WARNING,MAINTENANCE,A value that exists in config/posting_rules.csv.transaction_type.,,,'MAINTENANCE' in 'transaction_type' does not exist in config/posting_rules.csv.transaction_type.,"Add a posting rule for this transaction type to config/posting_rules.csv, or correct the journal.",2026-10-09T15:32:10
ING-20261004_154838,general_ledger,general_ledger.xlsx,Sheet1,120025,journal_id=JRN000060007|account_code=1010,DATA_VALIDATION,REFERENTIAL_INTEGRITY,transaction_type,FAIL,WARNING,MAINTENANCE,A value that exists in config/posting_rules.csv.transaction_type.,,,'MAINTENANCE' in 'transaction_type' does not exist in config/posting_rules.csv.transaction_type.,"Add a posting rule for this transaction type to config/posting_rules.csv, or correct the journal.",2026-10-09T15:32:10
ING-20261004_154838,general_ledger,general_ledger.xlsx,Sheet1,120034,journal_id=JRN000060012|account_code=6160,DATA_VALIDATION,REFERENTIAL_INTEGRITY,transaction_type,FAIL,WARNING,SECURITY,A value that exists in config/posting_rules.csv.transaction_type.,,,'SECURITY' in 'transaction_type' does not exist in config/posting_rules.csv.transaction_type.,"Add a posting rule for this transaction type to config/posting_rules.csv, or correct the journal.",2026-10-09T15:32:10
ING-20261004_154838,general_ledger,general_ledger.xlsx,Sheet1,120035,journal_id=JRN000060012|account_code=1010,DATA_VALIDATION,REFERENTIAL_INTEGRITY,transaction_type,FAIL,WARNING,SECURITY,A value that exists in config/posting_rules.csv.transaction_type.,,,'SECURITY' in 'transaction_type' does not exist in config/posting_rules.csv.transaction_type.,"Add a posting rule for this transaction type to config/posting_rules.csv, or correct the journal.",2026-10-09T15:32:10
ING-20261004_154838,general_ledger,general_ledger.xlsx,Sheet1,120036,journal_id=JRN000060013|account_code=6150,DATA_VALIDATION,REFERENTIAL_INTEGRITY,transaction_type,FAIL,WARNING,MAINTENANCE,A value that exists in config/posting_rules.csv.transaction_type.,,,'MAINTENANCE' in 'transaction_type' does not exist in config/posting_rules.csv.transaction_type.,"Add a posting rule for this transaction type to config/posting_rules.csv, or correct the journal.",2026-10-09T15:32:10
ING-20261004_154838,general_ledger,general_ledger.xlsx,Sheet1,120037,journal_id=JRN000060013|account_code=1010,DATA_VALIDATION,REFERENTIAL_INTEGRITY,transaction_type,FAIL,WARNING,MAINTENANCE,A value that exists in config/posting_rules.csv.transaction_type.,,,'MAINTENANCE' in 'transaction_type' does not exist in config/posting_rules.csv.transaction_type.,"Add a posting rule for this transaction type to config/posting_rules.csv, or correct the journal.",2026-10-09T15:32:10
ING-20261004_154838,general_ledger,general_ledger.xlsx,Sheet1,120046,journal_id=JRN000060018|account_code=6160,DATA_VALIDATION,REFERENTIAL_INTEGRITY,transaction_type,FAIL,WARNING,SECURITY,A value that exists in config/posting_rules.csv.transaction_type.,,,'SECURITY' in 'transaction_type' does not exist in config/posting_rules.csv.transaction_type.,"Add a posting rule for this transaction type to config/posting_rules.csv, or correct the journal.",2026-10-09T15:32:10
ING-20261004_154838,general_ledger,general_ledger.xlsx,Sheet1,120047,journal_id=JRN000060018|account_code=1010,DATA_VALIDATION,REFERENTIAL_INTEGRITY,transaction_type,FAIL,WARNING,SECURITY,A value that exists in config/posting_rules.csv.transaction_type.,,,'SECURITY' in 'transaction_type' does not exist in config/posting_rules.csv.transaction_type.,"Add a posting rule for this transaction type to config/posting_rules.csv, or correct the journal.",2026-10-09T15:32:10
ING-20261004_154838,general_ledger,general_ledger.xlsx,Sheet1,120048,journal_id=JRN000060019|account_code=6150,DATA_VALIDATION,REFERENTIAL_INTEGRITY,transaction_type,FAIL,WARNING,MAINTENANCE,A value that exists in config/posting_rules.csv.transaction_type.,,,'MAINTENANCE' in 'transaction_type' does not exist in config/posting_rules.csv.transaction_type.,"Add a posting rule for this transaction type to config/posting_rules.csv, or correct the journal.",2026-10-09T15:32:10
ING-20261004_154838,general_ledger,general_ledger.xlsx,Sheet1,120049,journal_id=JRN000060019|account_code=1010,DATA_VALIDATION,REFERENTIAL_INTEGRITY,transaction_type,FAIL,WARNING,MAINTENANCE,A value that exists in config/posting_rules.csv.transaction_type.,,,'MAINTENANCE' in 'transaction_type' does not exist in config/posting_rules.csv.transaction_type.,"Add a posting rule for this transaction type to config/posting_rules.csv, or correct the journal.",2026-10-09T15:32:10
ING-20261004_154838,general_ledger,general_ledger.xlsx,Sheet1,120058,journal_id=JRN000060024|account_code=6160,DATA_VALIDATION,REFERENTIAL_INTEGRITY,transaction_type,FAIL,WARNING,SECURITY,A value that exists in config/posting_rules.csv.transaction_type.,,,'SECURITY' in 'transaction_type' does not exist in config/posting_rules.csv.transaction_type.,"Add a posting rule for this transaction type to config/posting_rules.csv, or correct the journal.",2026-10-09T15:32:10
ING-20261004_154838,general_ledger,general_ledger.xlsx,Sheet1,120059,journal_id=JRN000060024|account_code=1010,DATA_VALIDATION,REFERENTIAL_INTEGRITY,transaction_type,FAIL,WARNING,SECURITY,A value that exists in config/posting_rules.csv.transaction_type.,,,'SECURITY' in 'transaction_type' does not exist in config/posting_rules.csv.transaction_type.,"Add a posting rule for this transaction type to config/posting_rules.csv, or correct the journal.",2026-10-09T15:32:10
ING-20261004_154838,general_ledger,general_ledger.xlsx,Sheet1,120060,journal_id=JRN000060025|account_code=6150,DATA_VALIDATION,REFERENTIAL_INTEGRITY,transaction_type,FAIL,WARNING,MAINTENANCE,A value that exists in config/posting_rules.csv.transaction_type.,,,'MAINTENANCE' in 'transaction_type' does not exist in config/posting_rules.csv.transaction_type.,"Add a posting rule for this transaction type to config/posting_rules.csv, or correct the journal.",2026-10-09T15:32:10
ING-20261004_154838,general_ledger,general_ledger.xlsx,Sheet1,120061,journal_id=JRN000060025|account_code=1010,DATA_VALIDATION,REFERENTIAL_INTEGRITY,transaction_type,FAIL,WARNING,MAINTENANCE,A value that exists in config/posting_rules.csv.transaction_type.,,,'MAINTENANCE' in 'transaction_type' does not exist in config/posting_rules.csv.transaction_type.,"Add a posting rule for this transaction type to config/posting_rules.csv, or correct the journal.",2026-10-09T15:32:10
ING-20261004_154838,general_ledger,general_ledger.xlsx,Sheet1,120070,journal_id=JRN000060030|account_code=6160,DATA_VALIDATION,REFERENTIAL_INTEGRITY,transaction_type,FAIL,WARNING,SECURITY,A value that exists in config/posting_rules.csv.transaction_type.,,,'SECURITY' in 'transaction_type' does not exist in config/posting_rules.csv.transaction_type.,"Add a posting rule for this transaction type to config/posting_rules.csv, or correct the journal.",2026-10-09T15:32:10
ING-20261004_154838,general_ledger,general_ledger.xlsx,Sheet1,120071,journal_id=JRN000060030|account_code=1010,DATA_VALIDATION,REFERENTIAL_INTEGRITY,transaction_type,FAIL,WARNING,SECURITY,A value that exists in config/posting_rules.csv.transaction_type.,,,'SECURITY' in 'transaction_type' does not exist in config/posting_rules.csv.transaction_type.,"Add a posting rule for this transaction type to config/posting_rules.csv, or correct the journal.",2026-10-09T15:32:10
ING-20261004_154838,general_ledger,general_ledger.xlsx,Sheet1,120072,journal_id=JRN000060031|account_code=6150,DATA_VALIDATION,REFERENTIAL_INTEGRITY,transaction_type,FAIL,WARNING,MAINTENANCE,A value that exists in config/posting_rules.csv.transaction_type.,,,'MAINTENANCE' in 'transaction_type' does not exist in config/posting_rules.csv.transaction_type.,"Add a posting rule for this transaction type to config/posting_rules.csv, or correct the journal.",2026-10-09T15:32:10
ING-20261004_154838,general_ledger,general_ledger.xlsx,Sheet1,120073,journal_id=JRN000060031|account_code=1010,DATA_VALIDATION,REFERENTIAL_INTEGRITY,transaction_type,FAIL,WARNING,MAINTENANCE,A value that exists in config/posting_rules.csv.transaction_type.,,,'MAINTENANCE' in 'transaction_type' does not exist in config/posting_rules.csv.transaction_type.,"Add a posting rule for this transaction type to config/posting_rules.csv, or correct the journal.",2026-10-09T15:32:10
ING-20261004_154838,general_ledger,general_ledger.xlsx,Sheet1,120082,journal_id=JRN000060036|account_code=6160,DATA_VALIDATION,REFERENTIAL_INTEGRITY,transaction_type,FAIL,WARNING,SECURITY,A value that exists in config/posting_rules.csv.transaction_type.,,,'SECURITY' in 'transaction_type' does not exist in config/posting_rules.csv.transaction_type.,"Add a posting rule for this transaction type to config/posting_rules.csv, or correct the journal.",2026-10-09T15:32:10
ING-20261004_154838,general_ledger,general_ledger.xlsx,Sheet1,120083,journal_id=JRN000060036|account_code=1010,DATA_VALIDATION,REFERENTIAL_INTEGRITY,transaction_type,FAIL,WARNING,SECURITY,A value that exists in config/posting_rules.csv.transaction_type.,,,'SECURITY' in 'transaction_type' does not exist in config/posting_rules.csv.transaction_type.,"Add a posting rule for this transaction type to config/posting_rules.csv, or correct the journal.",2026-10-09T15:32:10
ING-20261004_154838,general_ledger,general_ledger.xlsx,Sheet1,120084,journal_id=JRN000060037|account_code=6150,DATA_VALIDATION,REFERENTIAL_INTEGRITY,transaction_type,FAIL,WARNING,MAINTENANCE,A value that exists in config/posting_rules.csv.transaction_type.,,,'MAINTENANCE' in 'transaction_type' does not exist in config/posting_rules.csv.transaction_type.,"Add a posting rule for this transaction type to config/posting_rules.csv, or correct the journal.",2026-10-09T15:32:10
ING-20261004_154838,general_ledger,general_ledger.xlsx,Sheet1,120085,journal_id=JRN000060037|account_code=1010,DATA_VALIDATION,REFERENTIAL_INTEGRITY,transaction_type,FAIL,WARNING,MAINTENANCE,A value that exists in config/posting_rules.csv.transaction_type.,,,'MAINTENANCE' in 'transaction_type' does not exist in config/posting_rules.csv.transaction_type.,"Add a posting rule for this transaction type to config/posting_rules.csv, or correct the journal.",2026-10-09T15:32:10
ING-20261004_154838,general_ledger,general_ledger.xlsx,Sheet1,120094,journal_id=JRN000060042|account_code=6160,DATA_VALIDATION,REFERENTIAL_INTEGRITY,transaction_type,FAIL,WARNING,SECURITY,A value that exists in config/posting_rules.csv.transaction_type.,,,'SECURITY' in 'transaction_type' does not exist in config/posting_rules.csv.transaction_type.,"Add a posting rule for this transaction type to config/posting_rules.csv, or correct the journal.",2026-10-09T15:32:10
ING-20261004_154838,general_ledger,general_ledger.xlsx,Sheet1,120095,journal_id=JRN000060042|account_code=1010,DATA_VALIDATION,REFERENTIAL_INTEGRITY,transaction_type,FAIL,WARNING,SECURITY,A value that exists in config/posting_rules.csv.transaction_type.,,,'SECURITY' in 'transaction_type' does not exist in config/posting_rules.csv.transaction_type.,"Add a posting rule for this transaction type to config/posting_rules.csv, or correct the journal.",2026-10-09T15:32:10
ING-20261004_154838,general_ledger,general_ledger.xlsx,Sheet1,120096,journal_id=JRN000060043|account_code=6150,DATA_VALIDATION,REFERENTIAL_INTEGRITY,transaction_type,FAIL,WARNING,MAINTENANCE,A value that exists in config/posting_rules.csv.transaction_type.,,,'MAINTENANCE' in 'transaction_type' does not exist in config/posting_rules.csv.transaction_type.,"Add a posting rule for this transaction type to config/posting_rules.csv, or correct the journal.",2026-10-09T15:32:10
ING-20261004_154838,general_ledger,general_ledger.xlsx,Sheet1,120097,journal_id=JRN000060043|account_code=1010,DATA_VALIDATION,REFERENTIAL_INTEGRITY,transaction_type,FAIL,WARNING,MAINTENANCE,A value that exists in config/posting_rules.csv.transaction_type.,,,'MAINTENANCE' in 'transaction_type' does not exist in config/posting_rules.csv.transaction_type.,"Add a posting rule for this transaction type to config/posting_rules.csv, or correct the journal.",2026-10-09T15:32:10
ING-20261004_154838,general_ledger,general_ledger.xlsx,Sheet1,120106,journal_id=JRN000060048|account_code=6160,DATA_VALIDATION,REFERENTIAL_INTEGRITY,transaction_type,FAIL,WARNING,SECURITY,A value that exists in config/posting_rules.csv.transaction_type.,,,'SECURITY' in 'transaction_type' does not exist in config/posting_rules.csv.transaction_type.,"Add a posting rule for this transaction type to config/posting_rules.csv, or correct the journal.",2026-10-09T15:32:10
ING-20261004_154838,general_ledger,general_ledger.xlsx,Sheet1,120107,journal_id=JRN000060048|account_code=1010,DATA_VALIDATION,REFERENTIAL_INTEGRITY,transaction_type,FAIL,WARNING,SECURITY,A value that exists in config/posting_rules.csv.transaction_type.,,,'SECURITY' in 'transaction_type' does not exist in config/posting_rules.csv.transaction_type.,"Add a posting rule for this transaction type to config/posting_rules.csv, or correct the journal.",2026-10-09T15:32:10
ING-20261004_154838,general_ledger,general_ledger.xlsx,Sheet1,120108,journal_id=JRN000060049|account_code=6150,DATA_VALIDATION,REFERENTIAL_INTEGRITY,transaction_type,FAIL,WARNING,MAINTENANCE,A value that exists in config/posting_rules.csv.transaction_type.,,,'MAINTENANCE' in 'transaction_type' does not exist in config/posting_rules.csv.transaction_type.,"Add a posting rule for this transaction type to config/posting_rules.csv, or correct the journal.",2026-10-09T15:32:10
ING-20261004_154838,general_ledger,general_ledger.xlsx,Sheet1,120109,journal_id=JRN000060049|account_code=1010,DATA_VALIDATION,REFERENTIAL_INTEGRITY,transaction_type,FAIL,WARNING,MAINTENANCE,A value that exists in config/posting_rules.csv.transaction_type.,,,'MAINTENANCE' in 'transaction_type' does not exist in config/posting_rules.csv.transaction_type.,"Add a posting rule for this transaction type to config/posting_rules.csv, or correct the journal.",2026-10-09T15:32:10
ING-20261004_154838,general_ledger,general_ledger.xlsx,Sheet1,120118,journal_id=JRN000060054|account_code=6160,DATA_VALIDATION,REFERENTIAL_INTEGRITY,transaction_type,FAIL,WARNING,SECURITY,A value that exists in config/posting_rules.csv.transaction_type.,,,'SECURITY' in 'transaction_type' does not exist in config/posting_rules.csv.transaction_type.,"Add a posting rule for this transaction type to config/posting_rules.csv, or correct the journal.",2026-10-09T15:32:10
ING-20261004_154838,general_ledger,general_ledger.xlsx,Sheet1,120119,journal_id=JRN000060054|account_code=1010,DATA_VALIDATION,REFERENTIAL_INTEGRITY,transaction_type,FAIL,WARNING,SECURITY,A value that exists in config/posting_rules.csv.transaction_type.,,,'SECURITY' in 'transaction_type' does not exist in config/posting_rules.csv.transaction_type.,"Add a posting rule for this transaction type to config/posting_rules.csv, or correct the journal.",2026-10-09T15:32:10
ING-20261004_154838,general_ledger,general_ledger.xlsx,Sheet1,120120,journal_id=JRN000060055|account_code=6150,DATA_VALIDATION,REFERENTIAL_INTEGRITY,transaction_type,FAIL,WARNING,MAINTENANCE,A value that exists in config/posting_rules.csv.transaction_type.,,,'MAINTENANCE' in 'transaction_type' does not exist in config/posting_rules.csv.transaction_type.,"Add a posting rule for this transaction type to config/posting_rules.csv, or correct the journal.",2026-10-09T15:32:10
ING-20261004_154838,general_ledger,general_ledger.xlsx,Sheet1,120121,journal_id=JRN000060055|account_code=1010,DATA_VALIDATION,REFERENTIAL_INTEGRITY,transaction_type,FAIL,WARNING,MAINTENANCE,A value that exists in config/posting_rules.csv.transaction_type.,,,'MAINTENANCE' in 'transaction_type' does not exist in config/posting_rules.csv.transaction_type.,"Add a posting rule for this transaction type to config/posting_rules.csv, or correct the journal.",2026-10-09T15:32:10
ING-20261004_154838,general_ledger,general_ledger.xlsx,Sheet1,120130,journal_id=JRN000060060|account_code=6160,DATA_VALIDATION,REFERENTIAL_INTEGRITY,transaction_type,FAIL,WARNING,SECURITY,A value that exists in config/posting_rules.csv.transaction_type.,,,'SECURITY' in 'transaction_type' does not exist in config/posting_rules.csv.transaction_type.,"Add a posting rule for this transaction type to config/posting_rules.csv, or correct the journal.",2026-10-09T15:32:10
ING-20261004_154838,general_ledger,general_ledger.xlsx,Sheet1,120131,journal_id=JRN000060060|account_code=1010,DATA_VALIDATION,REFERENTIAL_INTEGRITY,transaction_type,FAIL,WARNING,SECURITY,A value that exists in config/posting_rules.csv.transaction_type.,,,'SECURITY' in 'transaction_type' does not exist in config/posting_rules.csv.transaction_type.,"Add a posting rule for this transaction type to config/posting_rules.csv, or correct the journal.",2026-10-09T15:32:10
ING-20261004_154838,general_ledger,general_ledger.xlsx,Sheet1,120132,journal_id=JRN000060061|account_code=6150,DATA_VALIDATION,REFERENTIAL_INTEGRITY,transaction_type,FAIL,WARNING,MAINTENANCE,A value that exists in config/posting_rules.csv.transaction_type.,,,'MAINTENANCE' in 'transaction_type' does not exist in config/posting_rules.csv.transaction_type.,"Add a posting rule for this transaction type to config/posting_rules.csv, or correct the journal.",2026-10-09T15:32:10
ING-20261004_154838,general_ledger,general_ledger.xlsx,Sheet1,120133,journal_id=JRN000060061|account_code=1010,DATA_VALIDATION,REFERENTIAL_INTEGRITY,transaction_type,FAIL,WARNING,MAINTENANCE,A value that exists in config/posting_rules.csv.transaction_type.,,,'MAINTENANCE' in 'transaction_type' does not exist in config/posting_rules.csv.transaction_type.,"Add a posting rule for this transaction type to config/posting_rules.csv, or correct the journal.",2026-10-09T15:32:10
ING-20261004_154838,general_ledger,general_ledger.xlsx,Sheet1,120142,journal_id=JRN000060066|account_code=6160,DATA_VALIDATION,REFERENTIAL_INTEGRITY,transaction_type,FAIL,WARNING,SECURITY,A value that exists in config/posting_rules.csv.transaction_type.,,,'SECURITY' in 'transaction_type' does not exist in config/posting_rules.csv.transaction_type.,"Add a posting rule for this transaction type to config/posting_rules.csv, or correct the journal.",2026-10-09T15:32:10
ING-20261004_154838,general_ledger,general_ledger.xlsx,Sheet1,120143,journal_id=JRN000060066|account_code=1010,DATA_VALIDATION,REFERENTIAL_INTEGRITY,transaction_type,FAIL,WARNING,SECURITY,A value that exists in config/posting_rules.csv.transaction_type.,,,'SECURITY' in 'transaction_type' does not exist in config/posting_rules.csv.transaction_type.,"Add a posting rule for this transaction type to config/posting_rules.csv, or correct the journal.",2026-10-09T15:32:10
ING-20261004_154838,general_ledger,general_ledger.xlsx,Sheet1,120144,journal_id=JRN000060067|account_code=6150,DATA_VALIDATION,REFERENTIAL_INTEGRITY,transaction_type,FAIL,WARNING,MAINTENANCE,A value that exists in config/posting_rules.csv.transaction_type.,,,'MAINTENANCE' in 'transaction_type' does not exist in config/posting_rules.csv.transaction_type.,"Add a posting rule for this transaction type to config/posting_rules.csv, or correct the journal.",2026-10-09T15:32:10
ING-20261004_154838,general_ledger,general_ledger.xlsx,Sheet1,120145,journal_id=JRN000060067|account_code=1010,DATA_VALIDATION,REFERENTIAL_INTEGRITY,transaction_type,FAIL,WARNING,MAINTENANCE,A value that exists in config/posting_rules.csv.transaction_type.,,,'MAINTENANCE' in 'transaction_type' does not exist in config/posting_rules.csv.transaction_type.,"Add a posting rule for this transaction type to config/posting_rules.csv, or correct the journal.",2026-10-09T15:32:10
ING-20261004_154838,general_ledger,general_ledger.xlsx,Sheet1,120154,journal_id=JRN000060072|account_code=6160,DATA_VALIDATION,REFERENTIAL_INTEGRITY,transaction_type,FAIL,WARNING,SECURITY,A value that exists in config/posting_rules.csv.transaction_type.,,,'SECURITY' in 'transaction_type' does not exist in config/posting_rules.csv.transaction_type.,"Add a posting rule for this transaction type to config/posting_rules.csv, or correct the journal.",2026-10-09T15:32:10
ING-20261004_154838,general_ledger,general_ledger.xlsx,Sheet1,120155,journal_id=JRN000060072|account_code=1010,DATA_VALIDATION,REFERENTIAL_INTEGRITY,transaction_type,FAIL,WARNING,SECURITY,A value that exists in config/posting_rules.csv.transaction_type.,,,'SECURITY' in 'transaction_type' does not exist in config/posting_rules.csv.transaction_type.,"Add a posting rule for this transaction type to config/posting_rules.csv, or correct the journal.",2026-10-09T15:32:10
ING-20261004_154838,general_ledger,general_ledger.xlsx,Sheet1,120156,journal_id=JRN000060073|account_code=6150,DATA_VALIDATION,REFERENTIAL_INTEGRITY,transaction_type,FAIL,WARNING,MAINTENANCE,A value that exists in config/posting_rules.csv.transaction_type.,,,'MAINTENANCE' in 'transaction_type' does not exist in config/posting_rules.csv.transaction_type.,"Add a posting rule for this transaction type to config/posting_rules.csv, or correct the journal.",2026-10-09T15:32:10
ING-20261004_154838,general_ledger,general_ledger.xlsx,Sheet1,120157,journal_id=JRN000060073|account_code=1010,DATA_VALIDATION,REFERENTIAL_INTEGRITY,transaction_type,FAIL,WARNING,MAINTENANCE,A value that exists in config/posting_rules.csv.transaction_type.,,,'MAINTENANCE' in 'transaction_type' does not exist in config/posting_rules.csv.transaction_type.,"Add a posting rule for this transaction type to config/posting_rules.csv, or correct the journal.",2026-10-09T15:32:10
ING-20261004_154838,general_ledger,general_ledger.xlsx,Sheet1,120166,journal_id=JRN000060078|account_code=6160,DATA_VALIDATION,REFERENTIAL_INTEGRITY,transaction_type,FAIL,WARNING,SECURITY,A value that exists in config/posting_rules.csv.transaction_type.,,,'SECURITY' in 'transaction_type' does not exist in config/posting_rules.csv.transaction_type.,"Add a posting rule for this transaction type to config/posting_rules.csv, or correct the journal.",2026-10-09T15:32:10
ING-20261004_154838,general_ledger,general_ledger.xlsx,Sheet1,120167,journal_id=JRN000060078|account_code=1010,DATA_VALIDATION,REFERENTIAL_INTEGRITY,transaction_type,FAIL,WARNING,SECURITY,A value that exists in config/posting_rules.csv.transaction_type.,,,'SECURITY' in 'transaction_type' does not exist in config/posting_rules.csv.transaction_type.,"Add a posting rule for this transaction type to config/posting_rules.csv, or correct the journal.",2026-10-09T15:32:10
ING-20261004_154838,general_ledger,general_ledger.xlsx,Sheet1,120168,journal_id=JRN000060079|account_code=6150,DATA_VALIDATION,REFERENTIAL_INTEGRITY,transaction_type,FAIL,WARNING,MAINTENANCE,A value that exists in config/posting_rules.csv.transaction_type.,,,'MAINTENANCE' in 'transaction_type' does not exist in config/posting_rules.csv.transaction_type.,"Add a posting rule for this transaction type to config/posting_rules.csv, or correct the journal.",2026-10-09T15:32:10
ING-20261004_154838,general_ledger,general_ledger.xlsx,Sheet1,120169,journal_id=JRN000060079|account_code=1010,DATA_VALIDATION,REFERENTIAL_INTEGRITY,transaction_type,FAIL,WARNING,MAINTENANCE,A value that exists in config/posting_rules.csv.transaction_type.,,,'MAINTENANCE' in 'transaction_type' does not exist in config/posting_rules.csv.transaction_type.,"Add a posting rule for this transaction type to config/posting_rules.csv, or correct the journal.",2026-10-09T15:32:10
ING-20261004_154838,general_ledger,general_ledger.xlsx,Sheet1,120178,journal_id=JRN000060084|account_code=6160,DATA_VALIDATION,REFERENTIAL_INTEGRITY,transaction_type,FAIL,WARNING,SECURITY,A value that exists in config/posting_rules.csv.transaction_type.,,,'SECURITY' in 'transaction_type' does not exist in config/posting_rules.csv.transaction_type.,"Add a posting rule for this transaction type to config/posting_rules.csv, or correct the journal.",2026-10-09T15:32:10
ING-20261004_154838,general_ledger,general_ledger.xlsx,Sheet1,120179,journal_id=JRN000060084|account_code=1010,DATA_VALIDATION,REFERENTIAL_INTEGRITY,transaction_type,FAIL,WARNING,SECURITY,A value that exists in config/posting_rules.csv.transaction_type.,,,'SECURITY' in 'transaction_type' does not exist in config/posting_rules.csv.transaction_type.,"Add a posting rule for this transaction type to config/posting_rules.csv, or correct the journal.",2026-10-09T15:32:10
ING-20261004_154838,general_ledger,general_ledger.xlsx,Sheet1,120180,journal_id=JRN000060085|account_code=6150,DATA_VALIDATION,REFERENTIAL_INTEGRITY,transaction_type,FAIL,WARNING,MAINTENANCE,A value that exists in config/posting_rules.csv.transaction_type.,,,'MAINTENANCE' in 'transaction_type' does not exist in config/posting_rules.csv.transaction_type.,"Add a posting rule for this transaction type to config/posting_rules.csv, or correct the journal.",2026-10-09T15:32:10
ING-20261004_154838,general_ledger,general_ledger.xlsx,Sheet1,120181,journal_id=JRN000060085|account_code=1010,DATA_VALIDATION,REFERENTIAL_INTEGRITY,transaction_type,FAIL,WARNING,MAINTENANCE,A value that exists in config/posting_rules.csv.transaction_type.,,,'MAINTENANCE' in 'transaction_type' does not exist in config/posting_rules.csv.transaction_type.,"Add a posting rule for this transaction type to config/posting_rules.csv, or correct the journal.",2026-10-09T15:32:10
ING-20261004_154838,general_ledger,general_ledger.xlsx,Sheet1,120190,journal_id=JRN000060090|account_code=6160,DATA_VALIDATION,REFERENTIAL_INTEGRITY,transaction_type,FAIL,WARNING,SECURITY,A value that exists in config/posting_rules.csv.transaction_type.,,,'SECURITY' in 'transaction_type' does not exist in config/posting_rules.csv.transaction_type.,"Add a posting rule for this transaction type to config/posting_rules.csv, or correct the journal.",2026-10-09T15:32:10
ING-20261004_154838,general_ledger,general_ledger.xlsx,Sheet1,120191,journal_id=JRN000060090|account_code=1010,DATA_VALIDATION,REFERENTIAL_INTEGRITY,transaction_type,FAIL,WARNING,SECURITY,A value that exists in config/posting_rules.csv.transaction_type.,,,'SECURITY' in 'transaction_type' does not exist in config/posting_rules.csv.transaction_type.,"Add a posting rule for this transaction type to config/posting_rules.csv, or correct the journal.",2026-10-09T15:32:10
ING-20261004_154838,general_ledger,general_ledger.xlsx,Sheet1,120192,journal_id=JRN000060091|account_code=6150,DATA_VALIDATION,REFERENTIAL_INTEGRITY,transaction_type,FAIL,WARNING,MAINTENANCE,A value that exists in config/posting_rules.csv.transaction_type.,,,'MAINTENANCE' in 'transaction_type' does not exist in config/posting_rules.csv.transaction_type.,"Add a posting rule for this transaction type to config/posting_rules.csv, or correct the journal.",2026-10-09T15:32:10
ING-20261004_154838,general_ledger,general_ledger.xlsx,Sheet1,120193,journal_id=JRN000060091|account_code=1010,DATA_VALIDATION,REFERENTIAL_INTEGRITY,transaction_type,FAIL,WARNING,MAINTENANCE,A value that exists in config/posting_rules.csv.transaction_type.,,,'MAINTENANCE' in 'transaction_type' does not exist in config/posting_rules.csv.transaction_type.,"Add a posting rule for this transaction type to config/posting_rules.csv, or correct the journal.",2026-10-09T15:32:10
ING-20261004_154838,general_ledger,general_ledger.xlsx,Sheet1,120202,journal_id=JRN000060096|account_code=6160,DATA_VALIDATION,REFERENTIAL_INTEGRITY,transaction_type,FAIL,WARNING,SECURITY,A value that exists in config/posting_rules.csv.transaction_type.,,,'SECURITY' in 'transaction_type' does not exist in config/posting_rules.csv.transaction_type.,"Add a posting rule for this transaction type to config/posting_rules.csv, or correct the journal.",2026-10-09T15:32:10
ING-20261004_154838,general_ledger,general_ledger.xlsx,Sheet1,120203,journal_id=JRN000060096|account_code=1010,DATA_VALIDATION,REFERENTIAL_INTEGRITY,transaction_type,FAIL,WARNING,SECURITY,A value that exists in config/posting_rules.csv.transaction_type.,,,'SECURITY' in 'transaction_type' does not exist in config/posting_rules.csv.transaction_type.,"Add a posting rule for this transaction type to config/posting_rules.csv, or correct the journal.",2026-10-09T15:32:10
ING-20261004_154838,general_ledger,general_ledger.xlsx,Sheet1,120204,journal_id=JRN000060097|account_code=6150,DATA_VALIDATION,REFERENTIAL_INTEGRITY,transaction_type,FAIL,WARNING,MAINTENANCE,A value that exists in config/posting_rules.csv.transaction_type.,,,'MAINTENANCE' in 'transaction_type' does not exist in config/posting_rules.csv.transaction_type.,"Add a posting rule for this transaction type to config/posting_rules.csv, or correct the journal.",2026-10-09T15:32:10
ING-20261004_154838,general_ledger,general_ledger.xlsx,Sheet1,120205,journal_id=JRN000060097|account_code=1010,DATA_VALIDATION,REFERENTIAL_INTEGRITY,transaction_type,FAIL,WARNING,MAINTENANCE,A value that exists in config/posting_rules.csv.transaction_type.,,,'MAINTENANCE' in 'transaction_type' does not exist in config/posting_rules.csv.transaction_type.,"Add a posting rule for this transaction type to config/posting_rules.csv, or correct the journal.",2026-10-09T15:32:10
ING-20261004_154838,general_ledger,general_ledger.xlsx,Sheet1,120214,journal_id=JRN000060102|account_code=6160,DATA_VALIDATION,REFERENTIAL_INTEGRITY,transaction_type,FAIL,WARNING,SECURITY,A value that exists in config/posting_rules.csv.transaction_type.,,,'SECURITY' in 'transaction_type' does not exist in config/posting_rules.csv.transaction_type.,"Add a posting rule for this transaction type to config/posting_rules.csv, or correct the journal.",2026-10-09T15:32:10
ING-20261004_154838,general_ledger,general_ledger.xlsx,Sheet1,120215,journal_id=JRN000060102|account_code=1010,DATA_VALIDATION,REFERENTIAL_INTEGRITY,transaction_type,FAIL,WARNING,SECURITY,A value that exists in config/posting_rules.csv.transaction_type.,,,'SECURITY' in 'transaction_type' does not exist in config/posting_rules.csv.transaction_type.,"Add a posting rule for this transaction type to config/posting_rules.csv, or correct the journal.",2026-10-09T15:32:10
ING-20261004_154838,general_ledger,general_ledger.xlsx,Sheet1,120216,journal_id=JRN000060103|account_code=6150,DATA_VALIDATION,REFERENTIAL_INTEGRITY,transaction_type,FAIL,WARNING,MAINTENANCE,A value that exists in config/posting_rules.csv.transaction_type.,,,'MAINTENANCE' in 'transaction_type' does not exist in config/posting_rules.csv.transaction_type.,"Add a posting rule for this transaction type to config/posting_rules.csv, or correct the journal.",2026-10-09T15:32:10
ING-20261004_154838,general_ledger,general_ledger.xlsx,Sheet1,120217,journal_id=JRN000060103|account_code=1010,DATA_VALIDATION,REFERENTIAL_INTEGRITY,transaction_type,FAIL,WARNING,MAINTENANCE,A value that exists in config/posting_rules.csv.transaction_type.,,,'MAINTENANCE' in 'transaction_type' does not exist in config/posting_rules.csv.transaction_type.,"Add a posting rule for this transaction type to config/posting_rules.csv, or correct the journal.",2026-10-09T15:32:10
ING-20261004_154838,general_ledger,general_ledger.xlsx,Sheet1,120226,journal_id=JRN000060108|account_code=6160,DATA_VALIDATION,REFERENTIAL_INTEGRITY,transaction_type,FAIL,WARNING,SECURITY,A value that exists in config/posting_rules.csv.transaction_type.,,,'SECURITY' in 'transaction_type' does not exist in config/posting_rules.csv.transaction_type.,"Add a posting rule for this transaction type to config/posting_rules.csv, or correct the journal.",2026-10-09T15:32:10
ING-20261004_154838,general_ledger,general_ledger.xlsx,Sheet1,120227,journal_id=JRN000060108|account_code=1010,DATA_VALIDATION,REFERENTIAL_INTEGRITY,transaction_type,FAIL,WARNING,SECURITY,A value that exists in config/posting_rules.csv.transaction_type.,,,'SECURITY' in 'transaction_type' does not exist in config/posting_rules.csv.transaction_type.,"Add a posting rule for this transaction type to config/posting_rules.csv, or correct the journal.",2026-10-09T15:32:10
ING-20261004_154838,general_ledger,general_ledger.xlsx,Sheet1,120228,journal_id=JRN000060109|account_code=6150,DATA_VALIDATION,REFERENTIAL_INTEGRITY,transaction_type,FAIL,WARNING,MAINTENANCE,A value that exists in config/posting_rules.csv.transaction_type.,,,'MAINTENANCE' in 'transaction_type' does not exist in config/posting_rules.csv.transaction_type.,"Add a posting rule for this transaction type to config/posting_rules.csv, or correct the journal.",2026-10-09T15:32:10
ING-20261004_154838,general_ledger,general_ledger.xlsx,Sheet1,120229,journal_id=JRN000060109|account_code=1010,DATA_VALIDATION,REFERENTIAL_INTEGRITY,transaction_type,FAIL,WARNING,MAINTENANCE,A value that exists in config/posting_rules.csv.transaction_type.,,,'MAINTENANCE' in 'transaction_type' does not exist in config/posting_rules.csv.transaction_type.,"Add a posting rule for this transaction type to config/posting_rules.csv, or correct the journal.",2026-10-09T15:32:10
ING-20261004_154838,general_ledger,general_ledger.xlsx,Sheet1,120238,journal_id=JRN000060114|account_code=6160,DATA_VALIDATION,REFERENTIAL_INTEGRITY,transaction_type,FAIL,WARNING,SECURITY,A value that exists in config/posting_rules.csv.transaction_type.,,,'SECURITY' in 'transaction_type' does not exist in config/posting_rules.csv.transaction_type.,"Add a posting rule for this transaction type to config/posting_rules.csv, or correct the journal.",2026-10-09T15:32:10
ING-20261004_154838,general_ledger,general_ledger.xlsx,Sheet1,120239,journal_id=JRN000060114|account_code=1010,DATA_VALIDATION,REFERENTIAL_INTEGRITY,transaction_type,FAIL,WARNING,SECURITY,A value that exists in config/posting_rules.csv.transaction_type.,,,'SECURITY' in 'transaction_type' does not exist in config/posting_rules.csv.transaction_type.,"Add a posting rule for this transaction type to config/posting_rules.csv, or correct the journal.",2026-10-09T15:32:10
ING-20261004_154838,general_ledger,general_ledger.xlsx,Sheet1,120240,journal_id=JRN000060115|account_code=6150,DATA_VALIDATION,REFERENTIAL_INTEGRITY,transaction_type,FAIL,WARNING,MAINTENANCE,A value that exists in config/posting_rules.csv.transaction_type.,,,'MAINTENANCE' in 'transaction_type' does not exist in config/posting_rules.csv.transaction_type.,"Add a posting rule for this transaction type to config/posting_rules.csv, or correct the journal.",2026-10-09T15:32:10
ING-20261004_154838,general_ledger,general_ledger.xlsx,Sheet1,120241,journal_id=JRN000060115|account_code=1010,DATA_VALIDATION,REFERENTIAL_INTEGRITY,transaction_type,FAIL,WARNING,MAINTENANCE,A value that exists in config/posting_rules.csv.transaction_type.,,,'MAINTENANCE' in 'transaction_type' does not exist in config/posting_rules.csv.transaction_type.,"Add a posting rule for this transaction type to config/posting_rules.csv, or correct the journal.",2026-10-09T15:32:10
ING-20261004_154838,general_ledger,general_ledger.xlsx,Sheet1,120250,journal_id=JRN000060120|account_code=6160,DATA_VALIDATION,REFERENTIAL_INTEGRITY,transaction_type,FAIL,WARNING,SECURITY,A value that exists in config/posting_rules.csv.transaction_type.,,,'SECURITY' in 'transaction_type' does not exist in config/posting_rules.csv.transaction_type.,"Add a posting rule for this transaction type to config/posting_rules.csv, or correct the journal.",2026-10-09T15:32:10
ING-20261004_154838,general_ledger,general_ledger.xlsx,Sheet1,120251,journal_id=JRN000060120|account_code=1010,DATA_VALIDATION,REFERENTIAL_INTEGRITY,transaction_type,FAIL,WARNING,SECURITY,A value that exists in config/posting_rules.csv.transaction_type.,,,'SECURITY' in 'transaction_type' does not exist in config/posting_rules.csv.transaction_type.,"Add a posting rule for this transaction type to config/posting_rules.csv, or correct the journal.",2026-10-09T15:32:10
ING-20261004_154838,general_ledger,general_ledger.xlsx,Sheet1,120252,journal_id=JRN000060121|account_code=6150,DATA_VALIDATION,REFERENTIAL_INTEGRITY,transaction_type,FAIL,WARNING,MAINTENANCE,A value that exists in config/posting_rules.csv.transaction_type.,,,'MAINTENANCE' in 'transaction_type' does not exist in config/posting_rules.csv.transaction_type.,"Add a posting rule for this transaction type to config/posting_rules.csv, or correct the journal.",2026-10-09T15:32:10
ING-20261004_154838,general_ledger,general_ledger.xlsx,Sheet1,120253,journal_id=JRN000060121|account_code=1010,DATA_VALIDATION,REFERENTIAL_INTEGRITY,transaction_type,FAIL,WARNING,MAINTENANCE,A value that exists in config/posting_rules.csv.transaction_type.,,,'MAINTENANCE' in 'transaction_type' does not exist in config/posting_rules.csv.transaction_type.,"Add a posting rule for this transaction type to config/posting_rules.csv, or correct the journal.",2026-10-09T15:32:10
ING-20261004_154838,general_ledger,general_ledger.xlsx,Sheet1,120262,journal_id=JRN000060126|account_code=6160,DATA_VALIDATION,REFERENTIAL_INTEGRITY,transaction_type,FAIL,WARNING,SECURITY,A value that exists in config/posting_rules.csv.transaction_type.,,,'SECURITY' in 'transaction_type' does not exist in config/posting_rules.csv.transaction_type.,"Add a posting rule for this transaction type to config/posting_rules.csv, or correct the journal.",2026-10-09T15:32:10
ING-20261004_154838,general_ledger,general_ledger.xlsx,Sheet1,120263,journal_id=JRN000060126|account_code=1010,DATA_VALIDATION,REFERENTIAL_INTEGRITY,transaction_type,FAIL,WARNING,SECURITY,A value that exists in config/posting_rules.csv.transaction_type.,,,'SECURITY' in 'transaction_type' does not exist in config/posting_rules.csv.transaction_type.,"Add a posting rule for this transaction type to config/posting_rules.csv, or correct the journal.",2026-10-09T15:32:10
ING-20261004_154838,general_ledger,general_ledger.xlsx,Sheet1,120264,journal_id=JRN000060127|account_code=6150,DATA_VALIDATION,REFERENTIAL_INTEGRITY,transaction_type,FAIL,WARNING,MAINTENANCE,A value that exists in config/posting_rules.csv.transaction_type.,,,'MAINTENANCE' in 'transaction_type' does not exist in config/posting_rules.csv.transaction_type.,"Add a posting rule for this transaction type to config/posting_rules.csv, or correct the journal.",2026-10-09T15:32:10
ING-20261004_154838,general_ledger,general_ledger.xlsx,Sheet1,120265,journal_id=JRN000060127|account_code=1010,DATA_VALIDATION,REFERENTIAL_INTEGRITY,transaction_type,FAIL,WARNING,MAINTENANCE,A value that exists in config/posting_rules.csv.transaction_type.,,,'MAINTENANCE' in 'transaction_type' does not exist in config/posting_rules.csv.transaction_type.,"Add a posting rule for this transaction type to config/posting_rules.csv, or correct the journal.",2026-10-09T15:32:10
ING-20261004_154838,general_ledger,general_ledger.xlsx,Sheet1,120274,journal_id=JRN000060132|account_code=6160,DATA_VALIDATION,REFERENTIAL_INTEGRITY,transaction_type,FAIL,WARNING,SECURITY,A value that exists in config/posting_rules.csv.transaction_type.,,,'SECURITY' in 'transaction_type' does not exist in config/posting_rules.csv.transaction_type.,"Add a posting rule for this transaction type to config/posting_rules.csv, or correct the journal.",2026-10-09T15:32:10
ING-20261004_154838,general_ledger,general_ledger.xlsx,Sheet1,120275,journal_id=JRN000060132|account_code=1010,DATA_VALIDATION,REFERENTIAL_INTEGRITY,transaction_type,FAIL,WARNING,SECURITY,A value that exists in config/posting_rules.csv.transaction_type.,,,'SECURITY' in 'transaction_type' does not exist in config/posting_rules.csv.transaction_type.,"Add a posting rule for this transaction type to config/posting_rules.csv, or correct the journal.",2026-10-09T15:32:10
ING-20261004_154838,general_ledger,general_ledger.xlsx,Sheet1,120276,journal_id=JRN000060133|account_code=6150,DATA_VALIDATION,REFERENTIAL_INTEGRITY,transaction_type,FAIL,WARNING,MAINTENANCE,A value that exists in config/posting_rules.csv.transaction_type.,,,'MAINTENANCE' in 'transaction_type' does not exist in config/posting_rules.csv.transaction_type.,"Add a posting rule for this transaction type to config/posting_rules.csv, or correct the journal.",2026-10-09T15:32:10
ING-20261004_154838,general_ledger,general_ledger.xlsx,Sheet1,120277,journal_id=JRN000060133|account_code=1010,DATA_VALIDATION,REFERENTIAL_INTEGRITY,transaction_type,FAIL,WARNING,MAINTENANCE,A value that exists in config/posting_rules.csv.transaction_type.,,,'MAINTENANCE' in 'transaction_type' does not exist in config/posting_rules.csv.transaction_type.,"Add a posting rule for this transaction type to config/posting_rules.csv, or correct the journal.",2026-10-09T15:32:10
ING-20261004_154838,general_ledger,general_ledger.xlsx,Sheet1,120286,journal_id=JRN000060138|account_code=6160,DATA_VALIDATION,REFERENTIAL_INTEGRITY,transaction_type,FAIL,WARNING,SECURITY,A value that exists in config/posting_rules.csv.transaction_type.,,,'SECURITY' in 'transaction_type' does not exist in config/posting_rules.csv.transaction_type.,"Add a posting rule for this transaction type to config/posting_rules.csv, or correct the journal.",2026-10-09T15:32:10
ING-20261004_154838,general_ledger,general_ledger.xlsx,Sheet1,120287,journal_id=JRN000060138|account_code=1010,DATA_VALIDATION,REFERENTIAL_INTEGRITY,transaction_type,FAIL,WARNING,SECURITY,A value that exists in config/posting_rules.csv.transaction_type.,,,'SECURITY' in 'transaction_type' does not exist in config/posting_rules.csv.transaction_type.,"Add a posting rule for this transaction type to config/posting_rules.csv, or correct the journal.",2026-10-09T15:32:10
ING-20261004_154838,general_ledger,general_ledger.xlsx,Sheet1,120288,journal_id=JRN000060139|account_code=6150,DATA_VALIDATION,REFERENTIAL_INTEGRITY,transaction_type,FAIL,WARNING,MAINTENANCE,A value that exists in config/posting_rules.csv.transaction_type.,,,'MAINTENANCE' in 'transaction_type' does not exist in config/posting_rules.csv.transaction_type.,"Add a posting rule for this transaction type to config/posting_rules.csv, or correct the journal.",2026-10-09T15:32:10
ING-20261004_154838,general_ledger,general_ledger.xlsx,Sheet1,120289,journal_id=JRN000060139|account_code=1010,DATA_VALIDATION,REFERENTIAL_INTEGRITY,transaction_type,FAIL,WARNING,MAINTENANCE,A value that exists in config/posting_rules.csv.transaction_type.,,,'MAINTENANCE' in 'transaction_type' does not exist in config/posting_rules.csv.transaction_type.,"Add a posting rule for this transaction type to config/posting_rules.csv, or correct the journal.",2026-10-09T15:32:10
ING-20261004_154838,general_ledger,general_ledger.xlsx,Sheet1,120298,journal_id=JRN000060144|account_code=6160,DATA_VALIDATION,REFERENTIAL_INTEGRITY,transaction_type,FAIL,WARNING,SECURITY,A value that exists in config/posting_rules.csv.transaction_type.,,,'SECURITY' in 'transaction_type' does not exist in config/posting_rules.csv.transaction_type.,"Add a posting rule for this transaction type to config/posting_rules.csv, or correct the journal.",2026-10-09T15:32:10
ING-20261004_154838,general_ledger,general_ledger.xlsx,Sheet1,120299,journal_id=JRN000060144|account_code=1010,DATA_VALIDATION,REFERENTIAL_INTEGRITY,transaction_type,FAIL,WARNING,SECURITY,A value that exists in config/posting_rules.csv.transaction_type.,,,'SECURITY' in 'transaction_type' does not exist in config/posting_rules.csv.transaction_type.,"Add a posting rule for this transaction type to config/posting_rules.csv, or correct the journal.",2026-10-09T15:32:10
ING-20261004_154838,general_ledger,general_ledger.xlsx,Sheet1,120300,journal_id=JRN000060145|account_code=6150,DATA_VALIDATION,REFERENTIAL_INTEGRITY,transaction_type,FAIL,WARNING,MAINTENANCE,A value that exists in config/posting_rules.csv.transaction_type.,,,'MAINTENANCE' in 'transaction_type' does not exist in config/posting_rules.csv.transaction_type.,"Add a posting rule for this transaction type to config/posting_rules.csv, or correct the journal.",2026-10-09T15:32:10
ING-20261004_154838,general_ledger,general_ledger.xlsx,Sheet1,120301,journal_id=JRN000060145|account_code=1010,DATA_VALIDATION,REFERENTIAL_INTEGRITY,transaction_type,FAIL,WARNING,MAINTENANCE,A value that exists in config/posting_rules.csv.transaction_type.,,,'MAINTENANCE' in 'transaction_type' does not exist in config/posting_rules.csv.transaction_type.,"Add a posting rule for this transaction type to config/posting_rules.csv, or correct the journal.",2026-10-09T15:32:10
ING-20261004_154838,general_ledger,general_ledger.xlsx,Sheet1,120310,journal_id=JRN000060150|account_code=6160,DATA_VALIDATION,REFERENTIAL_INTEGRITY,transaction_type,FAIL,WARNING,SECURITY,A value that exists in config/posting_rules.csv.transaction_type.,,,'SECURITY' in 'transaction_type' does not exist in config/posting_rules.csv.transaction_type.,"Add a posting rule for this transaction type to config/posting_rules.csv, or correct the journal.",2026-10-09T15:32:10
ING-20261004_154838,general_ledger,general_ledger.xlsx,Sheet1,120311,journal_id=JRN000060150|account_code=1010,DATA_VALIDATION,REFERENTIAL_INTEGRITY,transaction_type,FAIL,WARNING,SECURITY,A value that exists in config/posting_rules.csv.transaction_type.,,,'SECURITY' in 'transaction_type' does not exist in config/posting_rules.csv.transaction_type.,"Add a posting rule for this transaction type to config/posting_rules.csv, or correct the journal.",2026-10-09T15:32:10
ING-20261004_154838,general_ledger,general_ledger.xlsx,Sheet1,120312,journal_id=JRN000060151|account_code=6150,DATA_VALIDATION,REFERENTIAL_INTEGRITY,transaction_type,FAIL,WARNING,MAINTENANCE,A value that exists in config/posting_rules.csv.transaction_type.,,,'MAINTENANCE' in 'transaction_type' does not exist in config/posting_rules.csv.transaction_type.,"Add a posting rule for this transaction type to config/posting_rules.csv, or correct the journal.",2026-10-09T15:32:10
ING-20261004_154838,general_ledger,general_ledger.xlsx,Sheet1,120313,journal_id=JRN000060151|account_code=1010,DATA_VALIDATION,REFERENTIAL_INTEGRITY,transaction_type,FAIL,WARNING,MAINTENANCE,A value that exists in config/posting_rules.csv.transaction_type.,,,'MAINTENANCE' in 'transaction_type' does not exist in config/posting_rules.csv.transaction_type.,"Add a posting rule for this transaction type to config/posting_rules.csv, or correct the journal.",2026-10-09T15:32:10
ING-20261004_154838,general_ledger,general_ledger.xlsx,Sheet1,120322,journal_id=JRN000060156|account_code=6160,DATA_VALIDATION,REFERENTIAL_INTEGRITY,transaction_type,FAIL,WARNING,SECURITY,A value that exists in config/posting_rules.csv.transaction_type.,,,'SECURITY' in 'transaction_type' does not exist in config/posting_rules.csv.transaction_type.,"Add a posting rule for this transaction type to config/posting_rules.csv, or correct the journal.",2026-10-09T15:32:10
ING-20261004_154838,general_ledger,general_ledger.xlsx,Sheet1,120323,journal_id=JRN000060156|account_code=1010,DATA_VALIDATION,REFERENTIAL_INTEGRITY,transaction_type,FAIL,WARNING,SECURITY,A value that exists in config/posting_rules.csv.transaction_type.,,,'SECURITY' in 'transaction_type' does not exist in config/posting_rules.csv.transaction_type.,"Add a posting rule for this transaction type to config/posting_rules.csv, or correct the journal.",2026-10-09T15:32:10
ING-20261004_154838,general_ledger,general_ledger.xlsx,Sheet1,120324,journal_id=JRN000060157|account_code=6150,DATA_VALIDATION,REFERENTIAL_INTEGRITY,transaction_type,FAIL,WARNING,MAINTENANCE,A value that exists in config/posting_rules.csv.transaction_type.,,,'MAINTENANCE' in 'transaction_type' does not exist in config/posting_rules.csv.transaction_type.,"Add a posting rule for this transaction type to config/posting_rules.csv, or correct the journal.",2026-10-09T15:32:10
ING-20261004_154838,general_ledger,general_ledger.xlsx,Sheet1,120325,journal_id=JRN000060157|account_code=1010,DATA_VALIDATION,REFERENTIAL_INTEGRITY,transaction_type,FAIL,WARNING,MAINTENANCE,A value that exists in config/posting_rules.csv.transaction_type.,,,'MAINTENANCE' in 'transaction_type' does not exist in config/posting_rules.csv.transaction_type.,"Add a posting rule for this transaction type to config/posting_rules.csv, or correct the journal.",2026-10-09T15:32:10
ING-20261004_154838,general_ledger,general_ledger.xlsx,Sheet1,120334,journal_id=JRN000060162|account_code=6160,DATA_VALIDATION,REFERENTIAL_INTEGRITY,transaction_type,FAIL,WARNING,SECURITY,A value that exists in config/posting_rules.csv.transaction_type.,,,'SECURITY' in 'transaction_type' does not exist in config/posting_rules.csv.transaction_type.,"Add a posting rule for this transaction type to config/posting_rules.csv, or correct the journal.",2026-10-09T15:32:10
ING-20261004_154838,general_ledger,general_ledger.xlsx,Sheet1,120335,journal_id=JRN000060162|account_code=1010,DATA_VALIDATION,REFERENTIAL_INTEGRITY,transaction_type,FAIL,WARNING,SECURITY,A value that exists in config/posting_rules.csv.transaction_type.,,,'SECURITY' in 'transaction_type' does not exist in config/posting_rules.csv.transaction_type.,"Add a posting rule for this transaction type to config/posting_rules.csv, or correct the journal.",2026-10-09T15:32:10
ING-20261004_154838,general_ledger,general_ledger.xlsx,Sheet1,120336,journal_id=JRN000060163|account_code=6150,DATA_VALIDATION,REFERENTIAL_INTEGRITY,transaction_type,FAIL,WARNING,MAINTENANCE,A value that exists in config/posting_rules.csv.transaction_type.,,,'MAINTENANCE' in 'transaction_type' does not exist in config/posting_rules.csv.transaction_type.,"Add a posting rule for this transaction type to config/posting_rules.csv, or correct the journal.",2026-10-09T15:32:10
ING-20261004_154838,general_ledger,general_ledger.xlsx,Sheet1,120337,journal_id=JRN000060163|account_code=1010,DATA_VALIDATION,REFERENTIAL_INTEGRITY,transaction_type,FAIL,WARNING,MAINTENANCE,A value that exists in config/posting_rules.csv.transaction_type.,,,'MAINTENANCE' in 'transaction_type' does not exist in config/posting_rules.csv.transaction_type.,"Add a posting rule for this transaction type to config/posting_rules.csv, or correct the journal.",2026-10-09T15:32:10
ING-20261004_154838,general_ledger,general_ledger.xlsx,Sheet1,120346,journal_id=JRN000060168|account_code=6160,DATA_VALIDATION,REFERENTIAL_INTEGRITY,transaction_type,FAIL,WARNING,SECURITY,A value that exists in config/posting_rules.csv.transaction_type.,,,'SECURITY' in 'transaction_type' does not exist in config/posting_rules.csv.transaction_type.,"Add a posting rule for this transaction type to config/posting_rules.csv, or correct the journal.",2026-10-09T15:32:10
ING-20261004_154838,general_ledger,general_ledger.xlsx,Sheet1,120347,journal_id=JRN000060168|account_code=1010,DATA_VALIDATION,REFERENTIAL_INTEGRITY,transaction_type,FAIL,WARNING,SECURITY,A value that exists in config/posting_rules.csv.transaction_type.,,,'SECURITY' in 'transaction_type' does not exist in config/posting_rules.csv.transaction_type.,"Add a posting rule for this transaction type to config/posting_rules.csv, or correct the journal.",2026-10-09T15:32:10
ING-20261004_154838,general_ledger,general_ledger.xlsx,Sheet1,120348,journal_id=JRN000060169|account_code=6150,DATA_VALIDATION,REFERENTIAL_INTEGRITY,transaction_type,FAIL,WARNING,MAINTENANCE,A value that exists in config/posting_rules.csv.transaction_type.,,,'MAINTENANCE' in 'transaction_type' does not exist in config/posting_rules.csv.transaction_type.,"Add a posting rule for this transaction type to config/posting_rules.csv, or correct the journal.",2026-10-09T15:32:10
ING-20261004_154838,general_ledger,general_ledger.xlsx,Sheet1,120349,journal_id=JRN000060169|account_code=1010,DATA_VALIDATION,REFERENTIAL_INTEGRITY,transaction_type,FAIL,WARNING,MAINTENANCE,A value that exists in config/posting_rules.csv.transaction_type.,,,'MAINTENANCE' in 'transaction_type' does not exist in config/posting_rules.csv.transaction_type.,"Add a posting rule for this transaction type to config/posting_rules.csv, or correct the journal.",2026-10-09T15:32:10
ING-20261004_154838,general_ledger,general_ledger.xlsx,Sheet1,120358,journal_id=JRN000060174|account_code=6160,DATA_VALIDATION,REFERENTIAL_INTEGRITY,transaction_type,FAIL,WARNING,SECURITY,A value that exists in config/posting_rules.csv.transaction_type.,,,'SECURITY' in 'transaction_type' does not exist in config/posting_rules.csv.transaction_type.,"Add a posting rule for this transaction type to config/posting_rules.csv, or correct the journal.",2026-10-09T15:32:10
ING-20261004_154838,general_ledger,general_ledger.xlsx,Sheet1,120359,journal_id=JRN000060174|account_code=1010,DATA_VALIDATION,REFERENTIAL_INTEGRITY,transaction_type,FAIL,WARNING,SECURITY,A value that exists in config/posting_rules.csv.transaction_type.,,,'SECURITY' in 'transaction_type' does not exist in config/posting_rules.csv.transaction_type.,"Add a posting rule for this transaction type to config/posting_rules.csv, or correct the journal.",2026-10-09T15:32:10
ING-20261004_154838,general_ledger,general_ledger.xlsx,Sheet1,120360,journal_id=JRN000060175|account_code=6150,DATA_VALIDATION,REFERENTIAL_INTEGRITY,transaction_type,FAIL,WARNING,MAINTENANCE,A value that exists in config/posting_rules.csv.transaction_type.,,,'MAINTENANCE' in 'transaction_type' does not exist in config/posting_rules.csv.transaction_type.,"Add a posting rule for this transaction type to config/posting_rules.csv, or correct the journal.",2026-10-09T15:32:10
ING-20261004_154838,general_ledger,general_ledger.xlsx,Sheet1,120361,journal_id=JRN000060175|account_code=1010,DATA_VALIDATION,REFERENTIAL_INTEGRITY,transaction_type,FAIL,WARNING,MAINTENANCE,A value that exists in config/posting_rules.csv.transaction_type.,,,'MAINTENANCE' in 'transaction_type' does not exist in config/posting_rules.csv.transaction_type.,"Add a posting rule for this transaction type to config/posting_rules.csv, or correct the journal.",2026-10-09T15:32:10
ING-20261004_154838,general_ledger,general_ledger.xlsx,Sheet1,120370,journal_id=JRN000060180|account_code=6160,DATA_VALIDATION,REFERENTIAL_INTEGRITY,transaction_type,FAIL,WARNING,SECURITY,A value that exists in config/posting_rules.csv.transaction_type.,,,'SECURITY' in 'transaction_type' does not exist in config/posting_rules.csv.transaction_type.,"Add a posting rule for this transaction type to config/posting_rules.csv, or correct the journal.",2026-10-09T15:32:10
ING-20261004_154838,general_ledger,general_ledger.xlsx,Sheet1,120371,journal_id=JRN000060180|account_code=1010,DATA_VALIDATION,REFERENTIAL_INTEGRITY,transaction_type,FAIL,WARNING,SECURITY,A value that exists in config/posting_rules.csv.transaction_type.,,,'SECURITY' in 'transaction_type' does not exist in config/posting_rules.csv.transaction_type.,"Add a posting rule for this transaction type to config/posting_rules.csv, or correct the journal.",2026-10-09T15:32:10
ING-20261004_154838,general_ledger,general_ledger.xlsx,Sheet1,120372,journal_id=JRN000060181|account_code=6150,DATA_VALIDATION,REFERENTIAL_INTEGRITY,transaction_type,FAIL,WARNING,MAINTENANCE,A value that exists in config/posting_rules.csv.transaction_type.,,,'MAINTENANCE' in 'transaction_type' does not exist in config/posting_rules.csv.transaction_type.,"Add a posting rule for this transaction type to config/posting_rules.csv, or correct the journal.",2026-10-09T15:32:10
ING-20261004_154838,general_ledger,general_ledger.xlsx,Sheet1,120373,journal_id=JRN000060181|account_code=1010,DATA_VALIDATION,REFERENTIAL_INTEGRITY,transaction_type,FAIL,WARNING,MAINTENANCE,A value that exists in config/posting_rules.csv.transaction_type.,,,'MAINTENANCE' in 'transaction_type' does not exist in config/posting_rules.csv.transaction_type.,"Add a posting rule for this transaction type to config/posting_rules.csv, or correct the journal.",2026-10-09T15:32:10
ING-20261004_154838,general_ledger,general_ledger.xlsx,Sheet1,120382,journal_id=JRN000060186|account_code=6160,DATA_VALIDATION,REFERENTIAL_INTEGRITY,transaction_type,FAIL,WARNING,SECURITY,A value that exists in config/posting_rules.csv.transaction_type.,,,'SECURITY' in 'transaction_type' does not exist in config/posting_rules.csv.transaction_type.,"Add a posting rule for this transaction type to config/posting_rules.csv, or correct the journal.",2026-10-09T15:32:10
ING-20261004_154838,general_ledger,general_ledger.xlsx,Sheet1,120383,journal_id=JRN000060186|account_code=1010,DATA_VALIDATION,REFERENTIAL_INTEGRITY,transaction_type,FAIL,WARNING,SECURITY,A value that exists in config/posting_rules.csv.transaction_type.,,,'SECURITY' in 'transaction_type' does not exist in config/posting_rules.csv.transaction_type.,"Add a posting rule for this transaction type to config/posting_rules.csv, or correct the journal.",2026-10-09T15:32:10
ING-20261004_154838,general_ledger,general_ledger.xlsx,Sheet1,120384,journal_id=JRN000060187|account_code=6150,DATA_VALIDATION,REFERENTIAL_INTEGRITY,transaction_type,FAIL,WARNING,MAINTENANCE,A value that exists in config/posting_rules.csv.transaction_type.,,,'MAINTENANCE' in 'transaction_type' does not exist in config/posting_rules.csv.transaction_type.,"Add a posting rule for this transaction type to config/posting_rules.csv, or correct the journal.",2026-10-09T15:32:10
ING-20261004_154838,general_ledger,general_ledger.xlsx,Sheet1,120385,journal_id=JRN000060187|account_code=1010,DATA_VALIDATION,REFERENTIAL_INTEGRITY,transaction_type,FAIL,WARNING,MAINTENANCE,A value that exists in config/posting_rules.csv.transaction_type.,,,'MAINTENANCE' in 'transaction_type' does not exist in config/posting_rules.csv.transaction_type.,"Add a posting rule for this transaction type to config/posting_rules.csv, or correct the journal.",2026-10-09T15:32:10
ING-20261004_154838,general_ledger,general_ledger.xlsx,Sheet1,120394,journal_id=JRN000060192|account_code=6160,DATA_VALIDATION,REFERENTIAL_INTEGRITY,transaction_type,FAIL,WARNING,SECURITY,A value that exists in config/posting_rules.csv.transaction_type.,,,'SECURITY' in 'transaction_type' does not exist in config/posting_rules.csv.transaction_type.,"Add a posting rule for this transaction type to config/posting_rules.csv, or correct the journal.",2026-10-09T15:32:10
ING-20261004_154838,general_ledger,general_ledger.xlsx,Sheet1,120395,journal_id=JRN000060192|account_code=1010,DATA_VALIDATION,REFERENTIAL_INTEGRITY,transaction_type,FAIL,WARNING,SECURITY,A value that exists in config/posting_rules.csv.transaction_type.,,,'SECURITY' in 'transaction_type' does not exist in config/posting_rules.csv.transaction_type.,"Add a posting rule for this transaction type to config/posting_rules.csv, or correct the journal.",2026-10-09T15:32:10
ING-20261004_154838,general_ledger,general_ledger.xlsx,Sheet1,120396,journal_id=JRN000060193|account_code=6150,DATA_VALIDATION,REFERENTIAL_INTEGRITY,transaction_type,FAIL,WARNING,MAINTENANCE,A value that exists in config/posting_rules.csv.transaction_type.,,,'MAINTENANCE' in 'transaction_type' does not exist in config/posting_rules.csv.transaction_type.,"Add a posting rule for this transaction type to config/posting_rules.csv, or correct the journal.",2026-10-09T15:32:10
ING-20261004_154838,general_ledger,general_ledger.xlsx,Sheet1,120397,journal_id=JRN000060193|account_code=1010,DATA_VALIDATION,REFERENTIAL_INTEGRITY,transaction_type,FAIL,WARNING,MAINTENANCE,A value that exists in config/posting_rules.csv.transaction_type.,,,'MAINTENANCE' in 'transaction_type' does not exist in config/posting_rules.csv.transaction_type.,"Add a posting rule for this transaction type to config/posting_rules.csv, or correct the journal.",2026-10-09T15:32:10
ING-20261004_154838,general_ledger,general_ledger.xlsx,Sheet1,120406,journal_id=JRN000060198|account_code=6160,DATA_VALIDATION,REFERENTIAL_INTEGRITY,transaction_type,FAIL,WARNING,SECURITY,A value that exists in config/posting_rules.csv.transaction_type.,,,'SECURITY' in 'transaction_type' does not exist in config/posting_rules.csv.transaction_type.,"Add a posting rule for this transaction type to config/posting_rules.csv, or correct the journal.",2026-10-09T15:32:10
ING-20261004_154838,general_ledger,general_ledger.xlsx,Sheet1,120407,journal_id=JRN000060198|account_code=1010,DATA_VALIDATION,REFERENTIAL_INTEGRITY,transaction_type,FAIL,WARNING,SECURITY,A value that exists in config/posting_rules.csv.transaction_type.,,,'SECURITY' in 'transaction_type' does not exist in config/posting_rules.csv.transaction_type.,"Add a posting rule for this transaction type to config/posting_rules.csv, or correct the journal.",2026-10-09T15:32:10
ING-20261004_154838,general_ledger,general_ledger.xlsx,Sheet1,120408,journal_id=JRN000060199|account_code=6150,DATA_VALIDATION,REFERENTIAL_INTEGRITY,transaction_type,FAIL,WARNING,MAINTENANCE,A value that exists in config/posting_rules.csv.transaction_type.,,,'MAINTENANCE' in 'transaction_type' does not exist in config/posting_rules.csv.transaction_type.,"Add a posting rule for this transaction type to config/posting_rules.csv, or correct the journal.",2026-10-09T15:32:10
ING-20261004_154838,general_ledger,general_ledger.xlsx,Sheet1,120409,journal_id=JRN000060199|account_code=1010,DATA_VALIDATION,REFERENTIAL_INTEGRITY,transaction_type,FAIL,WARNING,MAINTENANCE,A value that exists in config/posting_rules.csv.transaction_type.,,,'MAINTENANCE' in 'transaction_type' does not exist in config/posting_rules.csv.transaction_type.,"Add a posting rule for this transaction type to config/posting_rules.csv, or correct the journal.",2026-10-09T15:32:10
ING-20261004_154838,general_ledger,general_ledger.xlsx,Sheet1,120418,journal_id=JRN000060204|account_code=6160,DATA_VALIDATION,REFERENTIAL_INTEGRITY,transaction_type,FAIL,WARNING,SECURITY,A value that exists in config/posting_rules.csv.transaction_type.,,,'SECURITY' in 'transaction_type' does not exist in config/posting_rules.csv.transaction_type.,"Add a posting rule for this transaction type to config/posting_rules.csv, or correct the journal.",2026-10-09T15:32:10
ING-20261004_154838,general_ledger,general_ledger.xlsx,Sheet1,120419,journal_id=JRN000060204|account_code=1010,DATA_VALIDATION,REFERENTIAL_INTEGRITY,transaction_type,FAIL,WARNING,SECURITY,A value that exists in config/posting_rules.csv.transaction_type.,,,'SECURITY' in 'transaction_type' does not exist in config/posting_rules.csv.transaction_type.,"Add a posting rule for this transaction type to config/posting_rules.csv, or correct the journal.",2026-10-09T15:32:10
ING-20261004_154838,general_ledger,general_ledger.xlsx,Sheet1,120420,journal_id=JRN000060205|account_code=6150,DATA_VALIDATION,REFERENTIAL_INTEGRITY,transaction_type,FAIL,WARNING,MAINTENANCE,A value that exists in config/posting_rules.csv.transaction_type.,,,'MAINTENANCE' in 'transaction_type' does not exist in config/posting_rules.csv.transaction_type.,"Add a posting rule for this transaction type to config/posting_rules.csv, or correct the journal.",2026-10-09T15:32:10
ING-20261004_154838,general_ledger,general_ledger.xlsx,Sheet1,120421,journal_id=JRN000060205|account_code=1010,DATA_VALIDATION,REFERENTIAL_INTEGRITY,transaction_type,FAIL,WARNING,MAINTENANCE,A value that exists in config/posting_rules.csv.transaction_type.,,,'MAINTENANCE' in 'transaction_type' does not exist in config/posting_rules.csv.transaction_type.,"Add a posting rule for this transaction type to config/posting_rules.csv, or correct the journal.",2026-10-09T15:32:10
ING-20261004_154838,general_ledger,general_ledger.xlsx,Sheet1,120430,journal_id=JRN000060210|account_code=6160,DATA_VALIDATION,REFERENTIAL_INTEGRITY,transaction_type,FAIL,WARNING,SECURITY,A value that exists in config/posting_rules.csv.transaction_type.,,,'SECURITY' in 'transaction_type' does not exist in config/posting_rules.csv.transaction_type.,"Add a posting rule for this transaction type to config/posting_rules.csv, or correct the journal.",2026-10-09T15:32:10
ING-20261004_154838,general_ledger,general_ledger.xlsx,Sheet1,120431,journal_id=JRN000060210|account_code=1010,DATA_VALIDATION,REFERENTIAL_INTEGRITY,transaction_type,FAIL,WARNING,SECURITY,A value that exists in config/posting_rules.csv.transaction_type.,,,'SECURITY' in 'transaction_type' does not exist in config/posting_rules.csv.transaction_type.,"Add a posting rule for this transaction type to config/posting_rules.csv, or correct the journal.",2026-10-09T15:32:10
ING-20261004_154838,general_ledger,general_ledger.xlsx,Sheet1,120432,journal_id=JRN000060211|account_code=6150,DATA_VALIDATION,REFERENTIAL_INTEGRITY,transaction_type,FAIL,WARNING,MAINTENANCE,A value that exists in config/posting_rules.csv.transaction_type.,,,'MAINTENANCE' in 'transaction_type' does not exist in config/posting_rules.csv.transaction_type.,"Add a posting rule for this transaction type to config/posting_rules.csv, or correct the journal.",2026-10-09T15:32:10
ING-20261004_154838,general_ledger,general_ledger.xlsx,Sheet1,120433,journal_id=JRN000060211|account_code=1010,DATA_VALIDATION,REFERENTIAL_INTEGRITY,transaction_type,FAIL,WARNING,MAINTENANCE,A value that exists in config/posting_rules.csv.transaction_type.,,,'MAINTENANCE' in 'transaction_type' does not exist in config/posting_rules.csv.transaction_type.,"Add a posting rule for this transaction type to config/posting_rules.csv, or correct the journal.",2026-10-09T15:32:10
ING-20261004_154838,general_ledger,general_ledger.xlsx,Sheet1,120442,journal_id=JRN000060216|account_code=6160,DATA_VALIDATION,REFERENTIAL_INTEGRITY,transaction_type,FAIL,WARNING,SECURITY,A value that exists in config/posting_rules.csv.transaction_type.,,,'SECURITY' in 'transaction_type' does not exist in config/posting_rules.csv.transaction_type.,"Add a posting rule for this transaction type to config/posting_rules.csv, or correct the journal.",2026-10-09T15:32:10
ING-20261004_154838,general_ledger,general_ledger.xlsx,Sheet1,120443,journal_id=JRN000060216|account_code=1010,DATA_VALIDATION,REFERENTIAL_INTEGRITY,transaction_type,FAIL,WARNING,SECURITY,A value that exists in config/posting_rules.csv.transaction_type.,,,'SECURITY' in 'transaction_type' does not exist in config/posting_rules.csv.transaction_type.,"Add a posting rule for this transaction type to config/posting_rules.csv, or correct the journal.",2026-10-09T15:32:10
ING-20261004_154838,general_ledger,general_ledger.xlsx,Sheet1,120444,journal_id=JRN000060217|account_code=6150,DATA_VALIDATION,REFERENTIAL_INTEGRITY,transaction_type,FAIL,WARNING,MAINTENANCE,A value that exists in config/posting_rules.csv.transaction_type.,,,'MAINTENANCE' in 'transaction_type' does not exist in config/posting_rules.csv.transaction_type.,"Add a posting rule for this transaction type to config/posting_rules.csv, or correct the journal.",2026-10-09T15:32:10
ING-20261004_154838,general_ledger,general_ledger.xlsx,Sheet1,120445,journal_id=JRN000060217|account_code=1010,DATA_VALIDATION,REFERENTIAL_INTEGRITY,transaction_type,FAIL,WARNING,MAINTENANCE,A value that exists in config/posting_rules.csv.transaction_type.,,,'MAINTENANCE' in 'transaction_type' does not exist in config/posting_rules.csv.transaction_type.,"Add a posting rule for this transaction type to config/posting_rules.csv, or correct the journal.",2026-10-09T15:32:10
ING-20261004_154838,general_ledger,general_ledger.xlsx,Sheet1,120454,journal_id=JRN000060222|account_code=6160,DATA_VALIDATION,REFERENTIAL_INTEGRITY,transaction_type,FAIL,WARNING,SECURITY,A value that exists in config/posting_rules.csv.transaction_type.,,,'SECURITY' in 'transaction_type' does not exist in config/posting_rules.csv.transaction_type.,"Add a posting rule for this transaction type to config/posting_rules.csv, or correct the journal.",2026-10-09T15:32:10
ING-20261004_154838,general_ledger,general_ledger.xlsx,Sheet1,120455,journal_id=JRN000060222|account_code=1010,DATA_VALIDATION,REFERENTIAL_INTEGRITY,transaction_type,FAIL,WARNING,SECURITY,A value that exists in config/posting_rules.csv.transaction_type.,,,'SECURITY' in 'transaction_type' does not exist in config/posting_rules.csv.transaction_type.,"Add a posting rule for this transaction type to config/posting_rules.csv, or correct the journal.",2026-10-09T15:32:10
ING-20261004_154838,general_ledger,general_ledger.xlsx,Sheet1,120456,journal_id=JRN000060223|account_code=6150,DATA_VALIDATION,REFERENTIAL_INTEGRITY,transaction_type,FAIL,WARNING,MAINTENANCE,A value that exists in config/posting_rules.csv.transaction_type.,,,'MAINTENANCE' in 'transaction_type' does not exist in config/posting_rules.csv.transaction_type.,"Add a posting rule for this transaction type to config/posting_rules.csv, or correct the journal.",2026-10-09T15:32:10
ING-20261004_154838,general_ledger,general_ledger.xlsx,Sheet1,120457,journal_id=JRN000060223|account_code=1010,DATA_VALIDATION,REFERENTIAL_INTEGRITY,transaction_type,FAIL,WARNING,MAINTENANCE,A value that exists in config/posting_rules.csv.transaction_type.,,,'MAINTENANCE' in 'transaction_type' does not exist in config/posting_rules.csv.transaction_type.,"Add a posting rule for this transaction type to config/posting_rules.csv, or correct the journal.",2026-10-09T15:32:10
ING-20261004_154838,general_ledger,general_ledger.xlsx,Sheet1,120466,journal_id=JRN000060228|account_code=6160,DATA_VALIDATION,REFERENTIAL_INTEGRITY,transaction_type,FAIL,WARNING,SECURITY,A value that exists in config/posting_rules.csv.transaction_type.,,,'SECURITY' in 'transaction_type' does not exist in config/posting_rules.csv.transaction_type.,"Add a posting rule for this transaction type to config/posting_rules.csv, or correct the journal.",2026-10-09T15:32:10
ING-20261004_154838,general_ledger,general_ledger.xlsx,Sheet1,120467,journal_id=JRN000060228|account_code=1010,DATA_VALIDATION,REFERENTIAL_INTEGRITY,transaction_type,FAIL,WARNING,SECURITY,A value that exists in config/posting_rules.csv.transaction_type.,,,'SECURITY' in 'transaction_type' does not exist in config/posting_rules.csv.transaction_type.,"Add a posting rule for this transaction type to config/posting_rules.csv, or correct the journal.",2026-10-09T15:32:10
ING-20261004_154838,general_ledger,general_ledger.xlsx,Sheet1,120468,journal_id=JRN000060229|account_code=6150,DATA_VALIDATION,REFERENTIAL_INTEGRITY,transaction_type,FAIL,WARNING,MAINTENANCE,A value that exists in config/posting_rules.csv.transaction_type.,,,'MAINTENANCE' in 'transaction_type' does not exist in config/posting_rules.csv.transaction_type.,"Add a posting rule for this transaction type to config/posting_rules.csv, or correct the journal.",2026-10-09T15:32:10
ING-20261004_154838,general_ledger,general_ledger.xlsx,Sheet1,120469,journal_id=JRN000060229|account_code=1010,DATA_VALIDATION,REFERENTIAL_INTEGRITY,transaction_type,FAIL,WARNING,MAINTENANCE,A value that exists in config/posting_rules.csv.transaction_type.,,,'MAINTENANCE' in 'transaction_type' does not exist in config/posting_rules.csv.transaction_type.,"Add a posting rule for this transaction type to config/posting_rules.csv, or correct the journal.",2026-10-09T15:32:10
ING-20261004_154838,general_ledger,general_ledger.xlsx,Sheet1,120478,journal_id=JRN000060234|account_code=6160,DATA_VALIDATION,REFERENTIAL_INTEGRITY,transaction_type,FAIL,WARNING,SECURITY,A value that exists in config/posting_rules.csv.transaction_type.,,,'SECURITY' in 'transaction_type' does not exist in config/posting_rules.csv.transaction_type.,"Add a posting rule for this transaction type to config/posting_rules.csv, or correct the journal.",2026-10-09T15:32:10
ING-20261004_154838,general_ledger,general_ledger.xlsx,Sheet1,120479,journal_id=JRN000060234|account_code=1010,DATA_VALIDATION,REFERENTIAL_INTEGRITY,transaction_type,FAIL,WARNING,SECURITY,A value that exists in config/posting_rules.csv.transaction_type.,,,'SECURITY' in 'transaction_type' does not exist in config/posting_rules.csv.transaction_type.,"Add a posting rule for this transaction type to config/posting_rules.csv, or correct the journal.",2026-10-09T15:32:10
ING-20261004_154838,general_ledger,general_ledger.xlsx,Sheet1,120480,journal_id=JRN000060235|account_code=6150,DATA_VALIDATION,REFERENTIAL_INTEGRITY,transaction_type,FAIL,WARNING,MAINTENANCE,A value that exists in config/posting_rules.csv.transaction_type.,,,'MAINTENANCE' in 'transaction_type' does not exist in config/posting_rules.csv.transaction_type.,"Add a posting rule for this transaction type to config/posting_rules.csv, or correct the journal.",2026-10-09T15:32:10
ING-20261004_154838,general_ledger,general_ledger.xlsx,Sheet1,120481,journal_id=JRN000060235|account_code=1010,DATA_VALIDATION,REFERENTIAL_INTEGRITY,transaction_type,FAIL,WARNING,MAINTENANCE,A value that exists in config/posting_rules.csv.transaction_type.,,,'MAINTENANCE' in 'transaction_type' does not exist in config/posting_rules.csv.transaction_type.,"Add a posting rule for this transaction type to config/posting_rules.csv, or correct the journal.",2026-10-09T15:32:10
ING-20261004_154838,general_ledger,general_ledger.xlsx,Sheet1,120490,journal_id=JRN000060240|account_code=6160,DATA_VALIDATION,REFERENTIAL_INTEGRITY,transaction_type,FAIL,WARNING,SECURITY,A value that exists in config/posting_rules.csv.transaction_type.,,,'SECURITY' in 'transaction_type' does not exist in config/posting_rules.csv.transaction_type.,"Add a posting rule for this transaction type to config/posting_rules.csv, or correct the journal.",2026-10-09T15:32:10
ING-20261004_154838,general_ledger,general_ledger.xlsx,Sheet1,120491,journal_id=JRN000060240|account_code=1010,DATA_VALIDATION,REFERENTIAL_INTEGRITY,transaction_type,FAIL,WARNING,SECURITY,A value that exists in config/posting_rules.csv.transaction_type.,,,'SECURITY' in 'transaction_type' does not exist in config/posting_rules.csv.transaction_type.,"Add a posting rule for this transaction type to config/posting_rules.csv, or correct the journal.",2026-10-09T15:32:10
ING-20261004_154838,general_ledger,general_ledger.xlsx,Sheet1,120492,journal_id=JRN000060241|account_code=6150,DATA_VALIDATION,REFERENTIAL_INTEGRITY,transaction_type,FAIL,WARNING,MAINTENANCE,A value that exists in config/posting_rules.csv.transaction_type.,,,'MAINTENANCE' in 'transaction_type' does not exist in config/posting_rules.csv.transaction_type.,"Add a posting rule for this transaction type to config/posting_rules.csv, or correct the journal.",2026-10-09T15:32:10
ING-20261004_154838,general_ledger,general_ledger.xlsx,Sheet1,120493,journal_id=JRN000060241|account_code=1010,DATA_VALIDATION,REFERENTIAL_INTEGRITY,transaction_type,FAIL,WARNING,MAINTENANCE,A value that exists in config/posting_rules.csv.transaction_type.,,,'MAINTENANCE' in 'transaction_type' does not exist in config/posting_rules.csv.transaction_type.,"Add a posting rule for this transaction type to config/posting_rules.csv, or correct the journal.",2026-10-09T15:32:10
ING-20261004_154838,general_ledger,general_ledger.xlsx,Sheet1,120502,journal_id=JRN000060246|account_code=6160,DATA_VALIDATION,REFERENTIAL_INTEGRITY,transaction_type,FAIL,WARNING,SECURITY,A value that exists in config/posting_rules.csv.transaction_type.,,,'SECURITY' in 'transaction_type' does not exist in config/posting_rules.csv.transaction_type.,"Add a posting rule for this transaction type to config/posting_rules.csv, or correct the journal.",2026-10-09T15:32:10
ING-20261004_154838,general_ledger,general_ledger.xlsx,Sheet1,120503,journal_id=JRN000060246|account_code=1010,DATA_VALIDATION,REFERENTIAL_INTEGRITY,transaction_type,FAIL,WARNING,SECURITY,A value that exists in config/posting_rules.csv.transaction_type.,,,'SECURITY' in 'transaction_type' does not exist in config/posting_rules.csv.transaction_type.,"Add a posting rule for this transaction type to config/posting_rules.csv, or correct the journal.",2026-10-09T15:32:10
ING-20261004_154838,general_ledger,general_ledger.xlsx,Sheet1,120504,journal_id=JRN000060247|account_code=6150,DATA_VALIDATION,REFERENTIAL_INTEGRITY,transaction_type,FAIL,WARNING,MAINTENANCE,A value that exists in config/posting_rules.csv.transaction_type.,,,'MAINTENANCE' in 'transaction_type' does not exist in config/posting_rules.csv.transaction_type.,"Add a posting rule for this transaction type to config/posting_rules.csv, or correct the journal.",2026-10-09T15:32:10
ING-20261004_154838,general_ledger,general_ledger.xlsx,Sheet1,120505,journal_id=JRN000060247|account_code=1010,DATA_VALIDATION,REFERENTIAL_INTEGRITY,transaction_type,FAIL,WARNING,MAINTENANCE,A value that exists in config/posting_rules.csv.transaction_type.,,,'MAINTENANCE' in 'transaction_type' does not exist in config/posting_rules.csv.transaction_type.,"Add a posting rule for this transaction type to config/posting_rules.csv, or correct the journal.",2026-10-09T15:32:10
ING-20261004_154838,general_ledger,general_ledger.xlsx,Sheet1,120514,journal_id=JRN000060252|account_code=6160,DATA_VALIDATION,REFERENTIAL_INTEGRITY,transaction_type,FAIL,WARNING,SECURITY,A value that exists in config/posting_rules.csv.transaction_type.,,,'SECURITY' in 'transaction_type' does not exist in config/posting_rules.csv.transaction_type.,"Add a posting rule for this transaction type to config/posting_rules.csv, or correct the journal.",2026-10-09T15:32:10
ING-20261004_154838,general_ledger,general_ledger.xlsx,Sheet1,120515,journal_id=JRN000060252|account_code=1010,DATA_VALIDATION,REFERENTIAL_INTEGRITY,transaction_type,FAIL,WARNING,SECURITY,A value that exists in config/posting_rules.csv.transaction_type.,,,'SECURITY' in 'transaction_type' does not exist in config/posting_rules.csv.transaction_type.,"Add a posting rule for this transaction type to config/posting_rules.csv, or correct the journal.",2026-10-09T15:32:10
ING-20261004_154838,general_ledger,general_ledger.xlsx,Sheet1,120516,journal_id=JRN000060253|account_code=6150,DATA_VALIDATION,REFERENTIAL_INTEGRITY,transaction_type,FAIL,WARNING,MAINTENANCE,A value that exists in config/posting_rules.csv.transaction_type.,,,'MAINTENANCE' in 'transaction_type' does not exist in config/posting_rules.csv.transaction_type.,"Add a posting rule for this transaction type to config/posting_rules.csv, or correct the journal.",2026-10-09T15:32:10
ING-20261004_154838,general_ledger,general_ledger.xlsx,Sheet1,120517,journal_id=JRN000060253|account_code=1010,DATA_VALIDATION,REFERENTIAL_INTEGRITY,transaction_type,FAIL,WARNING,MAINTENANCE,A value that exists in config/posting_rules.csv.transaction_type.,,,'MAINTENANCE' in 'transaction_type' does not exist in config/posting_rules.csv.transaction_type.,"Add a posting rule for this transaction type to config/posting_rules.csv, or correct the journal.",2026-10-09T15:32:10
ING-20261004_154838,general_ledger,general_ledger.xlsx,Sheet1,120526,journal_id=JRN000060258|account_code=6160,DATA_VALIDATION,REFERENTIAL_INTEGRITY,transaction_type,FAIL,WARNING,SECURITY,A value that exists in config/posting_rules.csv.transaction_type.,,,'SECURITY' in 'transaction_type' does not exist in config/posting_rules.csv.transaction_type.,"Add a posting rule for this transaction type to config/posting_rules.csv, or correct the journal.",2026-10-09T15:32:10
ING-20261004_154838,general_ledger,general_ledger.xlsx,Sheet1,120527,journal_id=JRN000060258|account_code=1010,DATA_VALIDATION,REFERENTIAL_INTEGRITY,transaction_type,FAIL,WARNING,SECURITY,A value that exists in config/posting_rules.csv.transaction_type.,,,'SECURITY' in 'transaction_type' does not exist in config/posting_rules.csv.transaction_type.,"Add a posting rule for this transaction type to config/posting_rules.csv, or correct the journal.",2026-10-09T15:32:10
ING-20261004_154838,general_ledger,general_ledger.xlsx,Sheet1,120528,journal_id=JRN000060259|account_code=6150,DATA_VALIDATION,REFERENTIAL_INTEGRITY,transaction_type,FAIL,WARNING,MAINTENANCE,A value that exists in config/posting_rules.csv.transaction_type.,,,'MAINTENANCE' in 'transaction_type' does not exist in config/posting_rules.csv.transaction_type.,"Add a posting rule for this transaction type to config/posting_rules.csv, or correct the journal.",2026-10-09T15:32:10
ING-20261004_154838,general_ledger,general_ledger.xlsx,Sheet1,120529,journal_id=JRN000060259|account_code=1010,DATA_VALIDATION,REFERENTIAL_INTEGRITY,transaction_type,FAIL,WARNING,MAINTENANCE,A value that exists in config/posting_rules.csv.transaction_type.,,,'MAINTENANCE' in 'transaction_type' does not exist in config/posting_rules.csv.transaction_type.,"Add a posting rule for this transaction type to config/posting_rules.csv, or correct the journal.",2026-10-09T15:32:10
ING-20261004_154838,general_ledger,general_ledger.xlsx,Sheet1,120538,journal_id=JRN000060264|account_code=6160,DATA_VALIDATION,REFERENTIAL_INTEGRITY,transaction_type,FAIL,WARNING,SECURITY,A value that exists in config/posting_rules.csv.transaction_type.,,,'SECURITY' in 'transaction_type' does not exist in config/posting_rules.csv.transaction_type.,"Add a posting rule for this transaction type to config/posting_rules.csv, or correct the journal.",2026-10-09T15:32:10
ING-20261004_154838,general_ledger,general_ledger.xlsx,Sheet1,120539,journal_id=JRN000060264|account_code=1010,DATA_VALIDATION,REFERENTIAL_INTEGRITY,transaction_type,FAIL,WARNING,SECURITY,A value that exists in config/posting_rules.csv.transaction_type.,,,'SECURITY' in 'transaction_type' does not exist in config/posting_rules.csv.transaction_type.,"Add a posting rule for this transaction type to config/posting_rules.csv, or correct the journal.",2026-10-09T15:32:10
ING-20261004_154838,general_ledger,general_ledger.xlsx,Sheet1,120540,journal_id=JRN000060265|account_code=6150,DATA_VALIDATION,REFERENTIAL_INTEGRITY,transaction_type,FAIL,WARNING,MAINTENANCE,A value that exists in config/posting_rules.csv.transaction_type.,,,'MAINTENANCE' in 'transaction_type' does not exist in config/posting_rules.csv.transaction_type.,"Add a posting rule for this transaction type to config/posting_rules.csv, or correct the journal.",2026-10-09T15:32:10
ING-20261004_154838,general_ledger,general_ledger.xlsx,Sheet1,120541,journal_id=JRN000060265|account_code=1010,DATA_VALIDATION,REFERENTIAL_INTEGRITY,transaction_type,FAIL,WARNING,MAINTENANCE,A value that exists in config/posting_rules.csv.transaction_type.,,,'MAINTENANCE' in 'transaction_type' does not exist in config/posting_rules.csv.transaction_type.,"Add a posting rule for this transaction type to config/posting_rules.csv, or correct the journal.",2026-10-09T15:32:10
ING-20261004_154838,general_ledger,general_ledger.xlsx,Sheet1,120550,journal_id=JRN000060270|account_code=6160,DATA_VALIDATION,REFERENTIAL_INTEGRITY,transaction_type,FAIL,WARNING,SECURITY,A value that exists in config/posting_rules.csv.transaction_type.,,,'SECURITY' in 'transaction_type' does not exist in config/posting_rules.csv.transaction_type.,"Add a posting rule for this transaction type to config/posting_rules.csv, or correct the journal.",2026-10-09T15:32:10
ING-20261004_154838,general_ledger,general_ledger.xlsx,Sheet1,120551,journal_id=JRN000060270|account_code=1010,DATA_VALIDATION,REFERENTIAL_INTEGRITY,transaction_type,FAIL,WARNING,SECURITY,A value that exists in config/posting_rules.csv.transaction_type.,,,'SECURITY' in 'transaction_type' does not exist in config/posting_rules.csv.transaction_type.,"Add a posting rule for this transaction type to config/posting_rules.csv, or correct the journal.",2026-10-09T15:32:10
ING-20261004_154838,general_ledger,general_ledger.xlsx,Sheet1,120552,journal_id=JRN000060271|account_code=6150,DATA_VALIDATION,REFERENTIAL_INTEGRITY,transaction_type,FAIL,WARNING,MAINTENANCE,A value that exists in config/posting_rules.csv.transaction_type.,,,'MAINTENANCE' in 'transaction_type' does not exist in config/posting_rules.csv.transaction_type.,"Add a posting rule for this transaction type to config/posting_rules.csv, or correct the journal.",2026-10-09T15:32:10
ING-20261004_154838,general_ledger,general_ledger.xlsx,Sheet1,120553,journal_id=JRN000060271|account_code=1010,DATA_VALIDATION,REFERENTIAL_INTEGRITY,transaction_type,FAIL,WARNING,MAINTENANCE,A value that exists in config/posting_rules.csv.transaction_type.,,,'MAINTENANCE' in 'transaction_type' does not exist in config/posting_rules.csv.transaction_type.,"Add a posting rule for this transaction type to config/posting_rules.csv, or correct the journal.",2026-10-09T15:32:10
ING-20261004_154838,general_ledger,general_ledger.xlsx,Sheet1,120562,journal_id=JRN000060276|account_code=6160,DATA_VALIDATION,REFERENTIAL_INTEGRITY,transaction_type,FAIL,WARNING,SECURITY,A value that exists in config/posting_rules.csv.transaction_type.,,,'SECURITY' in 'transaction_type' does not exist in config/posting_rules.csv.transaction_type.,"Add a posting rule for this transaction type to config/posting_rules.csv, or correct the journal.",2026-10-09T15:32:10
ING-20261004_154838,general_ledger,general_ledger.xlsx,Sheet1,120563,journal_id=JRN000060276|account_code=1010,DATA_VALIDATION,REFERENTIAL_INTEGRITY,transaction_type,FAIL,WARNING,SECURITY,A value that exists in config/posting_rules.csv.transaction_type.,,,'SECURITY' in 'transaction_type' does not exist in config/posting_rules.csv.transaction_type.,"Add a posting rule for this transaction type to config/posting_rules.csv, or correct the journal.",2026-10-09T15:32:10
ING-20261004_154838,general_ledger,general_ledger.xlsx,Sheet1,120564,journal_id=JRN000060277|account_code=6150,DATA_VALIDATION,REFERENTIAL_INTEGRITY,transaction_type,FAIL,WARNING,MAINTENANCE,A value that exists in config/posting_rules.csv.transaction_type.,,,'MAINTENANCE' in 'transaction_type' does not exist in config/posting_rules.csv.transaction_type.,"Add a posting rule for this transaction type to config/posting_rules.csv, or correct the journal.",2026-10-09T15:32:10
ING-20261004_154838,general_ledger,general_ledger.xlsx,Sheet1,120565,journal_id=JRN000060277|account_code=1010,DATA_VALIDATION,REFERENTIAL_INTEGRITY,transaction_type,FAIL,WARNING,MAINTENANCE,A value that exists in config/posting_rules.csv.transaction_type.,,,'MAINTENANCE' in 'transaction_type' does not exist in config/posting_rules.csv.transaction_type.,"Add a posting rule for this transaction type to config/posting_rules.csv, or correct the journal.",2026-10-09T15:32:10
ING-20261004_154838,general_ledger,general_ledger.xlsx,Sheet1,120574,journal_id=JRN000060282|account_code=6160,DATA_VALIDATION,REFERENTIAL_INTEGRITY,transaction_type,FAIL,WARNING,SECURITY,A value that exists in config/posting_rules.csv.transaction_type.,,,'SECURITY' in 'transaction_type' does not exist in config/posting_rules.csv.transaction_type.,"Add a posting rule for this transaction type to config/posting_rules.csv, or correct the journal.",2026-10-09T15:32:10
ING-20261004_154838,general_ledger,general_ledger.xlsx,Sheet1,120575,journal_id=JRN000060282|account_code=1010,DATA_VALIDATION,REFERENTIAL_INTEGRITY,transaction_type,FAIL,WARNING,SECURITY,A value that exists in config/posting_rules.csv.transaction_type.,,,'SECURITY' in 'transaction_type' does not exist in config/posting_rules.csv.transaction_type.,"Add a posting rule for this transaction type to config/posting_rules.csv, or correct the journal.",2026-10-09T15:32:10
ING-20261004_154838,general_ledger,general_ledger.xlsx,Sheet1,120576,journal_id=JRN000060283|account_code=6150,DATA_VALIDATION,REFERENTIAL_INTEGRITY,transaction_type,FAIL,WARNING,MAINTENANCE,A value that exists in config/posting_rules.csv.transaction_type.,,,'MAINTENANCE' in 'transaction_type' does not exist in config/posting_rules.csv.transaction_type.,"Add a posting rule for this transaction type to config/posting_rules.csv, or correct the journal.",2026-10-09T15:32:10
ING-20261004_154838,general_ledger,general_ledger.xlsx,Sheet1,120577,journal_id=JRN000060283|account_code=1010,DATA_VALIDATION,REFERENTIAL_INTEGRITY,transaction_type,FAIL,WARNING,MAINTENANCE,A value that exists in config/posting_rules.csv.transaction_type.,,,'MAINTENANCE' in 'transaction_type' does not exist in config/posting_rules.csv.transaction_type.,"Add a posting rule for this transaction type to config/posting_rules.csv, or correct the journal.",2026-10-09T15:32:10
ING-20261004_154838,general_ledger,general_ledger.xlsx,Sheet1,120586,journal_id=JRN000060288|account_code=6160,DATA_VALIDATION,REFERENTIAL_INTEGRITY,transaction_type,FAIL,WARNING,SECURITY,A value that exists in config/posting_rules.csv.transaction_type.,,,'SECURITY' in 'transaction_type' does not exist in config/posting_rules.csv.transaction_type.,"Add a posting rule for this transaction type to config/posting_rules.csv, or correct the journal.",2026-10-09T15:32:10
ING-20261004_154838,general_ledger,general_ledger.xlsx,Sheet1,120587,journal_id=JRN000060288|account_code=1010,DATA_VALIDATION,REFERENTIAL_INTEGRITY,transaction_type,FAIL,WARNING,SECURITY,A value that exists in config/posting_rules.csv.transaction_type.,,,'SECURITY' in 'transaction_type' does not exist in config/posting_rules.csv.transaction_type.,"Add a posting rule for this transaction type to config/posting_rules.csv, or correct the journal.",2026-10-09T15:32:10
ING-20261004_154838,general_ledger,general_ledger.xlsx,Sheet1,120588,journal_id=JRN000060289|account_code=6150,DATA_VALIDATION,REFERENTIAL_INTEGRITY,transaction_type,FAIL,WARNING,MAINTENANCE,A value that exists in config/posting_rules.csv.transaction_type.,,,'MAINTENANCE' in 'transaction_type' does not exist in config/posting_rules.csv.transaction_type.,"Add a posting rule for this transaction type to config/posting_rules.csv, or correct the journal.",2026-10-09T15:32:10
ING-20261004_154838,general_ledger,general_ledger.xlsx,Sheet1,120589,journal_id=JRN000060289|account_code=1010,DATA_VALIDATION,REFERENTIAL_INTEGRITY,transaction_type,FAIL,WARNING,MAINTENANCE,A value that exists in config/posting_rules.csv.transaction_type.,,,'MAINTENANCE' in 'transaction_type' does not exist in config/posting_rules.csv.transaction_type.,"Add a posting rule for this transaction type to config/posting_rules.csv, or correct the journal.",2026-10-09T15:32:10
ING-20261004_154838,general_ledger,general_ledger.xlsx,Sheet1,120598,journal_id=JRN000060294|account_code=6160,DATA_VALIDATION,REFERENTIAL_INTEGRITY,transaction_type,FAIL,WARNING,SECURITY,A value that exists in config/posting_rules.csv.transaction_type.,,,'SECURITY' in 'transaction_type' does not exist in config/posting_rules.csv.transaction_type.,"Add a posting rule for this transaction type to config/posting_rules.csv, or correct the journal.",2026-10-09T15:32:10
ING-20261004_154838,general_ledger,general_ledger.xlsx,Sheet1,120599,journal_id=JRN000060294|account_code=1010,DATA_VALIDATION,REFERENTIAL_INTEGRITY,transaction_type,FAIL,WARNING,SECURITY,A value that exists in config/posting_rules.csv.transaction_type.,,,'SECURITY' in 'transaction_type' does not exist in config/posting_rules.csv.transaction_type.,"Add a posting rule for this transaction type to config/posting_rules.csv, or correct the journal.",2026-10-09T15:32:10
ING-20261004_154838,general_ledger,general_ledger.xlsx,Sheet1,120600,journal_id=JRN000060295|account_code=6150,DATA_VALIDATION,REFERENTIAL_INTEGRITY,transaction_type,FAIL,WARNING,MAINTENANCE,A value that exists in config/posting_rules.csv.transaction_type.,,,'MAINTENANCE' in 'transaction_type' does not exist in config/posting_rules.csv.transaction_type.,"Add a posting rule for this transaction type to config/posting_rules.csv, or correct the journal.",2026-10-09T15:32:10
ING-20261004_154838,general_ledger,general_ledger.xlsx,Sheet1,120601,journal_id=JRN000060295|account_code=1010,DATA_VALIDATION,REFERENTIAL_INTEGRITY,transaction_type,FAIL,WARNING,MAINTENANCE,A value that exists in config/posting_rules.csv.transaction_type.,,,'MAINTENANCE' in 'transaction_type' does not exist in config/posting_rules.csv.transaction_type.,"Add a posting rule for this transaction type to config/posting_rules.csv, or correct the journal.",2026-10-09T15:32:10
ING-20261004_154838,general_ledger,general_ledger.xlsx,Sheet1,120610,journal_id=JRN000060300|account_code=6160,DATA_VALIDATION,REFERENTIAL_INTEGRITY,transaction_type,FAIL,WARNING,SECURITY,A value that exists in config/posting_rules.csv.transaction_type.,,,'SECURITY' in 'transaction_type' does not exist in config/posting_rules.csv.transaction_type.,"Add a posting rule for this transaction type to config/posting_rules.csv, or correct the journal.",2026-10-09T15:32:10
ING-20261004_154838,general_ledger,general_ledger.xlsx,Sheet1,120611,journal_id=JRN000060300|account_code=1010,DATA_VALIDATION,REFERENTIAL_INTEGRITY,transaction_type,FAIL,WARNING,SECURITY,A value that exists in config/posting_rules.csv.transaction_type.,,,'SECURITY' in 'transaction_type' does not exist in config/posting_rules.csv.transaction_type.,"Add a posting rule for this transaction type to config/posting_rules.csv, or correct the journal.",2026-10-09T15:32:10
ING-20261004_154838,general_ledger,general_ledger.xlsx,Sheet1,120612,journal_id=JRN000060301|account_code=6150,DATA_VALIDATION,REFERENTIAL_INTEGRITY,transaction_type,FAIL,WARNING,MAINTENANCE,A value that exists in config/posting_rules.csv.transaction_type.,,,'MAINTENANCE' in 'transaction_type' does not exist in config/posting_rules.csv.transaction_type.,"Add a posting rule for this transaction type to config/posting_rules.csv, or correct the journal.",2026-10-09T15:32:10
ING-20261004_154838,general_ledger,general_ledger.xlsx,Sheet1,120613,journal_id=JRN000060301|account_code=1010,DATA_VALIDATION,REFERENTIAL_INTEGRITY,transaction_type,FAIL,WARNING,MAINTENANCE,A value that exists in config/posting_rules.csv.transaction_type.,,,'MAINTENANCE' in 'transaction_type' does not exist in config/posting_rules.csv.transaction_type.,"Add a posting rule for this transaction type to config/posting_rules.csv, or correct the journal.",2026-10-09T15:32:10
ING-20261004_154838,general_ledger,general_ledger.xlsx,Sheet1,120622,journal_id=JRN000060306|account_code=6160,DATA_VALIDATION,REFERENTIAL_INTEGRITY,transaction_type,FAIL,WARNING,SECURITY,A value that exists in config/posting_rules.csv.transaction_type.,,,'SECURITY' in 'transaction_type' does not exist in config/posting_rules.csv.transaction_type.,"Add a posting rule for this transaction type to config/posting_rules.csv, or correct the journal.",2026-10-09T15:32:10
ING-20261004_154838,general_ledger,general_ledger.xlsx,Sheet1,120623,journal_id=JRN000060306|account_code=1010,DATA_VALIDATION,REFERENTIAL_INTEGRITY,transaction_type,FAIL,WARNING,SECURITY,A value that exists in config/posting_rules.csv.transaction_type.,,,'SECURITY' in 'transaction_type' does not exist in config/posting_rules.csv.transaction_type.,"Add a posting rule for this transaction type to config/posting_rules.csv, or correct the journal.",2026-10-09T15:32:10
ING-20261004_154838,general_ledger,general_ledger.xlsx,Sheet1,120624,journal_id=JRN000060307|account_code=6150,DATA_VALIDATION,REFERENTIAL_INTEGRITY,transaction_type,FAIL,WARNING,MAINTENANCE,A value that exists in config/posting_rules.csv.transaction_type.,,,'MAINTENANCE' in 'transaction_type' does not exist in config/posting_rules.csv.transaction_type.,"Add a posting rule for this transaction type to config/posting_rules.csv, or correct the journal.",2026-10-09T15:32:10
ING-20261004_154838,general_ledger,general_ledger.xlsx,Sheet1,120625,journal_id=JRN000060307|account_code=1010,DATA_VALIDATION,REFERENTIAL_INTEGRITY,transaction_type,FAIL,WARNING,MAINTENANCE,A value that exists in config/posting_rules.csv.transaction_type.,,,'MAINTENANCE' in 'transaction_type' does not exist in config/posting_rules.csv.transaction_type.,"Add a posting rule for this transaction type to config/posting_rules.csv, or correct the journal.",2026-10-09T15:32:10
ING-20261004_154838,general_ledger,general_ledger.xlsx,Sheet1,120634,journal_id=JRN000060312|account_code=6160,DATA_VALIDATION,REFERENTIAL_INTEGRITY,transaction_type,FAIL,WARNING,SECURITY,A value that exists in config/posting_rules.csv.transaction_type.,,,'SECURITY' in 'transaction_type' does not exist in config/posting_rules.csv.transaction_type.,"Add a posting rule for this transaction type to config/posting_rules.csv, or correct the journal.",2026-10-09T15:32:10
ING-20261004_154838,general_ledger,general_ledger.xlsx,Sheet1,120635,journal_id=JRN000060312|account_code=1010,DATA_VALIDATION,REFERENTIAL_INTEGRITY,transaction_type,FAIL,WARNING,SECURITY,A value that exists in config/posting_rules.csv.transaction_type.,,,'SECURITY' in 'transaction_type' does not exist in config/posting_rules.csv.transaction_type.,"Add a posting rule for this transaction type to config/posting_rules.csv, or correct the journal.",2026-10-09T15:32:10
ING-20261004_154838,general_ledger,general_ledger.xlsx,Sheet1,120636,journal_id=JRN000060313|account_code=6150,DATA_VALIDATION,REFERENTIAL_INTEGRITY,transaction_type,FAIL,WARNING,MAINTENANCE,A value that exists in config/posting_rules.csv.transaction_type.,,,'MAINTENANCE' in 'transaction_type' does not exist in config/posting_rules.csv.transaction_type.,"Add a posting rule for this transaction type to config/posting_rules.csv, or correct the journal.",2026-10-09T15:32:10
ING-20261004_154838,general_ledger,general_ledger.xlsx,Sheet1,120637,journal_id=JRN000060313|account_code=1010,DATA_VALIDATION,REFERENTIAL_INTEGRITY,transaction_type,FAIL,WARNING,MAINTENANCE,A value that exists in config/posting_rules.csv.transaction_type.,,,'MAINTENANCE' in 'transaction_type' does not exist in config/posting_rules.csv.transaction_type.,"Add a posting rule for this transaction type to config/posting_rules.csv, or correct the journal.",2026-10-09T15:32:10
ING-20261004_154838,general_ledger,general_ledger.xlsx,Sheet1,120646,journal_id=JRN000060318|account_code=6160,DATA_VALIDATION,REFERENTIAL_INTEGRITY,transaction_type,FAIL,WARNING,SECURITY,A value that exists in config/posting_rules.csv.transaction_type.,,,'SECURITY' in 'transaction_type' does not exist in config/posting_rules.csv.transaction_type.,"Add a posting rule for this transaction type to config/posting_rules.csv, or correct the journal.",2026-10-09T15:32:10
ING-20261004_154838,general_ledger,general_ledger.xlsx,Sheet1,120647,journal_id=JRN000060318|account_code=1010,DATA_VALIDATION,REFERENTIAL_INTEGRITY,transaction_type,FAIL,WARNING,SECURITY,A value that exists in config/posting_rules.csv.transaction_type.,,,'SECURITY' in 'transaction_type' does not exist in config/posting_rules.csv.transaction_type.,"Add a posting rule for this transaction type to config/posting_rules.csv, or correct the journal.",2026-10-09T15:32:10
ING-20261004_154838,general_ledger,general_ledger.xlsx,Sheet1,120648,journal_id=JRN000060319|account_code=6150,DATA_VALIDATION,REFERENTIAL_INTEGRITY,transaction_type,FAIL,WARNING,MAINTENANCE,A value that exists in config/posting_rules.csv.transaction_type.,,,'MAINTENANCE' in 'transaction_type' does not exist in config/posting_rules.csv.transaction_type.,"Add a posting rule for this transaction type to config/posting_rules.csv, or correct the journal.",2026-10-09T15:32:10
ING-20261004_154838,general_ledger,general_ledger.xlsx,Sheet1,120649,journal_id=JRN000060319|account_code=1010,DATA_VALIDATION,REFERENTIAL_INTEGRITY,transaction_type,FAIL,WARNING,MAINTENANCE,A value that exists in config/posting_rules.csv.transaction_type.,,,'MAINTENANCE' in 'transaction_type' does not exist in config/posting_rules.csv.transaction_type.,"Add a posting rule for this transaction type to config/posting_rules.csv, or correct the journal.",2026-10-09T15:32:10
ING-20261004_154838,general_ledger,general_ledger.xlsx,Sheet1,120658,journal_id=JRN000060324|account_code=6160,DATA_VALIDATION,REFERENTIAL_INTEGRITY,transaction_type,FAIL,WARNING,SECURITY,A value that exists in config/posting_rules.csv.transaction_type.,,,'SECURITY' in 'transaction_type' does not exist in config/posting_rules.csv.transaction_type.,"Add a posting rule for this transaction type to config/posting_rules.csv, or correct the journal.",2026-10-09T15:32:10
ING-20261004_154838,general_ledger,general_ledger.xlsx,Sheet1,120659,journal_id=JRN000060324|account_code=1010,DATA_VALIDATION,REFERENTIAL_INTEGRITY,transaction_type,FAIL,WARNING,SECURITY,A value that exists in config/posting_rules.csv.transaction_type.,,,'SECURITY' in 'transaction_type' does not exist in config/posting_rules.csv.transaction_type.,"Add a posting rule for this transaction type to config/posting_rules.csv, or correct the journal.",2026-10-09T15:32:10
ING-20261004_154838,general_ledger,general_ledger.xlsx,Sheet1,120660,journal_id=JRN000060325|account_code=6150,DATA_VALIDATION,REFERENTIAL_INTEGRITY,transaction_type,FAIL,WARNING,MAINTENANCE,A value that exists in config/posting_rules.csv.transaction_type.,,,'MAINTENANCE' in 'transaction_type' does not exist in config/posting_rules.csv.transaction_type.,"Add a posting rule for this transaction type to config/posting_rules.csv, or correct the journal.",2026-10-09T15:32:10
ING-20261004_154838,general_ledger,general_ledger.xlsx,Sheet1,120661,journal_id=JRN000060325|account_code=1010,DATA_VALIDATION,REFERENTIAL_INTEGRITY,transaction_type,FAIL,WARNING,MAINTENANCE,A value that exists in config/posting_rules.csv.transaction_type.,,,'MAINTENANCE' in 'transaction_type' does not exist in config/posting_rules.csv.transaction_type.,"Add a posting rule for this transaction type to config/posting_rules.csv, or correct the journal.",2026-10-09T15:32:10
ING-20261004_154838,general_ledger,general_ledger.xlsx,Sheet1,120670,journal_id=JRN000060330|account_code=6160,DATA_VALIDATION,REFERENTIAL_INTEGRITY,transaction_type,FAIL,WARNING,SECURITY,A value that exists in config/posting_rules.csv.transaction_type.,,,'SECURITY' in 'transaction_type' does not exist in config/posting_rules.csv.transaction_type.,"Add a posting rule for this transaction type to config/posting_rules.csv, or correct the journal.",2026-10-09T15:32:10
ING-20261004_154838,general_ledger,general_ledger.xlsx,Sheet1,120671,journal_id=JRN000060330|account_code=1010,DATA_VALIDATION,REFERENTIAL_INTEGRITY,transaction_type,FAIL,WARNING,SECURITY,A value that exists in config/posting_rules.csv.transaction_type.,,,'SECURITY' in 'transaction_type' does not exist in config/posting_rules.csv.transaction_type.,"Add a posting rule for this transaction type to config/posting_rules.csv, or correct the journal.",2026-10-09T15:32:10
ING-20261004_154838,general_ledger,general_ledger.xlsx,Sheet1,120672,journal_id=JRN000060331|account_code=6150,DATA_VALIDATION,REFERENTIAL_INTEGRITY,transaction_type,FAIL,WARNING,MAINTENANCE,A value that exists in config/posting_rules.csv.transaction_type.,,,'MAINTENANCE' in 'transaction_type' does not exist in config/posting_rules.csv.transaction_type.,"Add a posting rule for this transaction type to config/posting_rules.csv, or correct the journal.",2026-10-09T15:32:10
ING-20261004_154838,general_ledger,general_ledger.xlsx,Sheet1,120673,journal_id=JRN000060331|account_code=1010,DATA_VALIDATION,REFERENTIAL_INTEGRITY,transaction_type,FAIL,WARNING,MAINTENANCE,A value that exists in config/posting_rules.csv.transaction_type.,,,'MAINTENANCE' in 'transaction_type' does not exist in config/posting_rules.csv.transaction_type.,"Add a posting rule for this transaction type to config/posting_rules.csv, or correct the journal.",2026-10-09T15:32:10
ING-20261004_154838,general_ledger,general_ledger.xlsx,Sheet1,120682,journal_id=JRN000060336|account_code=6160,DATA_VALIDATION,REFERENTIAL_INTEGRITY,transaction_type,FAIL,WARNING,SECURITY,A value that exists in config/posting_rules.csv.transaction_type.,,,'SECURITY' in 'transaction_type' does not exist in config/posting_rules.csv.transaction_type.,"Add a posting rule for this transaction type to config/posting_rules.csv, or correct the journal.",2026-10-09T15:32:10
ING-20261004_154838,general_ledger,general_ledger.xlsx,Sheet1,120683,journal_id=JRN000060336|account_code=1010,DATA_VALIDATION,REFERENTIAL_INTEGRITY,transaction_type,FAIL,WARNING,SECURITY,A value that exists in config/posting_rules.csv.transaction_type.,,,'SECURITY' in 'transaction_type' does not exist in config/posting_rules.csv.transaction_type.,"Add a posting rule for this transaction type to config/posting_rules.csv, or correct the journal.",2026-10-09T15:32:10
ING-20261004_154838,general_ledger,general_ledger.xlsx,Sheet1,120684,journal_id=JRN000060337|account_code=6150,DATA_VALIDATION,REFERENTIAL_INTEGRITY,transaction_type,FAIL,WARNING,MAINTENANCE,A value that exists in config/posting_rules.csv.transaction_type.,,,'MAINTENANCE' in 'transaction_type' does not exist in config/posting_rules.csv.transaction_type.,"Add a posting rule for this transaction type to config/posting_rules.csv, or correct the journal.",2026-10-09T15:32:10
ING-20261004_154838,general_ledger,general_ledger.xlsx,Sheet1,120685,journal_id=JRN000060337|account_code=1010,DATA_VALIDATION,REFERENTIAL_INTEGRITY,transaction_type,FAIL,WARNING,MAINTENANCE,A value that exists in config/posting_rules.csv.transaction_type.,,,'MAINTENANCE' in 'transaction_type' does not exist in config/posting_rules.csv.transaction_type.,"Add a posting rule for this transaction type to config/posting_rules.csv, or correct the journal.",2026-10-09T15:32:10
ING-20261004_154838,general_ledger,general_ledger.xlsx,Sheet1,120694,journal_id=JRN000060342|account_code=6160,DATA_VALIDATION,REFERENTIAL_INTEGRITY,transaction_type,FAIL,WARNING,SECURITY,A value that exists in config/posting_rules.csv.transaction_type.,,,'SECURITY' in 'transaction_type' does not exist in config/posting_rules.csv.transaction_type.,"Add a posting rule for this transaction type to config/posting_rules.csv, or correct the journal.",2026-10-09T15:32:10
ING-20261004_154838,general_ledger,general_ledger.xlsx,Sheet1,120695,journal_id=JRN000060342|account_code=1010,DATA_VALIDATION,REFERENTIAL_INTEGRITY,transaction_type,FAIL,WARNING,SECURITY,A value that exists in config/posting_rules.csv.transaction_type.,,,'SECURITY' in 'transaction_type' does not exist in config/posting_rules.csv.transaction_type.,"Add a posting rule for this transaction type to config/posting_rules.csv, or correct the journal.",2026-10-09T15:32:10
ING-20261004_154838,general_ledger,general_ledger.xlsx,Sheet1,120696,journal_id=JRN000060343|account_code=6150,DATA_VALIDATION,REFERENTIAL_INTEGRITY,transaction_type,FAIL,WARNING,MAINTENANCE,A value that exists in config/posting_rules.csv.transaction_type.,,,'MAINTENANCE' in 'transaction_type' does not exist in config/posting_rules.csv.transaction_type.,"Add a posting rule for this transaction type to config/posting_rules.csv, or correct the journal.",2026-10-09T15:32:10
ING-20261004_154838,general_ledger,general_ledger.xlsx,Sheet1,120697,journal_id=JRN000060343|account_code=1010,DATA_VALIDATION,REFERENTIAL_INTEGRITY,transaction_type,FAIL,WARNING,MAINTENANCE,A value that exists in config/posting_rules.csv.transaction_type.,,,'MAINTENANCE' in 'transaction_type' does not exist in config/posting_rules.csv.transaction_type.,"Add a posting rule for this transaction type to config/posting_rules.csv, or correct the journal.",2026-10-09T15:32:10
ING-20261004_154838,general_ledger,general_ledger.xlsx,Sheet1,120706,journal_id=JRN000060348|account_code=6160,DATA_VALIDATION,REFERENTIAL_INTEGRITY,transaction_type,FAIL,WARNING,SECURITY,A value that exists in config/posting_rules.csv.transaction_type.,,,'SECURITY' in 'transaction_type' does not exist in config/posting_rules.csv.transaction_type.,"Add a posting rule for this transaction type to config/posting_rules.csv, or correct the journal.",2026-10-09T15:32:10
ING-20261004_154838,general_ledger,general_ledger.xlsx,Sheet1,120707,journal_id=JRN000060348|account_code=1010,DATA_VALIDATION,REFERENTIAL_INTEGRITY,transaction_type,FAIL,WARNING,SECURITY,A value that exists in config/posting_rules.csv.transaction_type.,,,'SECURITY' in 'transaction_type' does not exist in config/posting_rules.csv.transaction_type.,"Add a posting rule for this transaction type to config/posting_rules.csv, or correct the journal.",2026-10-09T15:32:10
ING-20261004_154838,general_ledger,general_ledger.xlsx,Sheet1,120708,journal_id=JRN000060349|account_code=6150,DATA_VALIDATION,REFERENTIAL_INTEGRITY,transaction_type,FAIL,WARNING,MAINTENANCE,A value that exists in config/posting_rules.csv.transaction_type.,,,'MAINTENANCE' in 'transaction_type' does not exist in config/posting_rules.csv.transaction_type.,"Add a posting rule for this transaction type to config/posting_rules.csv, or correct the journal.",2026-10-09T15:32:10
ING-20261004_154838,general_ledger,general_ledger.xlsx,Sheet1,120709,journal_id=JRN000060349|account_code=1010,DATA_VALIDATION,REFERENTIAL_INTEGRITY,transaction_type,FAIL,WARNING,MAINTENANCE,A value that exists in config/posting_rules.csv.transaction_type.,,,'MAINTENANCE' in 'transaction_type' does not exist in config/posting_rules.csv.transaction_type.,"Add a posting rule for this transaction type to config/posting_rules.csv, or correct the journal.",2026-10-09T15:32:10
ING-20261004_154838,general_ledger,general_ledger.xlsx,Sheet1,120718,journal_id=JRN000060354|account_code=6160,DATA_VALIDATION,REFERENTIAL_INTEGRITY,transaction_type,FAIL,WARNING,SECURITY,A value that exists in config/posting_rules.csv.transaction_type.,,,'SECURITY' in 'transaction_type' does not exist in config/posting_rules.csv.transaction_type.,"Add a posting rule for this transaction type to config/posting_rules.csv, or correct the journal.",2026-10-09T15:32:10
ING-20261004_154838,general_ledger,general_ledger.xlsx,Sheet1,120719,journal_id=JRN000060354|account_code=1010,DATA_VALIDATION,REFERENTIAL_INTEGRITY,transaction_type,FAIL,WARNING,SECURITY,A value that exists in config/posting_rules.csv.transaction_type.,,,'SECURITY' in 'transaction_type' does not exist in config/posting_rules.csv.transaction_type.,"Add a posting rule for this transaction type to config/posting_rules.csv, or correct the journal.",2026-10-09T15:32:10
ING-20261004_154838,general_ledger,general_ledger.xlsx,Sheet1,120720,journal_id=JRN000060355|account_code=6150,DATA_VALIDATION,REFERENTIAL_INTEGRITY,transaction_type,FAIL,WARNING,MAINTENANCE,A value that exists in config/posting_rules.csv.transaction_type.,,,'MAINTENANCE' in 'transaction_type' does not exist in config/posting_rules.csv.transaction_type.,"Add a posting rule for this transaction type to config/posting_rules.csv, or correct the journal.",2026-10-09T15:32:10
ING-20261004_154838,general_ledger,general_ledger.xlsx,Sheet1,120721,journal_id=JRN000060355|account_code=1010,DATA_VALIDATION,REFERENTIAL_INTEGRITY,transaction_type,FAIL,WARNING,MAINTENANCE,A value that exists in config/posting_rules.csv.transaction_type.,,,'MAINTENANCE' in 'transaction_type' does not exist in config/posting_rules.csv.transaction_type.,"Add a posting rule for this transaction type to config/posting_rules.csv, or correct the journal.",2026-10-09T15:32:10
ING-20261004_154838,general_ledger,general_ledger.xlsx,Sheet1,120730,journal_id=JRN000060360|account_code=6160,DATA_VALIDATION,REFERENTIAL_INTEGRITY,transaction_type,FAIL,WARNING,SECURITY,A value that exists in config/posting_rules.csv.transaction_type.,,,'SECURITY' in 'transaction_type' does not exist in config/posting_rules.csv.transaction_type.,"Add a posting rule for this transaction type to config/posting_rules.csv, or correct the journal.",2026-10-09T15:32:10
ING-20261004_154838,general_ledger,general_ledger.xlsx,Sheet1,120731,journal_id=JRN000060360|account_code=1010,DATA_VALIDATION,REFERENTIAL_INTEGRITY,transaction_type,FAIL,WARNING,SECURITY,A value that exists in config/posting_rules.csv.transaction_type.,,,'SECURITY' in 'transaction_type' does not exist in config/posting_rules.csv.transaction_type.,"Add a posting rule for this transaction type to config/posting_rules.csv, or correct the journal.",2026-10-09T15:32:10
ING-20261004_154838,general_ledger,general_ledger.xlsx,Sheet1,120732,journal_id=JRN000060361|account_code=6150,DATA_VALIDATION,REFERENTIAL_INTEGRITY,transaction_type,FAIL,WARNING,MAINTENANCE,A value that exists in config/posting_rules.csv.transaction_type.,,,'MAINTENANCE' in 'transaction_type' does not exist in config/posting_rules.csv.transaction_type.,"Add a posting rule for this transaction type to config/posting_rules.csv, or correct the journal.",2026-10-09T15:32:10
ING-20261004_154838,general_ledger,general_ledger.xlsx,Sheet1,120733,journal_id=JRN000060361|account_code=1010,DATA_VALIDATION,REFERENTIAL_INTEGRITY,transaction_type,FAIL,WARNING,MAINTENANCE,A value that exists in config/posting_rules.csv.transaction_type.,,,'MAINTENANCE' in 'transaction_type' does not exist in config/posting_rules.csv.transaction_type.,"Add a posting rule for this transaction type to config/posting_rules.csv, or correct the journal.",2026-10-09T15:32:10
ING-20261004_154838,general_ledger,general_ledger.xlsx,Sheet1,120742,journal_id=JRN000060366|account_code=6160,DATA_VALIDATION,REFERENTIAL_INTEGRITY,transaction_type,FAIL,WARNING,SECURITY,A value that exists in config/posting_rules.csv.transaction_type.,,,'SECURITY' in 'transaction_type' does not exist in config/posting_rules.csv.transaction_type.,"Add a posting rule for this transaction type to config/posting_rules.csv, or correct the journal.",2026-10-09T15:32:10
ING-20261004_154838,general_ledger,general_ledger.xlsx,Sheet1,120743,journal_id=JRN000060366|account_code=1010,DATA_VALIDATION,REFERENTIAL_INTEGRITY,transaction_type,FAIL,WARNING,SECURITY,A value that exists in config/posting_rules.csv.transaction_type.,,,'SECURITY' in 'transaction_type' does not exist in config/posting_rules.csv.transaction_type.,"Add a posting rule for this transaction type to config/posting_rules.csv, or correct the journal.",2026-10-09T15:32:10
ING-20261004_154838,general_ledger,general_ledger.xlsx,Sheet1,120744,journal_id=JRN000060367|account_code=6150,DATA_VALIDATION,REFERENTIAL_INTEGRITY,transaction_type,FAIL,WARNING,MAINTENANCE,A value that exists in config/posting_rules.csv.transaction_type.,,,'MAINTENANCE' in 'transaction_type' does not exist in config/posting_rules.csv.transaction_type.,"Add a posting rule for this transaction type to config/posting_rules.csv, or correct the journal.",2026-10-09T15:32:10
ING-20261004_154838,general_ledger,general_ledger.xlsx,Sheet1,120745,journal_id=JRN000060367|account_code=1010,DATA_VALIDATION,REFERENTIAL_INTEGRITY,transaction_type,FAIL,WARNING,MAINTENANCE,A value that exists in config/posting_rules.csv.transaction_type.,,,'MAINTENANCE' in 'transaction_type' does not exist in config/posting_rules.csv.transaction_type.,"Add a posting rule for this transaction type to config/posting_rules.csv, or correct the journal.",2026-10-09T15:32:10
ING-20261004_154838,general_ledger,general_ledger.xlsx,Sheet1,120754,journal_id=JRN000060372|account_code=6160,DATA_VALIDATION,REFERENTIAL_INTEGRITY,transaction_type,FAIL,WARNING,SECURITY,A value that exists in config/posting_rules.csv.transaction_type.,,,'SECURITY' in 'transaction_type' does not exist in config/posting_rules.csv.transaction_type.,"Add a posting rule for this transaction type to config/posting_rules.csv, or correct the journal.",2026-10-09T15:32:10
ING-20261004_154838,general_ledger,general_ledger.xlsx,Sheet1,120755,journal_id=JRN000060372|account_code=1010,DATA_VALIDATION,REFERENTIAL_INTEGRITY,transaction_type,FAIL,WARNING,SECURITY,A value that exists in config/posting_rules.csv.transaction_type.,,,'SECURITY' in 'transaction_type' does not exist in config/posting_rules.csv.transaction_type.,"Add a posting rule for this transaction type to config/posting_rules.csv, or correct the journal.",2026-10-09T15:32:10
ING-20261004_154838,general_ledger,general_ledger.xlsx,Sheet1,120756,journal_id=JRN000060373|account_code=6150,DATA_VALIDATION,REFERENTIAL_INTEGRITY,transaction_type,FAIL,WARNING,MAINTENANCE,A value that exists in config/posting_rules.csv.transaction_type.,,,'MAINTENANCE' in 'transaction_type' does not exist in config/posting_rules.csv.transaction_type.,"Add a posting rule for this transaction type to config/posting_rules.csv, or correct the journal.",2026-10-09T15:32:10
ING-20261004_154838,general_ledger,general_ledger.xlsx,Sheet1,120757,journal_id=JRN000060373|account_code=1010,DATA_VALIDATION,REFERENTIAL_INTEGRITY,transaction_type,FAIL,WARNING,MAINTENANCE,A value that exists in config/posting_rules.csv.transaction_type.,,,'MAINTENANCE' in 'transaction_type' does not exist in config/posting_rules.csv.transaction_type.,"Add a posting rule for this transaction type to config/posting_rules.csv, or correct the journal.",2026-10-09T15:32:10
ING-20261004_154838,general_ledger,general_ledger.xlsx,Sheet1,120766,journal_id=JRN000060378|account_code=6160,DATA_VALIDATION,REFERENTIAL_INTEGRITY,transaction_type,FAIL,WARNING,SECURITY,A value that exists in config/posting_rules.csv.transaction_type.,,,'SECURITY' in 'transaction_type' does not exist in config/posting_rules.csv.transaction_type.,"Add a posting rule for this transaction type to config/posting_rules.csv, or correct the journal.",2026-10-09T15:32:10
ING-20261004_154838,general_ledger,general_ledger.xlsx,Sheet1,120767,journal_id=JRN000060378|account_code=1010,DATA_VALIDATION,REFERENTIAL_INTEGRITY,transaction_type,FAIL,WARNING,SECURITY,A value that exists in config/posting_rules.csv.transaction_type.,,,'SECURITY' in 'transaction_type' does not exist in config/posting_rules.csv.transaction_type.,"Add a posting rule for this transaction type to config/posting_rules.csv, or correct the journal.",2026-10-09T15:32:10
ING-20261004_154838,general_ledger,general_ledger.xlsx,Sheet1,120768,journal_id=JRN000060379|account_code=6150,DATA_VALIDATION,REFERENTIAL_INTEGRITY,transaction_type,FAIL,WARNING,MAINTENANCE,A value that exists in config/posting_rules.csv.transaction_type.,,,'MAINTENANCE' in 'transaction_type' does not exist in config/posting_rules.csv.transaction_type.,"Add a posting rule for this transaction type to config/posting_rules.csv, or correct the journal.",2026-10-09T15:32:10
ING-20261004_154838,general_ledger,general_ledger.xlsx,Sheet1,120769,journal_id=JRN000060379|account_code=1010,DATA_VALIDATION,REFERENTIAL_INTEGRITY,transaction_type,FAIL,WARNING,MAINTENANCE,A value that exists in config/posting_rules.csv.transaction_type.,,,'MAINTENANCE' in 'transaction_type' does not exist in config/posting_rules.csv.transaction_type.,"Add a posting rule for this transaction type to config/posting_rules.csv, or correct the journal.",2026-10-09T15:32:10
ING-20261004_154838,general_ledger,general_ledger.xlsx,Sheet1,120778,journal_id=JRN000060384|account_code=6160,DATA_VALIDATION,REFERENTIAL_INTEGRITY,transaction_type,FAIL,WARNING,SECURITY,A value that exists in config/posting_rules.csv.transaction_type.,,,'SECURITY' in 'transaction_type' does not exist in config/posting_rules.csv.transaction_type.,"Add a posting rule for this transaction type to config/posting_rules.csv, or correct the journal.",2026-10-09T15:32:10
ING-20261004_154838,general_ledger,general_ledger.xlsx,Sheet1,120779,journal_id=JRN000060384|account_code=1010,DATA_VALIDATION,REFERENTIAL_INTEGRITY,transaction_type,FAIL,WARNING,SECURITY,A value that exists in config/posting_rules.csv.transaction_type.,,,'SECURITY' in 'transaction_type' does not exist in config/posting_rules.csv.transaction_type.,"Add a posting rule for this transaction type to config/posting_rules.csv, or correct the journal.",2026-10-09T15:32:10
ING-20261004_154838,general_ledger,general_ledger.xlsx,Sheet1,120780,journal_id=JRN000060385|account_code=6150,DATA_VALIDATION,REFERENTIAL_INTEGRITY,transaction_type,FAIL,WARNING,MAINTENANCE,A value that exists in config/posting_rules.csv.transaction_type.,,,'MAINTENANCE' in 'transaction_type' does not exist in config/posting_rules.csv.transaction_type.,"Add a posting rule for this transaction type to config/posting_rules.csv, or correct the journal.",2026-10-09T15:32:10
ING-20261004_154838,general_ledger,general_ledger.xlsx,Sheet1,120781,journal_id=JRN000060385|account_code=1010,DATA_VALIDATION,REFERENTIAL_INTEGRITY,transaction_type,FAIL,WARNING,MAINTENANCE,A value that exists in config/posting_rules.csv.transaction_type.,,,'MAINTENANCE' in 'transaction_type' does not exist in config/posting_rules.csv.transaction_type.,"Add a posting rule for this transaction type to config/posting_rules.csv, or correct the journal.",2026-10-09T15:32:10
ING-20261004_154838,general_ledger,general_ledger.xlsx,Sheet1,120790,journal_id=JRN000060390|account_code=6160,DATA_VALIDATION,REFERENTIAL_INTEGRITY,transaction_type,FAIL,WARNING,SECURITY,A value that exists in config/posting_rules.csv.transaction_type.,,,'SECURITY' in 'transaction_type' does not exist in config/posting_rules.csv.transaction_type.,"Add a posting rule for this transaction type to config/posting_rules.csv, or correct the journal.",2026-10-09T15:32:10
ING-20261004_154838,general_ledger,general_ledger.xlsx,Sheet1,120791,journal_id=JRN000060390|account_code=1010,DATA_VALIDATION,REFERENTIAL_INTEGRITY,transaction_type,FAIL,WARNING,SECURITY,A value that exists in config/posting_rules.csv.transaction_type.,,,'SECURITY' in 'transaction_type' does not exist in config/posting_rules.csv.transaction_type.,"Add a posting rule for this transaction type to config/posting_rules.csv, or correct the journal.",2026-10-09T15:32:10
ING-20261004_154838,general_ledger,general_ledger.xlsx,Sheet1,120792,journal_id=JRN000060391|account_code=6150,DATA_VALIDATION,REFERENTIAL_INTEGRITY,transaction_type,FAIL,WARNING,MAINTENANCE,A value that exists in config/posting_rules.csv.transaction_type.,,,'MAINTENANCE' in 'transaction_type' does not exist in config/posting_rules.csv.transaction_type.,"Add a posting rule for this transaction type to config/posting_rules.csv, or correct the journal.",2026-10-09T15:32:10
ING-20261004_154838,general_ledger,general_ledger.xlsx,Sheet1,120793,journal_id=JRN000060391|account_code=1010,DATA_VALIDATION,REFERENTIAL_INTEGRITY,transaction_type,FAIL,WARNING,MAINTENANCE,A value that exists in config/posting_rules.csv.transaction_type.,,,'MAINTENANCE' in 'transaction_type' does not exist in config/posting_rules.csv.transaction_type.,"Add a posting rule for this transaction type to config/posting_rules.csv, or correct the journal.",2026-10-09T15:32:10
ING-20261004_154838,general_ledger,general_ledger.xlsx,Sheet1,120802,journal_id=JRN000060396|account_code=6160,DATA_VALIDATION,REFERENTIAL_INTEGRITY,transaction_type,FAIL,WARNING,SECURITY,A value that exists in config/posting_rules.csv.transaction_type.,,,'SECURITY' in 'transaction_type' does not exist in config/posting_rules.csv.transaction_type.,"Add a posting rule for this transaction type to config/posting_rules.csv, or correct the journal.",2026-10-09T15:32:10
ING-20261004_154838,general_ledger,general_ledger.xlsx,Sheet1,120803,journal_id=JRN000060396|account_code=1010,DATA_VALIDATION,REFERENTIAL_INTEGRITY,transaction_type,FAIL,WARNING,SECURITY,A value that exists in config/posting_rules.csv.transaction_type.,,,'SECURITY' in 'transaction_type' does not exist in config/posting_rules.csv.transaction_type.,"Add a posting rule for this transaction type to config/posting_rules.csv, or correct the journal.",2026-10-09T15:32:10
ING-20261004_154838,general_ledger,general_ledger.xlsx,Sheet1,120804,journal_id=JRN000060397|account_code=6150,DATA_VALIDATION,REFERENTIAL_INTEGRITY,transaction_type,FAIL,WARNING,MAINTENANCE,A value that exists in config/posting_rules.csv.transaction_type.,,,'MAINTENANCE' in 'transaction_type' does not exist in config/posting_rules.csv.transaction_type.,"Add a posting rule for this transaction type to config/posting_rules.csv, or correct the journal.",2026-10-09T15:32:10
ING-20261004_154838,general_ledger,general_ledger.xlsx,Sheet1,120805,journal_id=JRN000060397|account_code=1010,DATA_VALIDATION,REFERENTIAL_INTEGRITY,transaction_type,FAIL,WARNING,MAINTENANCE,A value that exists in config/posting_rules.csv.transaction_type.,,,'MAINTENANCE' in 'transaction_type' does not exist in config/posting_rules.csv.transaction_type.,"Add a posting rule for this transaction type to config/posting_rules.csv, or correct the journal.",2026-10-09T15:32:10
ING-20261004_154838,general_ledger,general_ledger.xlsx,Sheet1,120814,journal_id=JRN000060402|account_code=6160,DATA_VALIDATION,REFERENTIAL_INTEGRITY,transaction_type,FAIL,WARNING,SECURITY,A value that exists in config/posting_rules.csv.transaction_type.,,,'SECURITY' in 'transaction_type' does not exist in config/posting_rules.csv.transaction_type.,"Add a posting rule for this transaction type to config/posting_rules.csv, or correct the journal.",2026-10-09T15:32:10
ING-20261004_154838,general_ledger,general_ledger.xlsx,Sheet1,120815,journal_id=JRN000060402|account_code=1010,DATA_VALIDATION,REFERENTIAL_INTEGRITY,transaction_type,FAIL,WARNING,SECURITY,A value that exists in config/posting_rules.csv.transaction_type.,,,'SECURITY' in 'transaction_type' does not exist in config/posting_rules.csv.transaction_type.,"Add a posting rule for this transaction type to config/posting_rules.csv, or correct the journal.",2026-10-09T15:32:10
ING-20261004_154838,general_ledger,general_ledger.xlsx,Sheet1,120816,journal_id=JRN000060403|account_code=6150,DATA_VALIDATION,REFERENTIAL_INTEGRITY,transaction_type,FAIL,WARNING,MAINTENANCE,A value that exists in config/posting_rules.csv.transaction_type.,,,'MAINTENANCE' in 'transaction_type' does not exist in config/posting_rules.csv.transaction_type.,"Add a posting rule for this transaction type to config/posting_rules.csv, or correct the journal.",2026-10-09T15:32:10
ING-20261004_154838,general_ledger,general_ledger.xlsx,Sheet1,120817,journal_id=JRN000060403|account_code=1010,DATA_VALIDATION,REFERENTIAL_INTEGRITY,transaction_type,FAIL,WARNING,MAINTENANCE,A value that exists in config/posting_rules.csv.transaction_type.,,,'MAINTENANCE' in 'transaction_type' does not exist in config/posting_rules.csv.transaction_type.,"Add a posting rule for this transaction type to config/posting_rules.csv, or correct the journal.",2026-10-09T15:32:10
ING-20261004_154838,general_ledger,general_ledger.xlsx,Sheet1,120826,journal_id=JRN000060408|account_code=6160,DATA_VALIDATION,REFERENTIAL_INTEGRITY,transaction_type,FAIL,WARNING,SECURITY,A value that exists in config/posting_rules.csv.transaction_type.,,,'SECURITY' in 'transaction_type' does not exist in config/posting_rules.csv.transaction_type.,"Add a posting rule for this transaction type to config/posting_rules.csv, or correct the journal.",2026-10-09T15:32:10
ING-20261004_154838,general_ledger,general_ledger.xlsx,Sheet1,120827,journal_id=JRN000060408|account_code=1010,DATA_VALIDATION,REFERENTIAL_INTEGRITY,transaction_type,FAIL,WARNING,SECURITY,A value that exists in config/posting_rules.csv.transaction_type.,,,'SECURITY' in 'transaction_type' does not exist in config/posting_rules.csv.transaction_type.,"Add a posting rule for this transaction type to config/posting_rules.csv, or correct the journal.",2026-10-09T15:32:10
ING-20261004_154838,general_ledger,general_ledger.xlsx,Sheet1,120828,journal_id=JRN000060409|account_code=6150,DATA_VALIDATION,REFERENTIAL_INTEGRITY,transaction_type,FAIL,WARNING,MAINTENANCE,A value that exists in config/posting_rules.csv.transaction_type.,,,'MAINTENANCE' in 'transaction_type' does not exist in config/posting_rules.csv.transaction_type.,"Add a posting rule for this transaction type to config/posting_rules.csv, or correct the journal.",2026-10-09T15:32:10
ING-20261004_154838,general_ledger,general_ledger.xlsx,Sheet1,120829,journal_id=JRN000060409|account_code=1010,DATA_VALIDATION,REFERENTIAL_INTEGRITY,transaction_type,FAIL,WARNING,MAINTENANCE,A value that exists in config/posting_rules.csv.transaction_type.,,,'MAINTENANCE' in 'transaction_type' does not exist in config/posting_rules.csv.transaction_type.,"Add a posting rule for this transaction type to config/posting_rules.csv, or correct the journal.",2026-10-09T15:32:10
ING-20261004_154838,general_ledger,general_ledger.xlsx,Sheet1,120838,journal_id=JRN000060414|account_code=6160,DATA_VALIDATION,REFERENTIAL_INTEGRITY,transaction_type,FAIL,WARNING,SECURITY,A value that exists in config/posting_rules.csv.transaction_type.,,,'SECURITY' in 'transaction_type' does not exist in config/posting_rules.csv.transaction_type.,"Add a posting rule for this transaction type to config/posting_rules.csv, or correct the journal.",2026-10-09T15:32:10
ING-20261004_154838,general_ledger,general_ledger.xlsx,Sheet1,120839,journal_id=JRN000060414|account_code=1010,DATA_VALIDATION,REFERENTIAL_INTEGRITY,transaction_type,FAIL,WARNING,SECURITY,A value that exists in config/posting_rules.csv.transaction_type.,,,'SECURITY' in 'transaction_type' does not exist in config/posting_rules.csv.transaction_type.,"Add a posting rule for this transaction type to config/posting_rules.csv, or correct the journal.",2026-10-09T15:32:10
ING-20261004_154838,general_ledger,general_ledger.xlsx,Sheet1,120840,journal_id=JRN000060415|account_code=6150,DATA_VALIDATION,REFERENTIAL_INTEGRITY,transaction_type,FAIL,WARNING,MAINTENANCE,A value that exists in config/posting_rules.csv.transaction_type.,,,'MAINTENANCE' in 'transaction_type' does not exist in config/posting_rules.csv.transaction_type.,"Add a posting rule for this transaction type to config/posting_rules.csv, or correct the journal.",2026-10-09T15:32:10
ING-20261004_154838,general_ledger,general_ledger.xlsx,Sheet1,120841,journal_id=JRN000060415|account_code=1010,DATA_VALIDATION,REFERENTIAL_INTEGRITY,transaction_type,FAIL,WARNING,MAINTENANCE,A value that exists in config/posting_rules.csv.transaction_type.,,,'MAINTENANCE' in 'transaction_type' does not exist in config/posting_rules.csv.transaction_type.,"Add a posting rule for this transaction type to config/posting_rules.csv, or correct the journal.",2026-10-09T15:32:10
ING-20261004_154838,general_ledger,general_ledger.xlsx,Sheet1,120850,journal_id=JRN000060420|account_code=6160,DATA_VALIDATION,REFERENTIAL_INTEGRITY,transaction_type,FAIL,WARNING,SECURITY,A value that exists in config/posting_rules.csv.transaction_type.,,,'SECURITY' in 'transaction_type' does not exist in config/posting_rules.csv.transaction_type.,"Add a posting rule for this transaction type to config/posting_rules.csv, or correct the journal.",2026-10-09T15:32:10
ING-20261004_154838,general_ledger,general_ledger.xlsx,Sheet1,120851,journal_id=JRN000060420|account_code=1010,DATA_VALIDATION,REFERENTIAL_INTEGRITY,transaction_type,FAIL,WARNING,SECURITY,A value that exists in config/posting_rules.csv.transaction_type.,,,'SECURITY' in 'transaction_type' does not exist in config/posting_rules.csv.transaction_type.,"Add a posting rule for this transaction type to config/posting_rules.csv, or correct the journal.",2026-10-09T15:32:10
ING-20261004_154838,general_ledger,general_ledger.xlsx,Sheet1,120852,journal_id=JRN000060421|account_code=6150,DATA_VALIDATION,REFERENTIAL_INTEGRITY,transaction_type,FAIL,WARNING,MAINTENANCE,A value that exists in config/posting_rules.csv.transaction_type.,,,'MAINTENANCE' in 'transaction_type' does not exist in config/posting_rules.csv.transaction_type.,"Add a posting rule for this transaction type to config/posting_rules.csv, or correct the journal.",2026-10-09T15:32:10
ING-20261004_154838,general_ledger,general_ledger.xlsx,Sheet1,120853,journal_id=JRN000060421|account_code=1010,DATA_VALIDATION,REFERENTIAL_INTEGRITY,transaction_type,FAIL,WARNING,MAINTENANCE,A value that exists in config/posting_rules.csv.transaction_type.,,,'MAINTENANCE' in 'transaction_type' does not exist in config/posting_rules.csv.transaction_type.,"Add a posting rule for this transaction type to config/posting_rules.csv, or correct the journal.",2026-10-09T15:32:10
ING-20261004_154838,general_ledger,general_ledger.xlsx,Sheet1,120862,journal_id=JRN000060426|account_code=6160,DATA_VALIDATION,REFERENTIAL_INTEGRITY,transaction_type,FAIL,WARNING,SECURITY,A value that exists in config/posting_rules.csv.transaction_type.,,,'SECURITY' in 'transaction_type' does not exist in config/posting_rules.csv.transaction_type.,"Add a posting rule for this transaction type to config/posting_rules.csv, or correct the journal.",2026-10-09T15:32:10
ING-20261004_154838,general_ledger,general_ledger.xlsx,Sheet1,120863,journal_id=JRN000060426|account_code=1010,DATA_VALIDATION,REFERENTIAL_INTEGRITY,transaction_type,FAIL,WARNING,SECURITY,A value that exists in config/posting_rules.csv.transaction_type.,,,'SECURITY' in 'transaction_type' does not exist in config/posting_rules.csv.transaction_type.,"Add a posting rule for this transaction type to config/posting_rules.csv, or correct the journal.",2026-10-09T15:32:10
ING-20261004_154838,general_ledger,general_ledger.xlsx,Sheet1,120864,journal_id=JRN000060427|account_code=6150,DATA_VALIDATION,REFERENTIAL_INTEGRITY,transaction_type,FAIL,WARNING,MAINTENANCE,A value that exists in config/posting_rules.csv.transaction_type.,,,'MAINTENANCE' in 'transaction_type' does not exist in config/posting_rules.csv.transaction_type.,"Add a posting rule for this transaction type to config/posting_rules.csv, or correct the journal.",2026-10-09T15:32:10
ING-20261004_154838,general_ledger,general_ledger.xlsx,Sheet1,120865,journal_id=JRN000060427|account_code=1010,DATA_VALIDATION,REFERENTIAL_INTEGRITY,transaction_type,FAIL,WARNING,MAINTENANCE,A value that exists in config/posting_rules.csv.transaction_type.,,,'MAINTENANCE' in 'transaction_type' does not exist in config/posting_rules.csv.transaction_type.,"Add a posting rule for this transaction type to config/posting_rules.csv, or correct the journal.",2026-10-09T15:32:10
ING-20261004_154838,general_ledger,general_ledger.xlsx,Sheet1,120874,journal_id=JRN000060432|account_code=6160,DATA_VALIDATION,REFERENTIAL_INTEGRITY,transaction_type,FAIL,WARNING,SECURITY,A value that exists in config/posting_rules.csv.transaction_type.,,,'SECURITY' in 'transaction_type' does not exist in config/posting_rules.csv.transaction_type.,"Add a posting rule for this transaction type to config/posting_rules.csv, or correct the journal.",2026-10-09T15:32:10
ING-20261004_154838,general_ledger,general_ledger.xlsx,Sheet1,120875,journal_id=JRN000060432|account_code=1010,DATA_VALIDATION,REFERENTIAL_INTEGRITY,transaction_type,FAIL,WARNING,SECURITY,A value that exists in config/posting_rules.csv.transaction_type.,,,'SECURITY' in 'transaction_type' does not exist in config/posting_rules.csv.transaction_type.,"Add a posting rule for this transaction type to config/posting_rules.csv, or correct the journal.",2026-10-09T15:32:10
ING-20261004_154838,general_ledger,general_ledger.xlsx,Sheet1,120876,journal_id=JRN000060433|account_code=6150,DATA_VALIDATION,REFERENTIAL_INTEGRITY,transaction_type,FAIL,WARNING,MAINTENANCE,A value that exists in config/posting_rules.csv.transaction_type.,,,'MAINTENANCE' in 'transaction_type' does not exist in config/posting_rules.csv.transaction_type.,"Add a posting rule for this transaction type to config/posting_rules.csv, or correct the journal.",2026-10-09T15:32:10
ING-20261004_154838,general_ledger,general_ledger.xlsx,Sheet1,120877,journal_id=JRN000060433|account_code=1010,DATA_VALIDATION,REFERENTIAL_INTEGRITY,transaction_type,FAIL,WARNING,MAINTENANCE,A value that exists in config/posting_rules.csv.transaction_type.,,,'MAINTENANCE' in 'transaction_type' does not exist in config/posting_rules.csv.transaction_type.,"Add a posting rule for this transaction type to config/posting_rules.csv, or correct the journal.",2026-10-09T15:32:10
ING-20261004_154838,general_ledger,general_ledger.xlsx,Sheet1,120886,journal_id=JRN000060438|account_code=6160,DATA_VALIDATION,REFERENTIAL_INTEGRITY,transaction_type,FAIL,WARNING,SECURITY,A value that exists in config/posting_rules.csv.transaction_type.,,,'SECURITY' in 'transaction_type' does not exist in config/posting_rules.csv.transaction_type.,"Add a posting rule for this transaction type to config/posting_rules.csv, or correct the journal.",2026-10-09T15:32:10
ING-20261004_154838,general_ledger,general_ledger.xlsx,Sheet1,120887,journal_id=JRN000060438|account_code=1010,DATA_VALIDATION,REFERENTIAL_INTEGRITY,transaction_type,FAIL,WARNING,SECURITY,A value that exists in config/posting_rules.csv.transaction_type.,,,'SECURITY' in 'transaction_type' does not exist in config/posting_rules.csv.transaction_type.,"Add a posting rule for this transaction type to config/posting_rules.csv, or correct the journal.",2026-10-09T15:32:10
ING-20261004_154838,general_ledger,general_ledger.xlsx,Sheet1,120888,journal_id=JRN000060439|account_code=6150,DATA_VALIDATION,REFERENTIAL_INTEGRITY,transaction_type,FAIL,WARNING,MAINTENANCE,A value that exists in config/posting_rules.csv.transaction_type.,,,'MAINTENANCE' in 'transaction_type' does not exist in config/posting_rules.csv.transaction_type.,"Add a posting rule for this transaction type to config/posting_rules.csv, or correct the journal.",2026-10-09T15:32:10
ING-20261004_154838,general_ledger,general_ledger.xlsx,Sheet1,120889,journal_id=JRN000060439|account_code=1010,DATA_VALIDATION,REFERENTIAL_INTEGRITY,transaction_type,FAIL,WARNING,MAINTENANCE,A value that exists in config/posting_rules.csv.transaction_type.,,,'MAINTENANCE' in 'transaction_type' does not exist in config/posting_rules.csv.transaction_type.,"Add a posting rule for this transaction type to config/posting_rules.csv, or correct the journal.",2026-10-09T15:32:10
ING-20261004_154838,general_ledger,general_ledger.xlsx,Sheet1,120898,journal_id=JRN000060444|account_code=6160,DATA_VALIDATION,REFERENTIAL_INTEGRITY,transaction_type,FAIL,WARNING,SECURITY,A value that exists in config/posting_rules.csv.transaction_type.,,,'SECURITY' in 'transaction_type' does not exist in config/posting_rules.csv.transaction_type.,"Add a posting rule for this transaction type to config/posting_rules.csv, or correct the journal.",2026-10-09T15:32:10
ING-20261004_154838,general_ledger,general_ledger.xlsx,Sheet1,120899,journal_id=JRN000060444|account_code=1010,DATA_VALIDATION,REFERENTIAL_INTEGRITY,transaction_type,FAIL,WARNING,SECURITY,A value that exists in config/posting_rules.csv.transaction_type.,,,'SECURITY' in 'transaction_type' does not exist in config/posting_rules.csv.transaction_type.,"Add a posting rule for this transaction type to config/posting_rules.csv, or correct the journal.",2026-10-09T15:32:10
ING-20261004_154838,general_ledger,general_ledger.xlsx,Sheet1,120900,journal_id=JRN000060445|account_code=6150,DATA_VALIDATION,REFERENTIAL_INTEGRITY,transaction_type,FAIL,WARNING,MAINTENANCE,A value that exists in config/posting_rules.csv.transaction_type.,,,'MAINTENANCE' in 'transaction_type' does not exist in config/posting_rules.csv.transaction_type.,"Add a posting rule for this transaction type to config/posting_rules.csv, or correct the journal.",2026-10-09T15:32:10
ING-20261004_154838,general_ledger,general_ledger.xlsx,Sheet1,120901,journal_id=JRN000060445|account_code=1010,DATA_VALIDATION,REFERENTIAL_INTEGRITY,transaction_type,FAIL,WARNING,MAINTENANCE,A value that exists in config/posting_rules.csv.transaction_type.,,,'MAINTENANCE' in 'transaction_type' does not exist in config/posting_rules.csv.transaction_type.,"Add a posting rule for this transaction type to config/posting_rules.csv, or correct the journal.",2026-10-09T15:32:10
ING-20261004_154838,general_ledger,general_ledger.xlsx,Sheet1,120910,journal_id=JRN000060450|account_code=6160,DATA_VALIDATION,REFERENTIAL_INTEGRITY,transaction_type,FAIL,WARNING,SECURITY,A value that exists in config/posting_rules.csv.transaction_type.,,,'SECURITY' in 'transaction_type' does not exist in config/posting_rules.csv.transaction_type.,"Add a posting rule for this transaction type to config/posting_rules.csv, or correct the journal.",2026-10-09T15:32:10
ING-20261004_154838,general_ledger,general_ledger.xlsx,Sheet1,120911,journal_id=JRN000060450|account_code=1010,DATA_VALIDATION,REFERENTIAL_INTEGRITY,transaction_type,FAIL,WARNING,SECURITY,A value that exists in config/posting_rules.csv.transaction_type.,,,'SECURITY' in 'transaction_type' does not exist in config/posting_rules.csv.transaction_type.,"Add a posting rule for this transaction type to config/posting_rules.csv, or correct the journal.",2026-10-09T15:32:10
ING-20261004_154838,general_ledger,general_ledger.xlsx,Sheet1,120912,journal_id=JRN000060451|account_code=6150,DATA_VALIDATION,REFERENTIAL_INTEGRITY,transaction_type,FAIL,WARNING,MAINTENANCE,A value that exists in config/posting_rules.csv.transaction_type.,,,'MAINTENANCE' in 'transaction_type' does not exist in config/posting_rules.csv.transaction_type.,"Add a posting rule for this transaction type to config/posting_rules.csv, or correct the journal.",2026-10-09T15:32:10
ING-20261004_154838,general_ledger,general_ledger.xlsx,Sheet1,120913,journal_id=JRN000060451|account_code=1010,DATA_VALIDATION,REFERENTIAL_INTEGRITY,transaction_type,FAIL,WARNING,MAINTENANCE,A value that exists in config/posting_rules.csv.transaction_type.,,,'MAINTENANCE' in 'transaction_type' does not exist in config/posting_rules.csv.transaction_type.,"Add a posting rule for this transaction type to config/posting_rules.csv, or correct the journal.",2026-10-09T15:32:10
ING-20261004_154838,general_ledger,general_ledger.xlsx,Sheet1,120922,journal_id=JRN000060456|account_code=6160,DATA_VALIDATION,REFERENTIAL_INTEGRITY,transaction_type,FAIL,WARNING,SECURITY,A value that exists in config/posting_rules.csv.transaction_type.,,,'SECURITY' in 'transaction_type' does not exist in config/posting_rules.csv.transaction_type.,"Add a posting rule for this transaction type to config/posting_rules.csv, or correct the journal.",2026-10-09T15:32:10
ING-20261004_154838,general_ledger,general_ledger.xlsx,Sheet1,120923,journal_id=JRN000060456|account_code=1010,DATA_VALIDATION,REFERENTIAL_INTEGRITY,transaction_type,FAIL,WARNING,SECURITY,A value that exists in config/posting_rules.csv.transaction_type.,,,'SECURITY' in 'transaction_type' does not exist in config/posting_rules.csv.transaction_type.,"Add a posting rule for this transaction type to config/posting_rules.csv, or correct the journal.",2026-10-09T15:32:10
ING-20261004_154838,general_ledger,general_ledger.xlsx,Sheet1,120924,journal_id=JRN000060457|account_code=6150,DATA_VALIDATION,REFERENTIAL_INTEGRITY,transaction_type,FAIL,WARNING,MAINTENANCE,A value that exists in config/posting_rules.csv.transaction_type.,,,'MAINTENANCE' in 'transaction_type' does not exist in config/posting_rules.csv.transaction_type.,"Add a posting rule for this transaction type to config/posting_rules.csv, or correct the journal.",2026-10-09T15:32:10
ING-20261004_154838,general_ledger,general_ledger.xlsx,Sheet1,120925,journal_id=JRN000060457|account_code=1010,DATA_VALIDATION,REFERENTIAL_INTEGRITY,transaction_type,FAIL,WARNING,MAINTENANCE,A value that exists in config/posting_rules.csv.transaction_type.,,,'MAINTENANCE' in 'transaction_type' does not exist in config/posting_rules.csv.transaction_type.,"Add a posting rule for this transaction type to config/posting_rules.csv, or correct the journal.",2026-10-09T15:32:10
ING-20261004_154838,general_ledger,general_ledger.xlsx,Sheet1,120934,journal_id=JRN000060462|account_code=6160,DATA_VALIDATION,REFERENTIAL_INTEGRITY,transaction_type,FAIL,WARNING,SECURITY,A value that exists in config/posting_rules.csv.transaction_type.,,,'SECURITY' in 'transaction_type' does not exist in config/posting_rules.csv.transaction_type.,"Add a posting rule for this transaction type to config/posting_rules.csv, or correct the journal.",2026-10-09T15:32:10
ING-20261004_154838,general_ledger,general_ledger.xlsx,Sheet1,120935,journal_id=JRN000060462|account_code=1010,DATA_VALIDATION,REFERENTIAL_INTEGRITY,transaction_type,FAIL,WARNING,SECURITY,A value that exists in config/posting_rules.csv.transaction_type.,,,'SECURITY' in 'transaction_type' does not exist in config/posting_rules.csv.transaction_type.,"Add a posting rule for this transaction type to config/posting_rules.csv, or correct the journal.",2026-10-09T15:32:10
ING-20261004_154838,general_ledger,general_ledger.xlsx,Sheet1,120936,journal_id=JRN000060463|account_code=6150,DATA_VALIDATION,REFERENTIAL_INTEGRITY,transaction_type,FAIL,WARNING,MAINTENANCE,A value that exists in config/posting_rules.csv.transaction_type.,,,'MAINTENANCE' in 'transaction_type' does not exist in config/posting_rules.csv.transaction_type.,"Add a posting rule for this transaction type to config/posting_rules.csv, or correct the journal.",2026-10-09T15:32:10
ING-20261004_154838,general_ledger,general_ledger.xlsx,Sheet1,120937,journal_id=JRN000060463|account_code=1010,DATA_VALIDATION,REFERENTIAL_INTEGRITY,transaction_type,FAIL,WARNING,MAINTENANCE,A value that exists in config/posting_rules.csv.transaction_type.,,,'MAINTENANCE' in 'transaction_type' does not exist in config/posting_rules.csv.transaction_type.,"Add a posting rule for this transaction type to config/posting_rules.csv, or correct the journal.",2026-10-09T15:32:10
ING-20261004_154838,general_ledger,general_ledger.xlsx,Sheet1,120946,journal_id=JRN000060468|account_code=6160,DATA_VALIDATION,REFERENTIAL_INTEGRITY,transaction_type,FAIL,WARNING,SECURITY,A value that exists in config/posting_rules.csv.transaction_type.,,,'SECURITY' in 'transaction_type' does not exist in config/posting_rules.csv.transaction_type.,"Add a posting rule for this transaction type to config/posting_rules.csv, or correct the journal.",2026-10-09T15:32:10
ING-20261004_154838,general_ledger,general_ledger.xlsx,Sheet1,120947,journal_id=JRN000060468|account_code=1010,DATA_VALIDATION,REFERENTIAL_INTEGRITY,transaction_type,FAIL,WARNING,SECURITY,A value that exists in config/posting_rules.csv.transaction_type.,,,'SECURITY' in 'transaction_type' does not exist in config/posting_rules.csv.transaction_type.,"Add a posting rule for this transaction type to config/posting_rules.csv, or correct the journal.",2026-10-09T15:32:10
ING-20261004_154838,general_ledger,general_ledger.xlsx,Sheet1,120948,journal_id=JRN000060469|account_code=6150,DATA_VALIDATION,REFERENTIAL_INTEGRITY,transaction_type,FAIL,WARNING,MAINTENANCE,A value that exists in config/posting_rules.csv.transaction_type.,,,'MAINTENANCE' in 'transaction_type' does not exist in config/posting_rules.csv.transaction_type.,"Add a posting rule for this transaction type to config/posting_rules.csv, or correct the journal.",2026-10-09T15:32:10
ING-20261004_154838,general_ledger,general_ledger.xlsx,Sheet1,120949,journal_id=JRN000060469|account_code=1010,DATA_VALIDATION,REFERENTIAL_INTEGRITY,transaction_type,FAIL,WARNING,MAINTENANCE,A value that exists in config/posting_rules.csv.transaction_type.,,,'MAINTENANCE' in 'transaction_type' does not exist in config/posting_rules.csv.transaction_type.,"Add a posting rule for this transaction type to config/posting_rules.csv, or correct the journal.",2026-10-09T15:32:10
ING-20261004_154838,general_ledger,general_ledger.xlsx,Sheet1,120958,journal_id=JRN000060474|account_code=6160,DATA_VALIDATION,REFERENTIAL_INTEGRITY,transaction_type,FAIL,WARNING,SECURITY,A value that exists in config/posting_rules.csv.transaction_type.,,,'SECURITY' in 'transaction_type' does not exist in config/posting_rules.csv.transaction_type.,"Add a posting rule for this transaction type to config/posting_rules.csv, or correct the journal.",2026-10-09T15:32:10
ING-20261004_154838,general_ledger,general_ledger.xlsx,Sheet1,120959,journal_id=JRN000060474|account_code=1010,DATA_VALIDATION,REFERENTIAL_INTEGRITY,transaction_type,FAIL,WARNING,SECURITY,A value that exists in config/posting_rules.csv.transaction_type.,,,'SECURITY' in 'transaction_type' does not exist in config/posting_rules.csv.transaction_type.,"Add a posting rule for this transaction type to config/posting_rules.csv, or correct the journal.",2026-10-09T15:32:10
ING-20261004_154838,general_ledger,general_ledger.xlsx,Sheet1,120960,journal_id=JRN000060475|account_code=6150,DATA_VALIDATION,REFERENTIAL_INTEGRITY,transaction_type,FAIL,WARNING,MAINTENANCE,A value that exists in config/posting_rules.csv.transaction_type.,,,'MAINTENANCE' in 'transaction_type' does not exist in config/posting_rules.csv.transaction_type.,"Add a posting rule for this transaction type to config/posting_rules.csv, or correct the journal.",2026-10-09T15:32:10
ING-20261004_154838,general_ledger,general_ledger.xlsx,Sheet1,120961,journal_id=JRN000060475|account_code=1010,DATA_VALIDATION,REFERENTIAL_INTEGRITY,transaction_type,FAIL,WARNING,MAINTENANCE,A value that exists in config/posting_rules.csv.transaction_type.,,,'MAINTENANCE' in 'transaction_type' does not exist in config/posting_rules.csv.transaction_type.,"Add a posting rule for this transaction type to config/posting_rules.csv, or correct the journal.",2026-10-09T15:32:10
ING-20261004_154838,general_ledger,general_ledger.xlsx,Sheet1,120970,journal_id=JRN000060480|account_code=6160,DATA_VALIDATION,REFERENTIAL_INTEGRITY,transaction_type,FAIL,WARNING,SECURITY,A value that exists in config/posting_rules.csv.transaction_type.,,,'SECURITY' in 'transaction_type' does not exist in config/posting_rules.csv.transaction_type.,"Add a posting rule for this transaction type to config/posting_rules.csv, or correct the journal.",2026-10-09T15:32:10
ING-20261004_154838,general_ledger,general_ledger.xlsx,Sheet1,120971,journal_id=JRN000060480|account_code=1010,DATA_VALIDATION,REFERENTIAL_INTEGRITY,transaction_type,FAIL,WARNING,SECURITY,A value that exists in config/posting_rules.csv.transaction_type.,,,'SECURITY' in 'transaction_type' does not exist in config/posting_rules.csv.transaction_type.,"Add a posting rule for this transaction type to config/posting_rules.csv, or correct the journal.",2026-10-09T15:32:10
ING-20261004_154838,general_ledger,general_ledger.xlsx,Sheet1,120972,journal_id=JRN000060481|account_code=6150,DATA_VALIDATION,REFERENTIAL_INTEGRITY,transaction_type,FAIL,WARNING,MAINTENANCE,A value that exists in config/posting_rules.csv.transaction_type.,,,'MAINTENANCE' in 'transaction_type' does not exist in config/posting_rules.csv.transaction_type.,"Add a posting rule for this transaction type to config/posting_rules.csv, or correct the journal.",2026-10-09T15:32:10
ING-20261004_154838,general_ledger,general_ledger.xlsx,Sheet1,120973,journal_id=JRN000060481|account_code=1010,DATA_VALIDATION,REFERENTIAL_INTEGRITY,transaction_type,FAIL,WARNING,MAINTENANCE,A value that exists in config/posting_rules.csv.transaction_type.,,,'MAINTENANCE' in 'transaction_type' does not exist in config/posting_rules.csv.transaction_type.,"Add a posting rule for this transaction type to config/posting_rules.csv, or correct the journal.",2026-10-09T15:32:10
ING-20261004_154838,general_ledger,general_ledger.xlsx,Sheet1,120982,journal_id=JRN000060486|account_code=6160,DATA_VALIDATION,REFERENTIAL_INTEGRITY,transaction_type,FAIL,WARNING,SECURITY,A value that exists in config/posting_rules.csv.transaction_type.,,,'SECURITY' in 'transaction_type' does not exist in config/posting_rules.csv.transaction_type.,"Add a posting rule for this transaction type to config/posting_rules.csv, or correct the journal.",2026-10-09T15:32:10
ING-20261004_154838,general_ledger,general_ledger.xlsx,Sheet1,120983,journal_id=JRN000060486|account_code=1010,DATA_VALIDATION,REFERENTIAL_INTEGRITY,transaction_type,FAIL,WARNING,SECURITY,A value that exists in config/posting_rules.csv.transaction_type.,,,'SECURITY' in 'transaction_type' does not exist in config/posting_rules.csv.transaction_type.,"Add a posting rule for this transaction type to config/posting_rules.csv, or correct the journal.",2026-10-09T15:32:10
ING-20261004_154838,general_ledger,general_ledger.xlsx,Sheet1,120984,journal_id=JRN000060487|account_code=6150,DATA_VALIDATION,REFERENTIAL_INTEGRITY,transaction_type,FAIL,WARNING,MAINTENANCE,A value that exists in config/posting_rules.csv.transaction_type.,,,'MAINTENANCE' in 'transaction_type' does not exist in config/posting_rules.csv.transaction_type.,"Add a posting rule for this transaction type to config/posting_rules.csv, or correct the journal.",2026-10-09T15:32:10
ING-20261004_154838,general_ledger,general_ledger.xlsx,Sheet1,120985,journal_id=JRN000060487|account_code=1010,DATA_VALIDATION,REFERENTIAL_INTEGRITY,transaction_type,FAIL,WARNING,MAINTENANCE,A value that exists in config/posting_rules.csv.transaction_type.,,,'MAINTENANCE' in 'transaction_type' does not exist in config/posting_rules.csv.transaction_type.,"Add a posting rule for this transaction type to config/posting_rules.csv, or correct the journal.",2026-10-09T15:32:10
ING-20261004_154838,general_ledger,general_ledger.xlsx,Sheet1,120994,journal_id=JRN000060492|account_code=6160,DATA_VALIDATION,REFERENTIAL_INTEGRITY,transaction_type,FAIL,WARNING,SECURITY,A value that exists in config/posting_rules.csv.transaction_type.,,,'SECURITY' in 'transaction_type' does not exist in config/posting_rules.csv.transaction_type.,"Add a posting rule for this transaction type to config/posting_rules.csv, or correct the journal.",2026-10-09T15:32:10
ING-20261004_154838,general_ledger,general_ledger.xlsx,Sheet1,120995,journal_id=JRN000060492|account_code=1010,DATA_VALIDATION,REFERENTIAL_INTEGRITY,transaction_type,FAIL,WARNING,SECURITY,A value that exists in config/posting_rules.csv.transaction_type.,,,'SECURITY' in 'transaction_type' does not exist in config/posting_rules.csv.transaction_type.,"Add a posting rule for this transaction type to config/posting_rules.csv, or correct the journal.",2026-10-09T15:32:10
ING-20261004_154838,general_ledger,general_ledger.xlsx,Sheet1,120996,journal_id=JRN000060493|account_code=6150,DATA_VALIDATION,REFERENTIAL_INTEGRITY,transaction_type,FAIL,WARNING,MAINTENANCE,A value that exists in config/posting_rules.csv.transaction_type.,,,'MAINTENANCE' in 'transaction_type' does not exist in config/posting_rules.csv.transaction_type.,"Add a posting rule for this transaction type to config/posting_rules.csv, or correct the journal.",2026-10-09T15:32:10
ING-20261004_154838,general_ledger,general_ledger.xlsx,Sheet1,120997,journal_id=JRN000060493|account_code=1010,DATA_VALIDATION,REFERENTIAL_INTEGRITY,transaction_type,FAIL,WARNING,MAINTENANCE,A value that exists in config/posting_rules.csv.transaction_type.,,,'MAINTENANCE' in 'transaction_type' does not exist in config/posting_rules.csv.transaction_type.,"Add a posting rule for this transaction type to config/posting_rules.csv, or correct the journal.",2026-10-09T15:32:10
ING-20261004_154838,general_ledger,general_ledger.xlsx,Sheet1,121006,journal_id=JRN000060498|account_code=6160,DATA_VALIDATION,REFERENTIAL_INTEGRITY,transaction_type,FAIL,WARNING,SECURITY,A value that exists in config/posting_rules.csv.transaction_type.,,,'SECURITY' in 'transaction_type' does not exist in config/posting_rules.csv.transaction_type.,"Add a posting rule for this transaction type to config/posting_rules.csv, or correct the journal.",2026-10-09T15:32:10
ING-20261004_154838,general_ledger,general_ledger.xlsx,Sheet1,121007,journal_id=JRN000060498|account_code=1010,DATA_VALIDATION,REFERENTIAL_INTEGRITY,transaction_type,FAIL,WARNING,SECURITY,A value that exists in config/posting_rules.csv.transaction_type.,,,'SECURITY' in 'transaction_type' does not exist in config/posting_rules.csv.transaction_type.,"Add a posting rule for this transaction type to config/posting_rules.csv, or correct the journal.",2026-10-09T15:32:10
ING-20261004_154838,general_ledger,general_ledger.xlsx,Sheet1,121008,journal_id=JRN000060499|account_code=6150,DATA_VALIDATION,REFERENTIAL_INTEGRITY,transaction_type,FAIL,WARNING,MAINTENANCE,A value that exists in config/posting_rules.csv.transaction_type.,,,'MAINTENANCE' in 'transaction_type' does not exist in config/posting_rules.csv.transaction_type.,"Add a posting rule for this transaction type to config/posting_rules.csv, or correct the journal.",2026-10-09T15:32:10
ING-20261004_154838,general_ledger,general_ledger.xlsx,Sheet1,121009,journal_id=JRN000060499|account_code=1010,DATA_VALIDATION,REFERENTIAL_INTEGRITY,transaction_type,FAIL,WARNING,MAINTENANCE,A value that exists in config/posting_rules.csv.transaction_type.,,,'MAINTENANCE' in 'transaction_type' does not exist in config/posting_rules.csv.transaction_type.,"Add a posting rule for this transaction type to config/posting_rules.csv, or correct the journal.",2026-10-09T15:32:10
ING-20261004_154838,general_ledger,general_ledger.xlsx,Sheet1,121018,journal_id=JRN000060504|account_code=6160,DATA_VALIDATION,REFERENTIAL_INTEGRITY,transaction_type,FAIL,WARNING,SECURITY,A value that exists in config/posting_rules.csv.transaction_type.,,,'SECURITY' in 'transaction_type' does not exist in config/posting_rules.csv.transaction_type.,"Add a posting rule for this transaction type to config/posting_rules.csv, or correct the journal.",2026-10-09T15:32:10
ING-20261004_154838,general_ledger,general_ledger.xlsx,Sheet1,121019,journal_id=JRN000060504|account_code=1010,DATA_VALIDATION,REFERENTIAL_INTEGRITY,transaction_type,FAIL,WARNING,SECURITY,A value that exists in config/posting_rules.csv.transaction_type.,,,'SECURITY' in 'transaction_type' does not exist in config/posting_rules.csv.transaction_type.,"Add a posting rule for this transaction type to config/posting_rules.csv, or correct the journal.",2026-10-09T15:32:10
ING-20261004_154838,general_ledger,general_ledger.xlsx,Sheet1,121020,journal_id=JRN000060505|account_code=6150,DATA_VALIDATION,REFERENTIAL_INTEGRITY,transaction_type,FAIL,WARNING,MAINTENANCE,A value that exists in config/posting_rules.csv.transaction_type.,,,'MAINTENANCE' in 'transaction_type' does not exist in config/posting_rules.csv.transaction_type.,"Add a posting rule for this transaction type to config/posting_rules.csv, or correct the journal.",2026-10-09T15:32:10
ING-20261004_154838,general_ledger,general_ledger.xlsx,Sheet1,121021,journal_id=JRN000060505|account_code=1010,DATA_VALIDATION,REFERENTIAL_INTEGRITY,transaction_type,FAIL,WARNING,MAINTENANCE,A value that exists in config/posting_rules.csv.transaction_type.,,,'MAINTENANCE' in 'transaction_type' does not exist in config/posting_rules.csv.transaction_type.,"Add a posting rule for this transaction type to config/posting_rules.csv, or correct the journal.",2026-10-09T15:32:10
ING-20261004_154838,general_ledger,general_ledger.xlsx,Sheet1,121030,journal_id=JRN000060510|account_code=6160,DATA_VALIDATION,REFERENTIAL_INTEGRITY,transaction_type,FAIL,WARNING,SECURITY,A value that exists in config/posting_rules.csv.transaction_type.,,,'SECURITY' in 'transaction_type' does not exist in config/posting_rules.csv.transaction_type.,"Add a posting rule for this transaction type to config/posting_rules.csv, or correct the journal.",2026-10-09T15:32:10
ING-20261004_154838,general_ledger,general_ledger.xlsx,Sheet1,121031,journal_id=JRN000060510|account_code=1010,DATA_VALIDATION,REFERENTIAL_INTEGRITY,transaction_type,FAIL,WARNING,SECURITY,A value that exists in config/posting_rules.csv.transaction_type.,,,'SECURITY' in 'transaction_type' does not exist in config/posting_rules.csv.transaction_type.,"Add a posting rule for this transaction type to config/posting_rules.csv, or correct the journal.",2026-10-09T15:32:10
ING-20261004_154838,general_ledger,general_ledger.xlsx,Sheet1,121032,journal_id=JRN000060511|account_code=6150,DATA_VALIDATION,REFERENTIAL_INTEGRITY,transaction_type,FAIL,WARNING,MAINTENANCE,A value that exists in config/posting_rules.csv.transaction_type.,,,'MAINTENANCE' in 'transaction_type' does not exist in config/posting_rules.csv.transaction_type.,"Add a posting rule for this transaction type to config/posting_rules.csv, or correct the journal.",2026-10-09T15:32:10
ING-20261004_154838,general_ledger,general_ledger.xlsx,Sheet1,121033,journal_id=JRN000060511|account_code=1010,DATA_VALIDATION,REFERENTIAL_INTEGRITY,transaction_type,FAIL,WARNING,MAINTENANCE,A value that exists in config/posting_rules.csv.transaction_type.,,,'MAINTENANCE' in 'transaction_type' does not exist in config/posting_rules.csv.transaction_type.,"Add a posting rule for this transaction type to config/posting_rules.csv, or correct the journal.",2026-10-09T15:32:10
ING-20261004_154838,general_ledger,general_ledger.xlsx,Sheet1,121042,journal_id=JRN000060516|account_code=6160,DATA_VALIDATION,REFERENTIAL_INTEGRITY,transaction_type,FAIL,WARNING,SECURITY,A value that exists in config/posting_rules.csv.transaction_type.,,,'SECURITY' in 'transaction_type' does not exist in config/posting_rules.csv.transaction_type.,"Add a posting rule for this transaction type to config/posting_rules.csv, or correct the journal.",2026-10-09T15:32:10
ING-20261004_154838,general_ledger,general_ledger.xlsx,Sheet1,121043,journal_id=JRN000060516|account_code=1010,DATA_VALIDATION,REFERENTIAL_INTEGRITY,transaction_type,FAIL,WARNING,SECURITY,A value that exists in config/posting_rules.csv.transaction_type.,,,'SECURITY' in 'transaction_type' does not exist in config/posting_rules.csv.transaction_type.,"Add a posting rule for this transaction type to config/posting_rules.csv, or correct the journal.",2026-10-09T15:32:10
ING-20261004_154838,general_ledger,general_ledger.xlsx,Sheet1,121044,journal_id=JRN000060517|account_code=6150,DATA_VALIDATION,REFERENTIAL_INTEGRITY,transaction_type,FAIL,WARNING,MAINTENANCE,A value that exists in config/posting_rules.csv.transaction_type.,,,'MAINTENANCE' in 'transaction_type' does not exist in config/posting_rules.csv.transaction_type.,"Add a posting rule for this transaction type to config/posting_rules.csv, or correct the journal.",2026-10-09T15:32:10
ING-20261004_154838,general_ledger,general_ledger.xlsx,Sheet1,121045,journal_id=JRN000060517|account_code=1010,DATA_VALIDATION,REFERENTIAL_INTEGRITY,transaction_type,FAIL,WARNING,MAINTENANCE,A value that exists in config/posting_rules.csv.transaction_type.,,,'MAINTENANCE' in 'transaction_type' does not exist in config/posting_rules.csv.transaction_type.,"Add a posting rule for this transaction type to config/posting_rules.csv, or correct the journal.",2026-10-09T15:32:10
ING-20261004_154838,general_ledger,general_ledger.xlsx,Sheet1,121054,journal_id=JRN000060522|account_code=6160,DATA_VALIDATION,REFERENTIAL_INTEGRITY,transaction_type,FAIL,WARNING,SECURITY,A value that exists in config/posting_rules.csv.transaction_type.,,,'SECURITY' in 'transaction_type' does not exist in config/posting_rules.csv.transaction_type.,"Add a posting rule for this transaction type to config/posting_rules.csv, or correct the journal.",2026-10-09T15:32:10
ING-20261004_154838,general_ledger,general_ledger.xlsx,Sheet1,121055,journal_id=JRN000060522|account_code=1010,DATA_VALIDATION,REFERENTIAL_INTEGRITY,transaction_type,FAIL,WARNING,SECURITY,A value that exists in config/posting_rules.csv.transaction_type.,,,'SECURITY' in 'transaction_type' does not exist in config/posting_rules.csv.transaction_type.,"Add a posting rule for this transaction type to config/posting_rules.csv, or correct the journal.",2026-10-09T15:32:10
ING-20261004_154838,general_ledger,general_ledger.xlsx,Sheet1,121056,journal_id=JRN000060523|account_code=6150,DATA_VALIDATION,REFERENTIAL_INTEGRITY,transaction_type,FAIL,WARNING,MAINTENANCE,A value that exists in config/posting_rules.csv.transaction_type.,,,'MAINTENANCE' in 'transaction_type' does not exist in config/posting_rules.csv.transaction_type.,"Add a posting rule for this transaction type to config/posting_rules.csv, or correct the journal.",2026-10-09T15:32:10
ING-20261004_154838,general_ledger,general_ledger.xlsx,Sheet1,121057,journal_id=JRN000060523|account_code=1010,DATA_VALIDATION,REFERENTIAL_INTEGRITY,transaction_type,FAIL,WARNING,MAINTENANCE,A value that exists in config/posting_rules.csv.transaction_type.,,,'MAINTENANCE' in 'transaction_type' does not exist in config/posting_rules.csv.transaction_type.,"Add a posting rule for this transaction type to config/posting_rules.csv, or correct the journal.",2026-10-09T15:32:10
ING-20261004_154838,general_ledger,general_ledger.xlsx,Sheet1,121066,journal_id=JRN000060528|account_code=6160,DATA_VALIDATION,REFERENTIAL_INTEGRITY,transaction_type,FAIL,WARNING,SECURITY,A value that exists in config/posting_rules.csv.transaction_type.,,,'SECURITY' in 'transaction_type' does not exist in config/posting_rules.csv.transaction_type.,"Add a posting rule for this transaction type to config/posting_rules.csv, or correct the journal.",2026-10-09T15:32:10
ING-20261004_154838,general_ledger,general_ledger.xlsx,Sheet1,121067,journal_id=JRN000060528|account_code=1010,DATA_VALIDATION,REFERENTIAL_INTEGRITY,transaction_type,FAIL,WARNING,SECURITY,A value that exists in config/posting_rules.csv.transaction_type.,,,'SECURITY' in 'transaction_type' does not exist in config/posting_rules.csv.transaction_type.,"Add a posting rule for this transaction type to config/posting_rules.csv, or correct the journal.",2026-10-09T15:32:10
ING-20261004_154838,general_ledger,general_ledger.xlsx,Sheet1,121068,journal_id=JRN000060529|account_code=6150,DATA_VALIDATION,REFERENTIAL_INTEGRITY,transaction_type,FAIL,WARNING,MAINTENANCE,A value that exists in config/posting_rules.csv.transaction_type.,,,'MAINTENANCE' in 'transaction_type' does not exist in config/posting_rules.csv.transaction_type.,"Add a posting rule for this transaction type to config/posting_rules.csv, or correct the journal.",2026-10-09T15:32:10
ING-20261004_154838,general_ledger,general_ledger.xlsx,Sheet1,121069,journal_id=JRN000060529|account_code=1010,DATA_VALIDATION,REFERENTIAL_INTEGRITY,transaction_type,FAIL,WARNING,MAINTENANCE,A value that exists in config/posting_rules.csv.transaction_type.,,,'MAINTENANCE' in 'transaction_type' does not exist in config/posting_rules.csv.transaction_type.,"Add a posting rule for this transaction type to config/posting_rules.csv, or correct the journal.",2026-10-09T15:32:10
ING-20261004_154838,general_ledger,general_ledger.xlsx,Sheet1,121078,journal_id=JRN000060534|account_code=6160,DATA_VALIDATION,REFERENTIAL_INTEGRITY,transaction_type,FAIL,WARNING,SECURITY,A value that exists in config/posting_rules.csv.transaction_type.,,,'SECURITY' in 'transaction_type' does not exist in config/posting_rules.csv.transaction_type.,"Add a posting rule for this transaction type to config/posting_rules.csv, or correct the journal.",2026-10-09T15:32:10
ING-20261004_154838,general_ledger,general_ledger.xlsx,Sheet1,121079,journal_id=JRN000060534|account_code=1010,DATA_VALIDATION,REFERENTIAL_INTEGRITY,transaction_type,FAIL,WARNING,SECURITY,A value that exists in config/posting_rules.csv.transaction_type.,,,'SECURITY' in 'transaction_type' does not exist in config/posting_rules.csv.transaction_type.,"Add a posting rule for this transaction type to config/posting_rules.csv, or correct the journal.",2026-10-09T15:32:10
ING-20261004_154838,general_ledger,general_ledger.xlsx,Sheet1,121080,journal_id=JRN000060535|account_code=6150,DATA_VALIDATION,REFERENTIAL_INTEGRITY,transaction_type,FAIL,WARNING,MAINTENANCE,A value that exists in config/posting_rules.csv.transaction_type.,,,'MAINTENANCE' in 'transaction_type' does not exist in config/posting_rules.csv.transaction_type.,"Add a posting rule for this transaction type to config/posting_rules.csv, or correct the journal.",2026-10-09T15:32:10
ING-20261004_154838,general_ledger,general_ledger.xlsx,Sheet1,121081,journal_id=JRN000060535|account_code=1010,DATA_VALIDATION,REFERENTIAL_INTEGRITY,transaction_type,FAIL,WARNING,MAINTENANCE,A value that exists in config/posting_rules.csv.transaction_type.,,,'MAINTENANCE' in 'transaction_type' does not exist in config/posting_rules.csv.transaction_type.,"Add a posting rule for this transaction type to config/posting_rules.csv, or correct the journal.",2026-10-09T15:32:10
ING-20261004_154838,general_ledger,general_ledger.xlsx,Sheet1,121090,journal_id=JRN000060540|account_code=6160,DATA_VALIDATION,REFERENTIAL_INTEGRITY,transaction_type,FAIL,WARNING,SECURITY,A value that exists in config/posting_rules.csv.transaction_type.,,,'SECURITY' in 'transaction_type' does not exist in config/posting_rules.csv.transaction_type.,"Add a posting rule for this transaction type to config/posting_rules.csv, or correct the journal.",2026-10-09T15:32:10
ING-20261004_154838,general_ledger,general_ledger.xlsx,Sheet1,121091,journal_id=JRN000060540|account_code=1010,DATA_VALIDATION,REFERENTIAL_INTEGRITY,transaction_type,FAIL,WARNING,SECURITY,A value that exists in config/posting_rules.csv.transaction_type.,,,'SECURITY' in 'transaction_type' does not exist in config/posting_rules.csv.transaction_type.,"Add a posting rule for this transaction type to config/posting_rules.csv, or correct the journal.",2026-10-09T15:32:10
ING-20261004_154838,general_ledger,general_ledger.xlsx,Sheet1,121092,journal_id=JRN000060541|account_code=6150,DATA_VALIDATION,REFERENTIAL_INTEGRITY,transaction_type,FAIL,WARNING,MAINTENANCE,A value that exists in config/posting_rules.csv.transaction_type.,,,'MAINTENANCE' in 'transaction_type' does not exist in config/posting_rules.csv.transaction_type.,"Add a posting rule for this transaction type to config/posting_rules.csv, or correct the journal.",2026-10-09T15:32:10
ING-20261004_154838,general_ledger,general_ledger.xlsx,Sheet1,121093,journal_id=JRN000060541|account_code=1010,DATA_VALIDATION,REFERENTIAL_INTEGRITY,transaction_type,FAIL,WARNING,MAINTENANCE,A value that exists in config/posting_rules.csv.transaction_type.,,,'MAINTENANCE' in 'transaction_type' does not exist in config/posting_rules.csv.transaction_type.,"Add a posting rule for this transaction type to config/posting_rules.csv, or correct the journal.",2026-10-09T15:32:10
ING-20261004_154838,general_ledger,general_ledger.xlsx,Sheet1,121102,journal_id=JRN000060546|account_code=6160,DATA_VALIDATION,REFERENTIAL_INTEGRITY,transaction_type,FAIL,WARNING,SECURITY,A value that exists in config/posting_rules.csv.transaction_type.,,,'SECURITY' in 'transaction_type' does not exist in config/posting_rules.csv.transaction_type.,"Add a posting rule for this transaction type to config/posting_rules.csv, or correct the journal.",2026-10-09T15:32:10
ING-20261004_154838,general_ledger,general_ledger.xlsx,Sheet1,121103,journal_id=JRN000060546|account_code=1010,DATA_VALIDATION,REFERENTIAL_INTEGRITY,transaction_type,FAIL,WARNING,SECURITY,A value that exists in config/posting_rules.csv.transaction_type.,,,'SECURITY' in 'transaction_type' does not exist in config/posting_rules.csv.transaction_type.,"Add a posting rule for this transaction type to config/posting_rules.csv, or correct the journal.",2026-10-09T15:32:10
ING-20261004_154838,general_ledger,general_ledger.xlsx,Sheet1,121104,journal_id=JRN000060547|account_code=6150,DATA_VALIDATION,REFERENTIAL_INTEGRITY,transaction_type,FAIL,WARNING,MAINTENANCE,A value that exists in config/posting_rules.csv.transaction_type.,,,'MAINTENANCE' in 'transaction_type' does not exist in config/posting_rules.csv.transaction_type.,"Add a posting rule for this transaction type to config/posting_rules.csv, or correct the journal.",2026-10-09T15:32:10
ING-20261004_154838,general_ledger,general_ledger.xlsx,Sheet1,121105,journal_id=JRN000060547|account_code=1010,DATA_VALIDATION,REFERENTIAL_INTEGRITY,transaction_type,FAIL,WARNING,MAINTENANCE,A value that exists in config/posting_rules.csv.transaction_type.,,,'MAINTENANCE' in 'transaction_type' does not exist in config/posting_rules.csv.transaction_type.,"Add a posting rule for this transaction type to config/posting_rules.csv, or correct the journal.",2026-10-09T15:32:10
ING-20261004_154838,general_ledger,general_ledger.xlsx,Sheet1,121114,journal_id=JRN000060552|account_code=6160,DATA_VALIDATION,REFERENTIAL_INTEGRITY,transaction_type,FAIL,WARNING,SECURITY,A value that exists in config/posting_rules.csv.transaction_type.,,,'SECURITY' in 'transaction_type' does not exist in config/posting_rules.csv.transaction_type.,"Add a posting rule for this transaction type to config/posting_rules.csv, or correct the journal.",2026-10-09T15:32:10
ING-20261004_154838,general_ledger,general_ledger.xlsx,Sheet1,121115,journal_id=JRN000060552|account_code=1010,DATA_VALIDATION,REFERENTIAL_INTEGRITY,transaction_type,FAIL,WARNING,SECURITY,A value that exists in config/posting_rules.csv.transaction_type.,,,'SECURITY' in 'transaction_type' does not exist in config/posting_rules.csv.transaction_type.,"Add a posting rule for this transaction type to config/posting_rules.csv, or correct the journal.",2026-10-09T15:32:10
ING-20261004_154838,general_ledger,general_ledger.xlsx,Sheet1,121116,journal_id=JRN000060553|account_code=6150,DATA_VALIDATION,REFERENTIAL_INTEGRITY,transaction_type,FAIL,WARNING,MAINTENANCE,A value that exists in config/posting_rules.csv.transaction_type.,,,'MAINTENANCE' in 'transaction_type' does not exist in config/posting_rules.csv.transaction_type.,"Add a posting rule for this transaction type to config/posting_rules.csv, or correct the journal.",2026-10-09T15:32:10
ING-20261004_154838,general_ledger,general_ledger.xlsx,Sheet1,121117,journal_id=JRN000060553|account_code=1010,DATA_VALIDATION,REFERENTIAL_INTEGRITY,transaction_type,FAIL,WARNING,MAINTENANCE,A value that exists in config/posting_rules.csv.transaction_type.,,,'MAINTENANCE' in 'transaction_type' does not exist in config/posting_rules.csv.transaction_type.,"Add a posting rule for this transaction type to config/posting_rules.csv, or correct the journal.",2026-10-09T15:32:10
ING-20261004_154838,general_ledger,general_ledger.xlsx,Sheet1,121126,journal_id=JRN000060558|account_code=6160,DATA_VALIDATION,REFERENTIAL_INTEGRITY,transaction_type,FAIL,WARNING,SECURITY,A value that exists in config/posting_rules.csv.transaction_type.,,,'SECURITY' in 'transaction_type' does not exist in config/posting_rules.csv.transaction_type.,"Add a posting rule for this transaction type to config/posting_rules.csv, or correct the journal.",2026-10-09T15:32:10
ING-20261004_154838,general_ledger,general_ledger.xlsx,Sheet1,121127,journal_id=JRN000060558|account_code=1010,DATA_VALIDATION,REFERENTIAL_INTEGRITY,transaction_type,FAIL,WARNING,SECURITY,A value that exists in config/posting_rules.csv.transaction_type.,,,'SECURITY' in 'transaction_type' does not exist in config/posting_rules.csv.transaction_type.,"Add a posting rule for this transaction type to config/posting_rules.csv, or correct the journal.",2026-10-09T15:32:10
ING-20261004_154838,general_ledger,general_ledger.xlsx,Sheet1,121128,journal_id=JRN000060559|account_code=6150,DATA_VALIDATION,REFERENTIAL_INTEGRITY,transaction_type,FAIL,WARNING,MAINTENANCE,A value that exists in config/posting_rules.csv.transaction_type.,,,'MAINTENANCE' in 'transaction_type' does not exist in config/posting_rules.csv.transaction_type.,"Add a posting rule for this transaction type to config/posting_rules.csv, or correct the journal.",2026-10-09T15:32:10
ING-20261004_154838,general_ledger,general_ledger.xlsx,Sheet1,121129,journal_id=JRN000060559|account_code=1010,DATA_VALIDATION,REFERENTIAL_INTEGRITY,transaction_type,FAIL,WARNING,MAINTENANCE,A value that exists in config/posting_rules.csv.transaction_type.,,,'MAINTENANCE' in 'transaction_type' does not exist in config/posting_rules.csv.transaction_type.,"Add a posting rule for this transaction type to config/posting_rules.csv, or correct the journal.",2026-10-09T15:32:10
ING-20261004_154838,general_ledger,general_ledger.xlsx,Sheet1,121138,journal_id=JRN000060564|account_code=6160,DATA_VALIDATION,REFERENTIAL_INTEGRITY,transaction_type,FAIL,WARNING,SECURITY,A value that exists in config/posting_rules.csv.transaction_type.,,,'SECURITY' in 'transaction_type' does not exist in config/posting_rules.csv.transaction_type.,"Add a posting rule for this transaction type to config/posting_rules.csv, or correct the journal.",2026-10-09T15:32:10
ING-20261004_154838,general_ledger,general_ledger.xlsx,Sheet1,121139,journal_id=JRN000060564|account_code=1010,DATA_VALIDATION,REFERENTIAL_INTEGRITY,transaction_type,FAIL,WARNING,SECURITY,A value that exists in config/posting_rules.csv.transaction_type.,,,'SECURITY' in 'transaction_type' does not exist in config/posting_rules.csv.transaction_type.,"Add a posting rule for this transaction type to config/posting_rules.csv, or correct the journal.",2026-10-09T15:32:10
ING-20261004_154838,general_ledger,general_ledger.xlsx,Sheet1,121140,journal_id=JRN000060565|account_code=6150,DATA_VALIDATION,REFERENTIAL_INTEGRITY,transaction_type,FAIL,WARNING,MAINTENANCE,A value that exists in config/posting_rules.csv.transaction_type.,,,'MAINTENANCE' in 'transaction_type' does not exist in config/posting_rules.csv.transaction_type.,"Add a posting rule for this transaction type to config/posting_rules.csv, or correct the journal.",2026-10-09T15:32:10
ING-20261004_154838,general_ledger,general_ledger.xlsx,Sheet1,121141,journal_id=JRN000060565|account_code=1010,DATA_VALIDATION,REFERENTIAL_INTEGRITY,transaction_type,FAIL,WARNING,MAINTENANCE,A value that exists in config/posting_rules.csv.transaction_type.,,,'MAINTENANCE' in 'transaction_type' does not exist in config/posting_rules.csv.transaction_type.,"Add a posting rule for this transaction type to config/posting_rules.csv, or correct the journal.",2026-10-09T15:32:10
ING-20261004_154838,general_ledger,general_ledger.xlsx,Sheet1,121150,journal_id=JRN000060570|account_code=6160,DATA_VALIDATION,REFERENTIAL_INTEGRITY,transaction_type,FAIL,WARNING,SECURITY,A value that exists in config/posting_rules.csv.transaction_type.,,,'SECURITY' in 'transaction_type' does not exist in config/posting_rules.csv.transaction_type.,"Add a posting rule for this transaction type to config/posting_rules.csv, or correct the journal.",2026-10-09T15:32:10
ING-20261004_154838,general_ledger,general_ledger.xlsx,Sheet1,121151,journal_id=JRN000060570|account_code=1010,DATA_VALIDATION,REFERENTIAL_INTEGRITY,transaction_type,FAIL,WARNING,SECURITY,A value that exists in config/posting_rules.csv.transaction_type.,,,'SECURITY' in 'transaction_type' does not exist in config/posting_rules.csv.transaction_type.,"Add a posting rule for this transaction type to config/posting_rules.csv, or correct the journal.",2026-10-09T15:32:10
ING-20261004_154838,general_ledger,general_ledger.xlsx,Sheet1,121152,journal_id=JRN000060571|account_code=6150,DATA_VALIDATION,REFERENTIAL_INTEGRITY,transaction_type,FAIL,WARNING,MAINTENANCE,A value that exists in config/posting_rules.csv.transaction_type.,,,'MAINTENANCE' in 'transaction_type' does not exist in config/posting_rules.csv.transaction_type.,"Add a posting rule for this transaction type to config/posting_rules.csv, or correct the journal.",2026-10-09T15:32:10
ING-20261004_154838,general_ledger,general_ledger.xlsx,Sheet1,121153,journal_id=JRN000060571|account_code=1010,DATA_VALIDATION,REFERENTIAL_INTEGRITY,transaction_type,FAIL,WARNING,MAINTENANCE,A value that exists in config/posting_rules.csv.transaction_type.,,,'MAINTENANCE' in 'transaction_type' does not exist in config/posting_rules.csv.transaction_type.,"Add a posting rule for this transaction type to config/posting_rules.csv, or correct the journal.",2026-10-09T15:32:10
ING-20261004_154838,general_ledger,general_ledger.xlsx,Sheet1,121162,journal_id=JRN000060576|account_code=6160,DATA_VALIDATION,REFERENTIAL_INTEGRITY,transaction_type,FAIL,WARNING,SECURITY,A value that exists in config/posting_rules.csv.transaction_type.,,,'SECURITY' in 'transaction_type' does not exist in config/posting_rules.csv.transaction_type.,"Add a posting rule for this transaction type to config/posting_rules.csv, or correct the journal.",2026-10-09T15:32:10
ING-20261004_154838,general_ledger,general_ledger.xlsx,Sheet1,121163,journal_id=JRN000060576|account_code=1010,DATA_VALIDATION,REFERENTIAL_INTEGRITY,transaction_type,FAIL,WARNING,SECURITY,A value that exists in config/posting_rules.csv.transaction_type.,,,'SECURITY' in 'transaction_type' does not exist in config/posting_rules.csv.transaction_type.,"Add a posting rule for this transaction type to config/posting_rules.csv, or correct the journal.",2026-10-09T15:32:10
ING-20261004_154838,general_ledger,general_ledger.xlsx,Sheet1,121164,journal_id=JRN000060577|account_code=6150,DATA_VALIDATION,REFERENTIAL_INTEGRITY,transaction_type,FAIL,WARNING,MAINTENANCE,A value that exists in config/posting_rules.csv.transaction_type.,,,'MAINTENANCE' in 'transaction_type' does not exist in config/posting_rules.csv.transaction_type.,"Add a posting rule for this transaction type to config/posting_rules.csv, or correct the journal.",2026-10-09T15:32:10
ING-20261004_154838,general_ledger,general_ledger.xlsx,Sheet1,121165,journal_id=JRN000060577|account_code=1010,DATA_VALIDATION,REFERENTIAL_INTEGRITY,transaction_type,FAIL,WARNING,MAINTENANCE,A value that exists in config/posting_rules.csv.transaction_type.,,,'MAINTENANCE' in 'transaction_type' does not exist in config/posting_rules.csv.transaction_type.,"Add a posting rule for this transaction type to config/posting_rules.csv, or correct the journal.",2026-10-09T15:32:10
ING-20261004_154838,general_ledger,general_ledger.xlsx,Sheet1,121174,journal_id=JRN000060582|account_code=6160,DATA_VALIDATION,REFERENTIAL_INTEGRITY,transaction_type,FAIL,WARNING,SECURITY,A value that exists in config/posting_rules.csv.transaction_type.,,,'SECURITY' in 'transaction_type' does not exist in config/posting_rules.csv.transaction_type.,"Add a posting rule for this transaction type to config/posting_rules.csv, or correct the journal.",2026-10-09T15:32:10
ING-20261004_154838,general_ledger,general_ledger.xlsx,Sheet1,121175,journal_id=JRN000060582|account_code=1010,DATA_VALIDATION,REFERENTIAL_INTEGRITY,transaction_type,FAIL,WARNING,SECURITY,A value that exists in config/posting_rules.csv.transaction_type.,,,'SECURITY' in 'transaction_type' does not exist in config/posting_rules.csv.transaction_type.,"Add a posting rule for this transaction type to config/posting_rules.csv, or correct the journal.",2026-10-09T15:32:10
ING-20261004_154838,general_ledger,general_ledger.xlsx,Sheet1,121176,journal_id=JRN000060583|account_code=6150,DATA_VALIDATION,REFERENTIAL_INTEGRITY,transaction_type,FAIL,WARNING,MAINTENANCE,A value that exists in config/posting_rules.csv.transaction_type.,,,'MAINTENANCE' in 'transaction_type' does not exist in config/posting_rules.csv.transaction_type.,"Add a posting rule for this transaction type to config/posting_rules.csv, or correct the journal.",2026-10-09T15:32:10
ING-20261004_154838,general_ledger,general_ledger.xlsx,Sheet1,121177,journal_id=JRN000060583|account_code=1010,DATA_VALIDATION,REFERENTIAL_INTEGRITY,transaction_type,FAIL,WARNING,MAINTENANCE,A value that exists in config/posting_rules.csv.transaction_type.,,,'MAINTENANCE' in 'transaction_type' does not exist in config/posting_rules.csv.transaction_type.,"Add a posting rule for this transaction type to config/posting_rules.csv, or correct the journal.",2026-10-09T15:32:10
ING-20261004_154838,general_ledger,general_ledger.xlsx,Sheet1,121186,journal_id=JRN000060588|account_code=6160,DATA_VALIDATION,REFERENTIAL_INTEGRITY,transaction_type,FAIL,WARNING,SECURITY,A value that exists in config/posting_rules.csv.transaction_type.,,,'SECURITY' in 'transaction_type' does not exist in config/posting_rules.csv.transaction_type.,"Add a posting rule for this transaction type to config/posting_rules.csv, or correct the journal.",2026-10-09T15:32:10
ING-20261004_154838,general_ledger,general_ledger.xlsx,Sheet1,121187,journal_id=JRN000060588|account_code=1010,DATA_VALIDATION,REFERENTIAL_INTEGRITY,transaction_type,FAIL,WARNING,SECURITY,A value that exists in config/posting_rules.csv.transaction_type.,,,'SECURITY' in 'transaction_type' does not exist in config/posting_rules.csv.transaction_type.,"Add a posting rule for this transaction type to config/posting_rules.csv, or correct the journal.",2026-10-09T15:32:10
ING-20261004_154838,general_ledger,general_ledger.xlsx,Sheet1,121188,journal_id=JRN000060589|account_code=6150,DATA_VALIDATION,REFERENTIAL_INTEGRITY,transaction_type,FAIL,WARNING,MAINTENANCE,A value that exists in config/posting_rules.csv.transaction_type.,,,'MAINTENANCE' in 'transaction_type' does not exist in config/posting_rules.csv.transaction_type.,"Add a posting rule for this transaction type to config/posting_rules.csv, or correct the journal.",2026-10-09T15:32:10
ING-20261004_154838,general_ledger,general_ledger.xlsx,Sheet1,121189,journal_id=JRN000060589|account_code=1010,DATA_VALIDATION,REFERENTIAL_INTEGRITY,transaction_type,FAIL,WARNING,MAINTENANCE,A value that exists in config/posting_rules.csv.transaction_type.,,,'MAINTENANCE' in 'transaction_type' does not exist in config/posting_rules.csv.transaction_type.,"Add a posting rule for this transaction type to config/posting_rules.csv, or correct the journal.",2026-10-09T15:32:10
ING-20261004_154838,general_ledger,general_ledger.xlsx,Sheet1,121198,journal_id=JRN000060594|account_code=6160,DATA_VALIDATION,REFERENTIAL_INTEGRITY,transaction_type,FAIL,WARNING,SECURITY,A value that exists in config/posting_rules.csv.transaction_type.,,,'SECURITY' in 'transaction_type' does not exist in config/posting_rules.csv.transaction_type.,"Add a posting rule for this transaction type to config/posting_rules.csv, or correct the journal.",2026-10-09T15:32:10
ING-20261004_154838,general_ledger,general_ledger.xlsx,Sheet1,121199,journal_id=JRN000060594|account_code=1010,DATA_VALIDATION,REFERENTIAL_INTEGRITY,transaction_type,FAIL,WARNING,SECURITY,A value that exists in config/posting_rules.csv.transaction_type.,,,'SECURITY' in 'transaction_type' does not exist in config/posting_rules.csv.transaction_type.,"Add a posting rule for this transaction type to config/posting_rules.csv, or correct the journal.",2026-10-09T15:32:10
ING-20261004_154838,general_ledger,general_ledger.xlsx,Sheet1,121200,journal_id=JRN000060595|account_code=6150,DATA_VALIDATION,REFERENTIAL_INTEGRITY,transaction_type,FAIL,WARNING,MAINTENANCE,A value that exists in config/posting_rules.csv.transaction_type.,,,'MAINTENANCE' in 'transaction_type' does not exist in config/posting_rules.csv.transaction_type.,"Add a posting rule for this transaction type to config/posting_rules.csv, or correct the journal.",2026-10-09T15:32:10
ING-20261004_154838,general_ledger,general_ledger.xlsx,Sheet1,121201,journal_id=JRN000060595|account_code=1010,DATA_VALIDATION,REFERENTIAL_INTEGRITY,transaction_type,FAIL,WARNING,MAINTENANCE,A value that exists in config/posting_rules.csv.transaction_type.,,,'MAINTENANCE' in 'transaction_type' does not exist in config/posting_rules.csv.transaction_type.,"Add a posting rule for this transaction type to config/posting_rules.csv, or correct the journal.",2026-10-09T15:32:10
ING-20261004_154838,general_ledger,general_ledger.xlsx,Sheet1,121210,journal_id=JRN000060600|account_code=6160,DATA_VALIDATION,REFERENTIAL_INTEGRITY,transaction_type,FAIL,WARNING,SECURITY,A value that exists in config/posting_rules.csv.transaction_type.,,,'SECURITY' in 'transaction_type' does not exist in config/posting_rules.csv.transaction_type.,"Add a posting rule for this transaction type to config/posting_rules.csv, or correct the journal.",2026-10-09T15:32:10
ING-20261004_154838,general_ledger,general_ledger.xlsx,Sheet1,121211,journal_id=JRN000060600|account_code=1010,DATA_VALIDATION,REFERENTIAL_INTEGRITY,transaction_type,FAIL,WARNING,SECURITY,A value that exists in config/posting_rules.csv.transaction_type.,,,'SECURITY' in 'transaction_type' does not exist in config/posting_rules.csv.transaction_type.,"Add a posting rule for this transaction type to config/posting_rules.csv, or correct the journal.",2026-10-09T15:32:10
ING-20261004_154838,general_ledger,general_ledger.xlsx,Sheet1,121212,journal_id=JRN000060601|account_code=6150,DATA_VALIDATION,REFERENTIAL_INTEGRITY,transaction_type,FAIL,WARNING,MAINTENANCE,A value that exists in config/posting_rules.csv.transaction_type.,,,'MAINTENANCE' in 'transaction_type' does not exist in config/posting_rules.csv.transaction_type.,"Add a posting rule for this transaction type to config/posting_rules.csv, or correct the journal.",2026-10-09T15:32:10
ING-20261004_154838,general_ledger,general_ledger.xlsx,Sheet1,121213,journal_id=JRN000060601|account_code=1010,DATA_VALIDATION,REFERENTIAL_INTEGRITY,transaction_type,FAIL,WARNING,MAINTENANCE,A value that exists in config/posting_rules.csv.transaction_type.,,,'MAINTENANCE' in 'transaction_type' does not exist in config/posting_rules.csv.transaction_type.,"Add a posting rule for this transaction type to config/posting_rules.csv, or correct the journal.",2026-10-09T15:32:10
ING-20261004_154838,general_ledger,general_ledger.xlsx,Sheet1,121222,journal_id=JRN000060606|account_code=6160,DATA_VALIDATION,REFERENTIAL_INTEGRITY,transaction_type,FAIL,WARNING,SECURITY,A value that exists in config/posting_rules.csv.transaction_type.,,,'SECURITY' in 'transaction_type' does not exist in config/posting_rules.csv.transaction_type.,"Add a posting rule for this transaction type to config/posting_rules.csv, or correct the journal.",2026-10-09T15:32:10
ING-20261004_154838,general_ledger,general_ledger.xlsx,Sheet1,121223,journal_id=JRN000060606|account_code=1010,DATA_VALIDATION,REFERENTIAL_INTEGRITY,transaction_type,FAIL,WARNING,SECURITY,A value that exists in config/posting_rules.csv.transaction_type.,,,'SECURITY' in 'transaction_type' does not exist in config/posting_rules.csv.transaction_type.,"Add a posting rule for this transaction type to config/posting_rules.csv, or correct the journal.",2026-10-09T15:32:10
ING-20261004_154838,general_ledger,general_ledger.xlsx,Sheet1,121224,journal_id=JRN000060607|account_code=6150,DATA_VALIDATION,REFERENTIAL_INTEGRITY,transaction_type,FAIL,WARNING,MAINTENANCE,A value that exists in config/posting_rules.csv.transaction_type.,,,'MAINTENANCE' in 'transaction_type' does not exist in config/posting_rules.csv.transaction_type.,"Add a posting rule for this transaction type to config/posting_rules.csv, or correct the journal.",2026-10-09T15:32:10
ING-20261004_154838,general_ledger,general_ledger.xlsx,Sheet1,121225,journal_id=JRN000060607|account_code=1010,DATA_VALIDATION,REFERENTIAL_INTEGRITY,transaction_type,FAIL,WARNING,MAINTENANCE,A value that exists in config/posting_rules.csv.transaction_type.,,,'MAINTENANCE' in 'transaction_type' does not exist in config/posting_rules.csv.transaction_type.,"Add a posting rule for this transaction type to config/posting_rules.csv, or correct the journal.",2026-10-09T15:32:10
ING-20261004_154838,general_ledger,general_ledger.xlsx,Sheet1,121234,journal_id=JRN000060612|account_code=6160,DATA_VALIDATION,REFERENTIAL_INTEGRITY,transaction_type,FAIL,WARNING,SECURITY,A value that exists in config/posting_rules.csv.transaction_type.,,,'SECURITY' in 'transaction_type' does not exist in config/posting_rules.csv.transaction_type.,"Add a posting rule for this transaction type to config/posting_rules.csv, or correct the journal.",2026-10-09T15:32:10
ING-20261004_154838,general_ledger,general_ledger.xlsx,Sheet1,121235,journal_id=JRN000060612|account_code=1010,DATA_VALIDATION,REFERENTIAL_INTEGRITY,transaction_type,FAIL,WARNING,SECURITY,A value that exists in config/posting_rules.csv.transaction_type.,,,'SECURITY' in 'transaction_type' does not exist in config/posting_rules.csv.transaction_type.,"Add a posting rule for this transaction type to config/posting_rules.csv, or correct the journal.",2026-10-09T15:32:10
ING-20261004_154838,general_ledger,general_ledger.xlsx,Sheet1,121236,journal_id=JRN000060613|account_code=6150,DATA_VALIDATION,REFERENTIAL_INTEGRITY,transaction_type,FAIL,WARNING,MAINTENANCE,A value that exists in config/posting_rules.csv.transaction_type.,,,'MAINTENANCE' in 'transaction_type' does not exist in config/posting_rules.csv.transaction_type.,"Add a posting rule for this transaction type to config/posting_rules.csv, or correct the journal.",2026-10-09T15:32:10
ING-20261004_154838,general_ledger,general_ledger.xlsx,Sheet1,121237,journal_id=JRN000060613|account_code=1010,DATA_VALIDATION,REFERENTIAL_INTEGRITY,transaction_type,FAIL,WARNING,MAINTENANCE,A value that exists in config/posting_rules.csv.transaction_type.,,,'MAINTENANCE' in 'transaction_type' does not exist in config/posting_rules.csv.transaction_type.,"Add a posting rule for this transaction type to config/posting_rules.csv, or correct the journal.",2026-10-09T15:32:10
ING-20261004_154838,general_ledger,general_ledger.xlsx,Sheet1,121246,journal_id=JRN000060618|account_code=6160,DATA_VALIDATION,REFERENTIAL_INTEGRITY,transaction_type,FAIL,WARNING,SECURITY,A value that exists in config/posting_rules.csv.transaction_type.,,,'SECURITY' in 'transaction_type' does not exist in config/posting_rules.csv.transaction_type.,"Add a posting rule for this transaction type to config/posting_rules.csv, or correct the journal.",2026-10-09T15:32:10
ING-20261004_154838,general_ledger,general_ledger.xlsx,Sheet1,121247,journal_id=JRN000060618|account_code=1010,DATA_VALIDATION,REFERENTIAL_INTEGRITY,transaction_type,FAIL,WARNING,SECURITY,A value that exists in config/posting_rules.csv.transaction_type.,,,'SECURITY' in 'transaction_type' does not exist in config/posting_rules.csv.transaction_type.,"Add a posting rule for this transaction type to config/posting_rules.csv, or correct the journal.",2026-10-09T15:32:10
ING-20261004_154838,general_ledger,general_ledger.xlsx,Sheet1,121248,journal_id=JRN000060619|account_code=6150,DATA_VALIDATION,REFERENTIAL_INTEGRITY,transaction_type,FAIL,WARNING,MAINTENANCE,A value that exists in config/posting_rules.csv.transaction_type.,,,'MAINTENANCE' in 'transaction_type' does not exist in config/posting_rules.csv.transaction_type.,"Add a posting rule for this transaction type to config/posting_rules.csv, or correct the journal.",2026-10-09T15:32:10
ING-20261004_154838,general_ledger,general_ledger.xlsx,Sheet1,121249,journal_id=JRN000060619|account_code=1010,DATA_VALIDATION,REFERENTIAL_INTEGRITY,transaction_type,FAIL,WARNING,MAINTENANCE,A value that exists in config/posting_rules.csv.transaction_type.,,,'MAINTENANCE' in 'transaction_type' does not exist in config/posting_rules.csv.transaction_type.,"Add a posting rule for this transaction type to config/posting_rules.csv, or correct the journal.",2026-10-09T15:32:10
ING-20261004_154838,general_ledger,general_ledger.xlsx,Sheet1,121258,journal_id=JRN000060624|account_code=6160,DATA_VALIDATION,REFERENTIAL_INTEGRITY,transaction_type,FAIL,WARNING,SECURITY,A value that exists in config/posting_rules.csv.transaction_type.,,,'SECURITY' in 'transaction_type' does not exist in config/posting_rules.csv.transaction_type.,"Add a posting rule for this transaction type to config/posting_rules.csv, or correct the journal.",2026-10-09T15:32:10
ING-20261004_154838,general_ledger,general_ledger.xlsx,Sheet1,121259,journal_id=JRN000060624|account_code=1010,DATA_VALIDATION,REFERENTIAL_INTEGRITY,transaction_type,FAIL,WARNING,SECURITY,A value that exists in config/posting_rules.csv.transaction_type.,,,'SECURITY' in 'transaction_type' does not exist in config/posting_rules.csv.transaction_type.,"Add a posting rule for this transaction type to config/posting_rules.csv, or correct the journal.",2026-10-09T15:32:10
ING-20261004_154838,general_ledger,general_ledger.xlsx,Sheet1,121260,journal_id=JRN000060625|account_code=6150,DATA_VALIDATION,REFERENTIAL_INTEGRITY,transaction_type,FAIL,WARNING,MAINTENANCE,A value that exists in config/posting_rules.csv.transaction_type.,,,'MAINTENANCE' in 'transaction_type' does not exist in config/posting_rules.csv.transaction_type.,"Add a posting rule for this transaction type to config/posting_rules.csv, or correct the journal.",2026-10-09T15:32:10
ING-20261004_154838,general_ledger,general_ledger.xlsx,Sheet1,121261,journal_id=JRN000060625|account_code=1010,DATA_VALIDATION,REFERENTIAL_INTEGRITY,transaction_type,FAIL,WARNING,MAINTENANCE,A value that exists in config/posting_rules.csv.transaction_type.,,,'MAINTENANCE' in 'transaction_type' does not exist in config/posting_rules.csv.transaction_type.,"Add a posting rule for this transaction type to config/posting_rules.csv, or correct the journal.",2026-10-09T15:32:10
ING-20261004_154838,general_ledger,general_ledger.xlsx,Sheet1,121270,journal_id=JRN000060630|account_code=6160,DATA_VALIDATION,REFERENTIAL_INTEGRITY,transaction_type,FAIL,WARNING,SECURITY,A value that exists in config/posting_rules.csv.transaction_type.,,,'SECURITY' in 'transaction_type' does not exist in config/posting_rules.csv.transaction_type.,"Add a posting rule for this transaction type to config/posting_rules.csv, or correct the journal.",2026-10-09T15:32:10
ING-20261004_154838,general_ledger,general_ledger.xlsx,Sheet1,121271,journal_id=JRN000060630|account_code=1010,DATA_VALIDATION,REFERENTIAL_INTEGRITY,transaction_type,FAIL,WARNING,SECURITY,A value that exists in config/posting_rules.csv.transaction_type.,,,'SECURITY' in 'transaction_type' does not exist in config/posting_rules.csv.transaction_type.,"Add a posting rule for this transaction type to config/posting_rules.csv, or correct the journal.",2026-10-09T15:32:10
ING-20261004_154838,general_ledger,general_ledger.xlsx,Sheet1,121272,journal_id=JRN000060631|account_code=6150,DATA_VALIDATION,REFERENTIAL_INTEGRITY,transaction_type,FAIL,WARNING,MAINTENANCE,A value that exists in config/posting_rules.csv.transaction_type.,,,'MAINTENANCE' in 'transaction_type' does not exist in config/posting_rules.csv.transaction_type.,"Add a posting rule for this transaction type to config/posting_rules.csv, or correct the journal.",2026-10-09T15:32:10
ING-20261004_154838,general_ledger,general_ledger.xlsx,Sheet1,121273,journal_id=JRN000060631|account_code=1010,DATA_VALIDATION,REFERENTIAL_INTEGRITY,transaction_type,FAIL,WARNING,MAINTENANCE,A value that exists in config/posting_rules.csv.transaction_type.,,,'MAINTENANCE' in 'transaction_type' does not exist in config/posting_rules.csv.transaction_type.,"Add a posting rule for this transaction type to config/posting_rules.csv, or correct the journal.",2026-10-09T15:32:10
ING-20261004_154838,general_ledger,general_ledger.xlsx,Sheet1,121282,journal_id=JRN000060636|account_code=6160,DATA_VALIDATION,REFERENTIAL_INTEGRITY,transaction_type,FAIL,WARNING,SECURITY,A value that exists in config/posting_rules.csv.transaction_type.,,,'SECURITY' in 'transaction_type' does not exist in config/posting_rules.csv.transaction_type.,"Add a posting rule for this transaction type to config/posting_rules.csv, or correct the journal.",2026-10-09T15:32:10
ING-20261004_154838,general_ledger,general_ledger.xlsx,Sheet1,121283,journal_id=JRN000060636|account_code=1010,DATA_VALIDATION,REFERENTIAL_INTEGRITY,transaction_type,FAIL,WARNING,SECURITY,A value that exists in config/posting_rules.csv.transaction_type.,,,'SECURITY' in 'transaction_type' does not exist in config/posting_rules.csv.transaction_type.,"Add a posting rule for this transaction type to config/posting_rules.csv, or correct the journal.",2026-10-09T15:32:10
ING-20261004_154838,general_ledger,general_ledger.xlsx,Sheet1,121284,journal_id=JRN000060637|account_code=6150,DATA_VALIDATION,REFERENTIAL_INTEGRITY,transaction_type,FAIL,WARNING,MAINTENANCE,A value that exists in config/posting_rules.csv.transaction_type.,,,'MAINTENANCE' in 'transaction_type' does not exist in config/posting_rules.csv.transaction_type.,"Add a posting rule for this transaction type to config/posting_rules.csv, or correct the journal.",2026-10-09T15:32:10
ING-20261004_154838,general_ledger,general_ledger.xlsx,Sheet1,121285,journal_id=JRN000060637|account_code=1010,DATA_VALIDATION,REFERENTIAL_INTEGRITY,transaction_type,FAIL,WARNING,MAINTENANCE,A value that exists in config/posting_rules.csv.transaction_type.,,,'MAINTENANCE' in 'transaction_type' does not exist in config/posting_rules.csv.transaction_type.,"Add a posting rule for this transaction type to config/posting_rules.csv, or correct the journal.",2026-10-09T15:32:10
ING-20261004_154838,general_ledger,general_ledger.xlsx,Sheet1,121294,journal_id=JRN000060642|account_code=6160,DATA_VALIDATION,REFERENTIAL_INTEGRITY,transaction_type,FAIL,WARNING,SECURITY,A value that exists in config/posting_rules.csv.transaction_type.,,,'SECURITY' in 'transaction_type' does not exist in config/posting_rules.csv.transaction_type.,"Add a posting rule for this transaction type to config/posting_rules.csv, or correct the journal.",2026-10-09T15:32:10
ING-20261004_154838,general_ledger,general_ledger.xlsx,Sheet1,121295,journal_id=JRN000060642|account_code=1010,DATA_VALIDATION,REFERENTIAL_INTEGRITY,transaction_type,FAIL,WARNING,SECURITY,A value that exists in config/posting_rules.csv.transaction_type.,,,'SECURITY' in 'transaction_type' does not exist in config/posting_rules.csv.transaction_type.,"Add a posting rule for this transaction type to config/posting_rules.csv, or correct the journal.",2026-10-09T15:32:10
ING-20261004_154838,general_ledger,general_ledger.xlsx,Sheet1,121296,journal_id=JRN000060643|account_code=6150,DATA_VALIDATION,REFERENTIAL_INTEGRITY,transaction_type,FAIL,WARNING,MAINTENANCE,A value that exists in config/posting_rules.csv.transaction_type.,,,'MAINTENANCE' in 'transaction_type' does not exist in config/posting_rules.csv.transaction_type.,"Add a posting rule for this transaction type to config/posting_rules.csv, or correct the journal.",2026-10-09T15:32:10
ING-20261004_154838,general_ledger,general_ledger.xlsx,Sheet1,121297,journal_id=JRN000060643|account_code=1010,DATA_VALIDATION,REFERENTIAL_INTEGRITY,transaction_type,FAIL,WARNING,MAINTENANCE,A value that exists in config/posting_rules.csv.transaction_type.,,,'MAINTENANCE' in 'transaction_type' does not exist in config/posting_rules.csv.transaction_type.,"Add a posting rule for this transaction type to config/posting_rules.csv, or correct the journal.",2026-10-09T15:32:10
ING-20261004_154838,general_ledger,general_ledger.xlsx,Sheet1,121306,journal_id=JRN000060648|account_code=6160,DATA_VALIDATION,REFERENTIAL_INTEGRITY,transaction_type,FAIL,WARNING,SECURITY,A value that exists in config/posting_rules.csv.transaction_type.,,,'SECURITY' in 'transaction_type' does not exist in config/posting_rules.csv.transaction_type.,"Add a posting rule for this transaction type to config/posting_rules.csv, or correct the journal.",2026-10-09T15:32:10
ING-20261004_154838,general_ledger,general_ledger.xlsx,Sheet1,121307,journal_id=JRN000060648|account_code=1010,DATA_VALIDATION,REFERENTIAL_INTEGRITY,transaction_type,FAIL,WARNING,SECURITY,A value that exists in config/posting_rules.csv.transaction_type.,,,'SECURITY' in 'transaction_type' does not exist in config/posting_rules.csv.transaction_type.,"Add a posting rule for this transaction type to config/posting_rules.csv, or correct the journal.",2026-10-09T15:32:10
ING-20261004_154838,general_ledger,general_ledger.xlsx,Sheet1,121308,journal_id=JRN000060649|account_code=6150,DATA_VALIDATION,REFERENTIAL_INTEGRITY,transaction_type,FAIL,WARNING,MAINTENANCE,A value that exists in config/posting_rules.csv.transaction_type.,,,'MAINTENANCE' in 'transaction_type' does not exist in config/posting_rules.csv.transaction_type.,"Add a posting rule for this transaction type to config/posting_rules.csv, or correct the journal.",2026-10-09T15:32:10
ING-20261004_154838,general_ledger,general_ledger.xlsx,Sheet1,121309,journal_id=JRN000060649|account_code=1010,DATA_VALIDATION,REFERENTIAL_INTEGRITY,transaction_type,FAIL,WARNING,MAINTENANCE,A value that exists in config/posting_rules.csv.transaction_type.,,,'MAINTENANCE' in 'transaction_type' does not exist in config/posting_rules.csv.transaction_type.,"Add a posting rule for this transaction type to config/posting_rules.csv, or correct the journal.",2026-10-09T15:32:10
ING-20261004_154838,general_ledger,general_ledger.xlsx,Sheet1,121318,journal_id=JRN000060654|account_code=6160,DATA_VALIDATION,REFERENTIAL_INTEGRITY,transaction_type,FAIL,WARNING,SECURITY,A value that exists in config/posting_rules.csv.transaction_type.,,,'SECURITY' in 'transaction_type' does not exist in config/posting_rules.csv.transaction_type.,"Add a posting rule for this transaction type to config/posting_rules.csv, or correct the journal.",2026-10-09T15:32:10
ING-20261004_154838,general_ledger,general_ledger.xlsx,Sheet1,121319,journal_id=JRN000060654|account_code=1010,DATA_VALIDATION,REFERENTIAL_INTEGRITY,transaction_type,FAIL,WARNING,SECURITY,A value that exists in config/posting_rules.csv.transaction_type.,,,'SECURITY' in 'transaction_type' does not exist in config/posting_rules.csv.transaction_type.,"Add a posting rule for this transaction type to config/posting_rules.csv, or correct the journal.",2026-10-09T15:32:10
ING-20261004_154838,general_ledger,general_ledger.xlsx,Sheet1,121320,journal_id=JRN000060655|account_code=6150,DATA_VALIDATION,REFERENTIAL_INTEGRITY,transaction_type,FAIL,WARNING,MAINTENANCE,A value that exists in config/posting_rules.csv.transaction_type.,,,'MAINTENANCE' in 'transaction_type' does not exist in config/posting_rules.csv.transaction_type.,"Add a posting rule for this transaction type to config/posting_rules.csv, or correct the journal.",2026-10-09T15:32:10
ING-20261004_154838,general_ledger,general_ledger.xlsx,Sheet1,121321,journal_id=JRN000060655|account_code=1010,DATA_VALIDATION,REFERENTIAL_INTEGRITY,transaction_type,FAIL,WARNING,MAINTENANCE,A value that exists in config/posting_rules.csv.transaction_type.,,,'MAINTENANCE' in 'transaction_type' does not exist in config/posting_rules.csv.transaction_type.,"Add a posting rule for this transaction type to config/posting_rules.csv, or correct the journal.",2026-10-09T15:32:10
ING-20261004_154838,general_ledger,general_ledger.xlsx,Sheet1,121330,journal_id=JRN000060660|account_code=6160,DATA_VALIDATION,REFERENTIAL_INTEGRITY,transaction_type,FAIL,WARNING,SECURITY,A value that exists in config/posting_rules.csv.transaction_type.,,,'SECURITY' in 'transaction_type' does not exist in config/posting_rules.csv.transaction_type.,"Add a posting rule for this transaction type to config/posting_rules.csv, or correct the journal.",2026-10-09T15:32:10
ING-20261004_154838,general_ledger,general_ledger.xlsx,Sheet1,121331,journal_id=JRN000060660|account_code=1010,DATA_VALIDATION,REFERENTIAL_INTEGRITY,transaction_type,FAIL,WARNING,SECURITY,A value that exists in config/posting_rules.csv.transaction_type.,,,'SECURITY' in 'transaction_type' does not exist in config/posting_rules.csv.transaction_type.,"Add a posting rule for this transaction type to config/posting_rules.csv, or correct the journal.",2026-10-09T15:32:10
ING-20261004_154838,general_ledger,general_ledger.xlsx,Sheet1,121332,journal_id=JRN000060661|account_code=6150,DATA_VALIDATION,REFERENTIAL_INTEGRITY,transaction_type,FAIL,WARNING,MAINTENANCE,A value that exists in config/posting_rules.csv.transaction_type.,,,'MAINTENANCE' in 'transaction_type' does not exist in config/posting_rules.csv.transaction_type.,"Add a posting rule for this transaction type to config/posting_rules.csv, or correct the journal.",2026-10-09T15:32:10
ING-20261004_154838,general_ledger,general_ledger.xlsx,Sheet1,121333,journal_id=JRN000060661|account_code=1010,DATA_VALIDATION,REFERENTIAL_INTEGRITY,transaction_type,FAIL,WARNING,MAINTENANCE,A value that exists in config/posting_rules.csv.transaction_type.,,,'MAINTENANCE' in 'transaction_type' does not exist in config/posting_rules.csv.transaction_type.,"Add a posting rule for this transaction type to config/posting_rules.csv, or correct the journal.",2026-10-09T15:32:10
ING-20261004_154838,general_ledger,general_ledger.xlsx,Sheet1,121342,journal_id=JRN000060666|account_code=6160,DATA_VALIDATION,REFERENTIAL_INTEGRITY,transaction_type,FAIL,WARNING,SECURITY,A value that exists in config/posting_rules.csv.transaction_type.,,,'SECURITY' in 'transaction_type' does not exist in config/posting_rules.csv.transaction_type.,"Add a posting rule for this transaction type to config/posting_rules.csv, or correct the journal.",2026-10-09T15:32:10
ING-20261004_154838,general_ledger,general_ledger.xlsx,Sheet1,121343,journal_id=JRN000060666|account_code=1010,DATA_VALIDATION,REFERENTIAL_INTEGRITY,transaction_type,FAIL,WARNING,SECURITY,A value that exists in config/posting_rules.csv.transaction_type.,,,'SECURITY' in 'transaction_type' does not exist in config/posting_rules.csv.transaction_type.,"Add a posting rule for this transaction type to config/posting_rules.csv, or correct the journal.",2026-10-09T15:32:10
ING-20261004_154838,general_ledger,general_ledger.xlsx,Sheet1,2,journal_id=OPEN-001|account_code=1010,BUSINESS_RULE_VALIDATION,JOURNAL_BALANCE,journal_id,FAIL,ERROR,6500000.0,0,,,journal_id OPEN-001 does not balance: debit 6500000.0 vs credit 0.0 (difference 6500000.0).,Correct or complete the lines of journal_id OPEN-001 (starting at row 2) so that debits equal credits.,2026-10-09T15:32:10
ING-20261004_154838,general_ledger,general_ledger.xlsx,Sheet1,3,journal_id=OPEN-002|account_code=1200,BUSINESS_RULE_VALIDATION,JOURNAL_BALANCE,journal_id,FAIL,ERROR,8500000.0,0,,,journal_id OPEN-002 does not balance: debit 8500000.0 vs credit 0.0 (difference 8500000.0).,Correct or complete the lines of journal_id OPEN-002 (starting at row 3) so that debits equal credits.,2026-10-09T15:32:10
ING-20261004_154838,general_ledger,general_ledger.xlsx,Sheet1,4,journal_id=OPEN-003|account_code=1500,BUSINESS_RULE_VALIDATION,JOURNAL_BALANCE,journal_id,FAIL,ERROR,12000000.0,0,,,journal_id OPEN-003 does not balance: debit 12000000.0 vs credit 0.0 (difference 12000000.0).,Correct or complete the lines of journal_id OPEN-003 (starting at row 4) so that debits equal credits.,2026-10-09T15:32:10
ING-20261004_154838,general_ledger,general_ledger.xlsx,Sheet1,5,journal_id=OPEN-004|account_code=1510,BUSINESS_RULE_VALIDATION,JOURNAL_BALANCE,journal_id,FAIL,ERROR,4500000.0,0,,,journal_id OPEN-004 does not balance: debit 4500000.0 vs credit 0.0 (difference 4500000.0).,Correct or complete the lines of journal_id OPEN-004 (starting at row 5) so that debits equal credits.,2026-10-09T15:32:10
ING-20261004_154838,general_ledger,general_ledger.xlsx,Sheet1,6,journal_id=OPEN-005|account_code=1520,BUSINESS_RULE_VALIDATION,JOURNAL_BALANCE,journal_id,FAIL,ERROR,1800000.0,0,,,journal_id OPEN-005 does not balance: debit 1800000.0 vs credit 0.0 (difference 1800000.0).,Correct or complete the lines of journal_id OPEN-005 (starting at row 6) so that debits equal credits.,2026-10-09T15:32:10
ING-20261004_154838,general_ledger,general_ledger.xlsx,Sheet1,7,journal_id=OPEN-006|account_code=1590,BUSINESS_RULE_VALIDATION,JOURNAL_BALANCE,journal_id,FAIL,ERROR,-3000000.0,0,,,journal_id OPEN-006 does not balance: debit 0.0 vs credit 3000000.0 (difference -3000000.0).,Correct or complete the lines of journal_id OPEN-006 (starting at row 7) so that debits equal credits.,2026-10-09T15:32:10
ING-20261004_154838,general_ledger,general_ledger.xlsx,Sheet1,8,journal_id=OPEN-007|account_code=2000,BUSINESS_RULE_VALIDATION,JOURNAL_BALANCE,journal_id,FAIL,ERROR,-4500000.0,0,,,journal_id OPEN-007 does not balance: debit 0.0 vs credit 4500000.0 (difference -4500000.0).,Correct or complete the lines of journal_id OPEN-007 (starting at row 8) so that debits equal credits.,2026-10-09T15:32:10
ING-20261004_154838,general_ledger,general_ledger.xlsx,Sheet1,9,journal_id=OPEN-008|account_code=2200,BUSINESS_RULE_VALIDATION,JOURNAL_BALANCE,journal_id,FAIL,ERROR,-6000000.0,0,,,journal_id OPEN-008 does not balance: debit 0.0 vs credit 6000000.0 (difference -6000000.0).,Correct or complete the lines of journal_id OPEN-008 (starting at row 9) so that debits equal credits.,2026-10-09T15:32:10
ING-20261004_154838,general_ledger,general_ledger.xlsx,Sheet1,10,journal_id=OPEN-009|account_code=3000,BUSINESS_RULE_VALIDATION,JOURNAL_BALANCE,journal_id,FAIL,ERROR,-10000000.0,0,,,journal_id OPEN-009 does not balance: debit 0.0 vs credit 10000000.0 (difference -10000000.0).,Correct or complete the lines of journal_id OPEN-009 (starting at row 10) so that debits equal credits.,2026-10-09T15:32:10
ING-20261004_154838,general_ledger,general_ledger.xlsx,Sheet1,11,journal_id=OPEN-010|account_code=3100,BUSINESS_RULE_VALIDATION,JOURNAL_BALANCE,journal_id,FAIL,ERROR,-9800000.0,0,,,journal_id OPEN-010 does not balance: debit 0.0 vs credit 9800000.0 (difference -9800000.0).,Correct or complete the lines of journal_id OPEN-010 (starting at row 11) so that debits equal credits.,2026-10-09T15:32:10
ING-20261004_154838,general_ledger,general_ledger.xlsx,Sheet1,,,DATA_VALIDATION,REFERENTIAL_INTEGRITY,transaction_type,FAIL,WARNING,682 failures,,,,682 failures in total; only the first 500 are listed individually.,The issue affects many rows - check for a systematic cause in the source extract.,2026-10-09T15:32:10
